2026-04-20 13:53:04,653 [INFO] from com.jpro.activity in scala-execution-context-global-34 - Starting the server
2026-04-20 13:53:04,655 [INFO] from com.jpro.internal.server.JProInitializer$ in scala-execution-context-global-34 -  *** Starting JPro: https://www.jpro.one/ ***
2026-04-20 13:53:04,655 [INFO] from com.jpro.internal.server.JProInitializer$ in scala-execution-context-global-34 - OS: Mac OS X
2026-04-20 13:53:04,659 [INFO] from com.jpro.internal.server.JProInitializer$ in scala-execution-context-global-34 - JPro: 2026.1.1
2026-04-20 13:53:04,659 [INFO] from com.jpro.internal.server.JProInitializer$ in scala-execution-context-global-34 - Java version: 25
2026-04-20 13:53:04,659 [INFO] from com.jpro.internal.server.JProInitializer$ in scala-execution-context-global-34 - JVM: 25 Azul Systems, Inc.
2026-04-20 13:53:04,660 [INFO] from com.jpro.internal.server.JProInitializer$ in scala-execution-context-global-34 - JavaFX jar: jrt:/javafx.graphics
2026-04-20 13:53:04,661 [INFO] from com.jpro.internal.server.JProInitializer$ in scala-execution-context-global-34 - Configuring logging from url: 'jar:file:/Users/lemmi/.m2/repository/one/jpro/jpro-server_2.12/2026.1.1/jpro-server_2.12-2026.1.1.jar!/logback-jpro-default.xml'
2026-04-20 13:53:04,691 [ERROR] from com.jpro.internal.server.JProInitializer$ in scala-execution-context-global-34 - JavaFX classes are loaded by the SystemClassLoader. This typically happens, when using a JDK/JRE which bundles JavaFX. Please use a JDK/JRE which does not bundle JavaFX.
2026-04-20 13:53:19,742 [INFO] from com.jpro.activity in scala-execution-context-global-34 - Starting the server
2026-04-20 13:53:19,744 [INFO] from com.jpro.internal.server.JProInitializer$ in scala-execution-context-global-34 -  *** Starting JPro: https://www.jpro.one/ ***
2026-04-20 13:53:19,744 [INFO] from com.jpro.internal.server.JProInitializer$ in scala-execution-context-global-34 - OS: Mac OS X
2026-04-20 13:53:19,747 [INFO] from com.jpro.internal.server.JProInitializer$ in scala-execution-context-global-34 - JPro: 2026.1.1
2026-04-20 13:53:19,747 [INFO] from com.jpro.internal.server.JProInitializer$ in scala-execution-context-global-34 - Java version: 25
2026-04-20 13:53:19,747 [INFO] from com.jpro.internal.server.JProInitializer$ in scala-execution-context-global-34 - JVM: 25 Azul Systems, Inc.
2026-04-20 13:53:19,748 [INFO] from com.jpro.internal.server.JProInitializer$ in scala-execution-context-global-34 - JavaFX jar: jrt:/javafx.graphics
2026-04-20 13:53:19,749 [INFO] from com.jpro.internal.server.JProInitializer$ in scala-execution-context-global-34 - Configuring logging from url: 'jar:file:/Users/lemmi/.m2/repository/one/jpro/jpro-server_2.12/2026.1.1/jpro-server_2.12-2026.1.1.jar!/logback-jpro-default.xml'
2026-04-20 13:53:19,765 [ERROR] from com.jpro.internal.server.JProInitializer$ in scala-execution-context-global-34 - JavaFX classes are loaded by the SystemClassLoader. This typically happens, when using a JDK/JRE which bundles JavaFX. Please use a JDK/JRE which does not bundle JavaFX.
2026-04-20 13:53:55,673 [INFO] from com.jpro.activity in scala-execution-context-global-34 - Starting the server
2026-04-20 13:53:55,675 [INFO] from com.jpro.internal.server.JProInitializer$ in scala-execution-context-global-34 -  *** Starting JPro: https://www.jpro.one/ ***
2026-04-20 13:53:55,675 [INFO] from com.jpro.internal.server.JProInitializer$ in scala-execution-context-global-34 - OS: Mac OS X
2026-04-20 13:53:55,678 [INFO] from com.jpro.internal.server.JProInitializer$ in scala-execution-context-global-34 - JPro: 2026.1.1
2026-04-20 13:53:55,678 [INFO] from com.jpro.internal.server.JProInitializer$ in scala-execution-context-global-34 - Java version: 25
2026-04-20 13:53:55,678 [INFO] from com.jpro.internal.server.JProInitializer$ in scala-execution-context-global-34 - JVM: 25 Azul Systems, Inc.
2026-04-20 13:53:55,678 [INFO] from com.jpro.internal.server.JProInitializer$ in scala-execution-context-global-34 - JavaFX jar: jrt:/javafx.graphics
2026-04-20 13:53:55,679 [INFO] from com.jpro.internal.server.JProInitializer$ in scala-execution-context-global-34 - Configuring logging from url: 'jar:file:/Users/lemmi/.m2/repository/one/jpro/jpro-server_2.12/2026.1.1/jpro-server_2.12-2026.1.1.jar!/logback-jpro-default.xml'
2026-04-20 13:53:55,689 [ERROR] from com.jpro.internal.server.JProInitializer$ in scala-execution-context-global-34 - JavaFX classes are loaded by the SystemClassLoader. This typically happens, when using a JDK/JRE which bundles JavaFX. Please use a JDK/JRE which does not bundle JavaFX.
2026-04-20 13:54:52,423 [INFO] from com.jpro.activity in scala-execution-context-global-34 - Starting the server
2026-04-20 13:54:52,424 [INFO] from com.jpro.internal.server.JProInitializer$ in scala-execution-context-global-34 -  *** Starting JPro: https://www.jpro.one/ ***
2026-04-20 13:54:52,424 [INFO] from com.jpro.internal.server.JProInitializer$ in scala-execution-context-global-34 - OS: Mac OS X
2026-04-20 13:54:52,427 [INFO] from com.jpro.internal.server.JProInitializer$ in scala-execution-context-global-34 - JPro: 2026.1.1
2026-04-20 13:54:52,427 [INFO] from com.jpro.internal.server.JProInitializer$ in scala-execution-context-global-34 - Java version: 25
2026-04-20 13:54:52,427 [INFO] from com.jpro.internal.server.JProInitializer$ in scala-execution-context-global-34 - JVM: 25 Azul Systems, Inc.
2026-04-20 13:54:52,428 [INFO] from com.jpro.internal.server.JProInitializer$ in scala-execution-context-global-34 - JavaFX jar: jrt:/javafx.graphics
2026-04-20 13:54:52,429 [INFO] from com.jpro.internal.server.JProInitializer$ in scala-execution-context-global-34 - Configuring logging from url: 'jar:file:/Users/lemmi/.m2/repository/one/jpro/jpro-server_2.12/2026.1.1/jpro-server_2.12-2026.1.1.jar!/logback-jpro-default.xml'
2026-04-20 13:54:52,442 [ERROR] from com.jpro.internal.server.JProInitializer$ in scala-execution-context-global-34 - JavaFX classes are loaded by the SystemClassLoader. This typically happens, when using a JDK/JRE which bundles JavaFX. Please use a JDK/JRE which does not bundle JavaFX.
2026-04-20 13:59:12,091 [INFO] from com.jpro.activity in scala-execution-context-global-34 - Starting the server
2026-04-20 13:59:12,092 [INFO] from com.jpro.internal.server.JProInitializer$ in scala-execution-context-global-34 -  *** Starting JPro: https://www.jpro.one/ ***
2026-04-20 13:59:12,092 [INFO] from com.jpro.internal.server.JProInitializer$ in scala-execution-context-global-34 - OS: Mac OS X
2026-04-20 13:59:12,096 [INFO] from com.jpro.internal.server.JProInitializer$ in scala-execution-context-global-34 - JPro: 2026.1.1
2026-04-20 13:59:12,096 [INFO] from com.jpro.internal.server.JProInitializer$ in scala-execution-context-global-34 - Java version: 25
2026-04-20 13:59:12,096 [INFO] from com.jpro.internal.server.JProInitializer$ in scala-execution-context-global-34 - JVM: 25 Azul Systems, Inc.
2026-04-20 13:59:12,096 [INFO] from com.jpro.internal.server.JProInitializer$ in scala-execution-context-global-34 - JavaFX jar: jrt:/javafx.graphics
2026-04-20 13:59:12,097 [INFO] from com.jpro.internal.server.JProInitializer$ in scala-execution-context-global-34 - Configuring logging from url: 'jar:file:/Users/lemmi/.m2/repository/one/jpro/jpro-server_2.12/2026.1.1/jpro-server_2.12-2026.1.1.jar!/logback-jpro-default.xml'
2026-04-20 13:59:12,112 [ERROR] from com.jpro.internal.server.JProInitializer$ in scala-execution-context-global-34 - JavaFX classes are loaded by the SystemClassLoader. This typically happens, when using a JDK/JRE which bundles JavaFX. Please use a JDK/JRE which does not bundle JavaFX.
2026-04-20 13:59:42,572 [INFO] from com.jpro.activity in scala-execution-context-global-34 - Starting the server
2026-04-20 13:59:42,574 [INFO] from com.jpro.internal.server.JProInitializer$ in scala-execution-context-global-34 -  *** Starting JPro: https://www.jpro.one/ ***
2026-04-20 13:59:42,574 [INFO] from com.jpro.internal.server.JProInitializer$ in scala-execution-context-global-34 - OS: Mac OS X
2026-04-20 13:59:42,577 [INFO] from com.jpro.internal.server.JProInitializer$ in scala-execution-context-global-34 - JPro: 2026.1.1
2026-04-20 13:59:42,577 [INFO] from com.jpro.internal.server.JProInitializer$ in scala-execution-context-global-34 - Java version: 25
2026-04-20 13:59:42,577 [INFO] from com.jpro.internal.server.JProInitializer$ in scala-execution-context-global-34 - JVM: 25 Azul Systems, Inc.
2026-04-20 13:59:42,578 [INFO] from com.jpro.internal.server.JProInitializer$ in scala-execution-context-global-34 - JavaFX jar: jrt:/javafx.graphics
2026-04-20 13:59:42,578 [INFO] from com.jpro.internal.server.JProInitializer$ in scala-execution-context-global-34 - Configuring logging from url: 'jar:file:/Users/lemmi/.m2/repository/one/jpro/jpro-server_2.12/2026.1.1/jpro-server_2.12-2026.1.1.jar!/logback-jpro-default.xml'
2026-04-20 13:59:42,591 [ERROR] from com.jpro.internal.server.JProInitializer$ in scala-execution-context-global-34 - JavaFX classes are loaded by the SystemClassLoader. This typically happens, when using a JDK/JRE which bundles JavaFX. Please use a JDK/JRE which does not bundle JavaFX.
2026-04-20 14:02:43,512 [INFO] from com.jpro.activity in scala-execution-context-global-40 - Starting the server
2026-04-20 14:02:43,514 [INFO] from com.jpro.internal.server.JProInitializer$ in scala-execution-context-global-40 -  *** Starting JPro: https://www.jpro.one/ ***
2026-04-20 14:02:43,514 [INFO] from com.jpro.internal.server.JProInitializer$ in scala-execution-context-global-40 - OS: Mac OS X
2026-04-20 14:02:43,520 [INFO] from com.jpro.internal.server.JProInitializer$ in scala-execution-context-global-40 - JPro: 2026.1.1
2026-04-20 14:02:43,520 [INFO] from com.jpro.internal.server.JProInitializer$ in scala-execution-context-global-40 - Java version: 26
2026-04-20 14:02:43,520 [INFO] from com.jpro.internal.server.JProInitializer$ in scala-execution-context-global-40 - JVM: 26 Azul Systems, Inc.
2026-04-20 14:02:43,522 [INFO] from com.jpro.internal.server.JProInitializer$ in scala-execution-context-global-40 - JavaFX jar: file:/Users/lemmi/.m2/repository/org/openjfx/javafx-graphics/25.0.2-jpro+1/javafx-graphics-25.0.2-jpro+1-mac-aarch64.jar
2026-04-20 14:02:43,523 [INFO] from com.jpro.internal.server.JProInitializer$ in scala-execution-context-global-40 - Configuring logging from url: 'jar:file:/Users/lemmi/.m2/repository/one/jpro/jpro-server_2.12/2026.1.1/jpro-server_2.12-2026.1.1.jar!/logback-jpro-default.xml'
2026-04-20 14:02:43,908 [INFO] from com.jpro.internal.server.JProInitializer$ in JavaFX Application Thread - JavaFX version: 25.0.2-jpro+1
2026-04-20 14:02:44,020 [INFO] from com.jpro.internal.server.JProInitializer$ in scala-execution-context-global-40 - finished init!
2026-04-20 14:02:44,022 [INFO] from com.jpro.internal.server.JProInitializer$ in scala-execution-context-global-40 - [JPro] -> Server started: {start_time: 1776686563509, os_name: Mac OS X, jpro_version: 2026.1.1, pid: 37459, servername: K929}
2026-04-20 14:02:44,063 [INFO] from com.jpro.internal.server.Route$ in Thread-0 - Creating routing for JPro server
2026-04-20 14:02:44,088 [INFO] from io.helidon.common.features.HelidonFeatures in features-thread - Helidon SE 4.2.6 features: [Config, Encoding, Media, Metrics, Registry, WebServer, WebSocket]
2026-04-20 14:02:44,092 [INFO] from io.helidon.webserver.ServerListener in start @default (/0.0.0.0:8099) - [0x68056ea0] http://0.0.0.0:8099 bound for socket '@default'
2026-04-20 14:02:44,094 [INFO] from io.helidon.webserver.LoomServer in Thread-0 - Started all channels in 8 milliseconds. 1954 milliseconds since JVM startup. Java 26+35
2026-04-20 14:02:45,138 [WARN] from com.jpro.internal.server.Route$ in [0x68056ea0 0x54127bc1] WebServer socket - jpro.plainFile - Couldn't get resource for: 'jpro/html/apple-touch-icon-precomposed.png'
2026-04-20 14:02:45,152 [INFO] from com.jpro.internal.server.JProWSEndpoint in [0x68056ea0 0x4df5aa03] WebServer socket - application requested: default params: Map()
2026-04-20 14:02:45,153 [INFO] from com.jpro.internal.server.JProWSEndpoint in [0x68056ea0 0x4df5aa03] WebServer socket - Creating Application: default
2026-04-20 14:02:45,153 [INFO] from com.jpro.internal.server.JProWSEndpoint in [0x68056ea0 0x4df5aa03] WebServer socket - remoteAddress 0:0:0:0:0:0:0:1
2026-04-20 14:02:45,153 [INFO] from com.jpro.internal.server.JProWSEndpoint in [0x68056ea0 0x4df5aa03] WebServer socket - host          
2026-04-20 14:02:45,153 [INFO] from com.jpro.internal.server.JProWSEndpoint in [0x68056ea0 0x4df5aa03] WebServer socket - uri           /app/ws/default
2026-04-20 14:02:45,158 [INFO] from com.jpro.internal.server.JProWSEndpoint in [0x68056ea0 0x4df5aa03] WebServer socket - Application found.
2026-04-20 14:02:45,179 [INFO] from com.jpro.internal.server.JProWSEndpoint in [0x68056ea0 0x4df5aa03] WebServer socket - Handshake received: 1fc848e7be83856bef963b103116f03f
2026-04-20 14:02:45,211 [WARN] from com.jpro.internal.server.Route$ in [0x68056ea0 0x54127bc1] WebServer socket - jpro.plainFile - Couldn't get resource for: 'jpro/html/apple-touch-icon.png'
2026-04-20 14:02:45,268 [INFO] from com.jpro.internal.stats.ViewInfo$ in JavaFX Application Thread - [JPro] -> View created: {app_name: default, host_name: localhost:8099, instance_id: 28dk5nr34j9x638x07q95vaj5, browser: Safari 605.1.15, browser_url: http://localhost:8099/, client_ip: 0:0:0:0:0:0:0:1}
2026-04-20 14:02:45,426 [INFO] from com.flexganttfx.config in JavaFX Application Thread - FlexGanttFX Version: 11.12.8
2026-04-20 14:02:45,686 [INFO] from com.jpro.internal.communicator.InstanceImpl in JavaFX Application Thread - [JPro] -> Instance created: {app_name: default, host_name: localhost:8099, instance_id: 28dk5nr34j9x638x07q95vaj5, browser: Safari 605.1.15, browser_url: http://localhost:8099/, client_ip: 0:0:0:0:0:0:0:1}
2026-04-20 14:03:28,542 [INFO] from devtoolsfx.connector.LocalConnector in JavaFX Application Thread - LocalConnector started
2026-04-20 14:03:53,200 [INFO] from com.flexganttfx.emirates.model.DataModel in Thread-32 - done reading
2026-04-20 14:03:53,200 [INFO] from com.flexganttfx.emirates.model.DataModel in Thread-32 - returned from unmarshalling
2026-04-20 14:03:53,205 [INFO] from com.flexganttfx.emirates.model.DataModel in Thread-32 - yahoo
2026-04-20 14:03:53,205 [INFO] from com.flexganttfx.emirates.model.DataModel in Thread-32 - done unzipping and unmarshalling
2026-04-20 14:04:05,544 [INFO] from com.flexganttfx.emirates.model.DataModel in Thread-34 - done reading
2026-04-20 14:04:05,544 [INFO] from com.flexganttfx.emirates.model.DataModel in Thread-34 - returned from unmarshalling
2026-04-20 14:04:05,600 [INFO] from com.flexganttfx.emirates.model.DataModel in Thread-34 - yahoo
2026-04-20 14:04:05,600 [INFO] from com.flexganttfx.emirates.model.DataModel in Thread-34 - done unzipping and unmarshalling
2026-04-20 14:15:02,834 [INFO] from com.jpro.internal.server.JProWSEndpoint in [0x68056ea0 0x4df5aa03] WebServer socket - Frame received after poison, ignoring
2026-04-20 14:15:02,835 [INFO] from com.jpro.internal.server.JProWSEndpoint in [0x68056ea0 0x4df5aa03] WebServer socket - WebSocket for [default] closed: 1001 – normal
2026-04-20 14:15:02,842 [INFO] from com.jpro.internal.stats.ViewInfo$ in JavaFX Application Thread - [JPro] -> View closed: {app_name: default, host_name: localhost:8099, instance_id: 28dk5nr34j9x638x07q95vaj5, browser: Safari 605.1.15, browser_url: http://localhost:8099/, client_ip: 0:0:0:0:0:0:0:1, reason: tab-closed}
2026-04-20 14:15:03,373 [INFO] from com.jpro.internal.stats.ViewInfo$ in JavaFX Application Thread - 
2026-04-20 14:15:03,373 [INFO] from com.jpro.internal.stats.ViewInfo$ in JavaFX Application Thread - Application closed:
2026-04-20 14:15:03,382 [INFO] from com.jpro.internal.stats.ViewInfo$ in JavaFX Application Thread - startTime      : Mon Apr 20 14:02:45 CEST 2026      
2026-04-20 14:15:03,382 [INFO] from com.jpro.internal.stats.ViewInfo$ in JavaFX Application Thread - duration       : 00:12:17.588 
2026-04-20 14:15:03,382 [INFO] from com.jpro.internal.stats.ViewInfo$ in JavaFX Application Thread - averageLatency : 00:00:00.002 
2026-04-20 14:15:03,382 [INFO] from com.jpro.internal.stats.ViewInfo$ in JavaFX Application Thread - averageJitter  : 00:00:00.000  
2026-04-20 14:15:03,382 [INFO] from com.jpro.internal.stats.ViewInfo$ in JavaFX Application Thread - framerateServer: 00:00:00.000
2026-04-20 14:15:03,382 [INFO] from com.jpro.internal.stats.ViewInfo$ in JavaFX Application Thread - framerateClient: 00:00:00.000
2026-04-20 14:15:03,382 [INFO] from com.jpro.internal.stats.ViewInfo$ in JavaFX Application Thread - raw            : 151796229
2026-04-20 14:15:03,382 [INFO] from com.jpro.internal.stats.ViewInfo$ in JavaFX Application Thread - zipped         : 35795543
2026-04-20 14:15:03,382 [INFO] from com.jpro.internal.stats.ViewInfo$ in JavaFX Application Thread - 
2026-04-20 14:15:03,834 [INFO] from com.jpro.internal.communicator.InstanceImpl in JavaFX Application Thread - [JPro] -> Instance closed: {app_name: default, host_name: localhost:8099, instance_id: 28dk5nr34j9x638x07q95vaj5, browser: Safari 605.1.15, browser_url: http://localhost:8099/, client_ip: 0:0:0:0:0:0:0:1, reason: close-tab-closed}
2026-04-20 14:16:49,510 [INFO] from io.helidon.Main in helidon-shutdown-thread - Shutdown requested by JVM shutting down
2026-04-20 14:16:49,511 [INFO] from io.helidon.webserver.ServerListener in server-@default-listener - [0x68056ea0] @default socket closed.
2026-04-20 14:16:49,512 [INFO] from io.helidon.Main in helidon-shutdown-thread - Shutdown finished
2026-04-20 14:16:49,931 [INFO] from com.jpro.activity in scala-execution-context-global-34 - Starting the server
2026-04-20 14:16:49,932 [INFO] from com.jpro.internal.server.JProInitializer$ in scala-execution-context-global-34 -  *** Starting JPro: https://www.jpro.one/ ***
2026-04-20 14:16:49,932 [INFO] from com.jpro.internal.server.JProInitializer$ in scala-execution-context-global-34 - OS: Mac OS X
2026-04-20 14:16:49,936 [INFO] from com.jpro.internal.server.JProInitializer$ in scala-execution-context-global-34 - JPro: 2026.1.1
2026-04-20 14:16:49,936 [INFO] from com.jpro.internal.server.JProInitializer$ in scala-execution-context-global-34 - Java version: 25
2026-04-20 14:16:49,936 [INFO] from com.jpro.internal.server.JProInitializer$ in scala-execution-context-global-34 - JVM: 25 Azul Systems, Inc.
2026-04-20 14:16:49,937 [INFO] from com.jpro.internal.server.JProInitializer$ in scala-execution-context-global-34 - JavaFX jar: file:/Users/lemmi/.m2/repository/org/openjfx/javafx-graphics/25.0.2-jpro+1/javafx-graphics-25.0.2-jpro+1-mac-aarch64.jar
2026-04-20 14:16:49,940 [INFO] from com.jpro.internal.server.JProInitializer$ in scala-execution-context-global-34 - Configuring logging from url: 'jar:file:/Users/lemmi/.m2/repository/one/jpro/jpro-server_2.12/2026.1.1/jpro-server_2.12-2026.1.1.jar!/logback-jpro-default.xml'
2026-04-20 14:16:50,231 [INFO] from com.jpro.internal.server.JProInitializer$ in JavaFX Application Thread - JavaFX version: 25.0.2-jpro+1
2026-04-20 14:16:50,290 [INFO] from com.jpro.internal.server.JProInitializer$ in scala-execution-context-global-34 - finished init!
2026-04-20 14:16:50,292 [INFO] from com.jpro.internal.server.JProInitializer$ in scala-execution-context-global-34 - [JPro] -> Server started: {start_time: 1776687409929, os_name: Mac OS X, jpro_version: 2026.1.1, pid: 39070, servername: I1}
2026-04-20 14:16:50,335 [INFO] from com.jpro.internal.server.Route$ in Thread-0 - Creating routing for JPro server
2026-04-20 14:16:50,360 [INFO] from io.helidon.common.features.HelidonFeatures in features-thread - Helidon SE 4.2.6 features: [Config, Encoding, Media, Metrics, Registry, WebServer, WebSocket]
2026-04-20 14:16:50,364 [INFO] from io.helidon.webserver.ServerListener in start @default (/0.0.0.0:8099) - [0x2384f7e6] http://0.0.0.0:8099 bound for socket '@default'
2026-04-20 14:16:50,367 [INFO] from io.helidon.webserver.LoomServer in Thread-0 - Started all channels in 7 milliseconds. 835 milliseconds since JVM startup. Java 25+36-LTS
2026-04-20 14:16:50,946 [WARN] from io.helidon.webserver.http.DirectHandlers in [0x2384f7e6 0x5b1806af] WebServer socket - Internal server error
io.helidon.http.RequestException: assertion failed: Access to file:/var/folders/mm/6t26yvjx36b58td313l73tvc0000gn/T/jpro-2276444bf9601d3e9ef882e182285fe0.png is forbidden!
	at io.helidon.http.RequestException$Builder.build(RequestException.java:139)
	at io.helidon.webserver.http.ErrorHandlers.unhandledError(ErrorHandlers.java:204)
	at io.helidon.webserver.http.ErrorHandlers.lambda$handleError$1(ErrorHandlers.java:179)
	at java.base/java.util.Optional.ifPresentOrElse(Optional.java:198)
	at io.helidon.webserver.http.ErrorHandlers.handleError(ErrorHandlers.java:178)
	at io.helidon.webserver.http.ErrorHandlers.runWithErrorHandling(ErrorHandlers.java:118)
	at io.helidon.webserver.http.Filters.filter(Filters.java:83)
	at io.helidon.webserver.http.HttpRoutingImpl.route(HttpRoutingImpl.java:74)
	at io.helidon.webserver.http1.Http1Connection.route(Http1Connection.java:544)
	at io.helidon.webserver.http1.Http1Connection.handle(Http1Connection.java:224)
	at io.helidon.webserver.ConnectionHandler.run(ConnectionHandler.java:176)
	at io.helidon.common.task.InterruptableTask.call(InterruptableTask.java:47)
	at io.helidon.webserver.ThreadPerTaskExecutor$ThreadBoundFuture.run(ThreadPerTaskExecutor.java:239)
	at java.base/java.lang.VirtualThread.run(VirtualThread.java:456)
Caused by: java.lang.AssertionError: assertion failed: Access to file:/var/folders/mm/6t26yvjx36b58td313l73tvc0000gn/T/jpro-2276444bf9601d3e9ef882e182285fe0.png is forbidden!
	at scala.Predef$.assert(Predef.scala:223)
	at com.jpro.internal.server.RouteResources.genURLFun(RouteResources.scala:128)
	at com.jpro.internal.server.RouteResources.genURLFun$(RouteResources.scala:111)
	at com.jpro.internal.server.Route$.genURLFun(Route.scala:38)
	at com.jpro.internal.server.RouteResources.genURL(RouteResources.scala:34)
	at com.jpro.internal.server.RouteResources.genURL$(RouteResources.scala:33)
	at com.jpro.internal.server.Route$.genURL(Route.scala:38)
	at com.jpro.internal.server.RouteResources.genURLName(RouteResources.scala:31)
	at com.jpro.internal.server.RouteResources.genURLName$(RouteResources.scala:30)
	at com.jpro.internal.server.Route$.genURLName(Route.scala:38)
	at com.jpro.internal.server.Route$$anon$1.$anonfun$routing$47(Route.scala:200)
	at com.jpro.internal.server.Route$.handleError(Route.scala:268)
	at com.jpro.internal.server.Route$$anon$1.$anonfun$routing$46(Route.scala:196)
	at io.helidon.webserver.http.HttpRoutingImpl$RoutingExecutor.doRoute(HttpRoutingImpl.java:173)
	at io.helidon.webserver.http.HttpRoutingImpl$RoutingExecutor.call(HttpRoutingImpl.java:132)
	at io.helidon.webserver.http.HttpRoutingImpl$RoutingExecutor.call(HttpRoutingImpl.java:110)
	at io.helidon.webserver.http.ErrorHandlers.runWithErrorHandling(ErrorHandlers.java:76)
	... 8 common frames omitted
2026-04-20 14:16:50,946 [WARN] from io.helidon.webserver.http.DirectHandlers in [0x2384f7e6 0x6301cd17] WebServer socket - Internal server error
io.helidon.http.RequestException: assertion failed: Access to file:/var/folders/mm/6t26yvjx36b58td313l73tvc0000gn/T/+JXF13472134211524384570.tmp is forbidden!
	at io.helidon.http.RequestException$Builder.build(RequestException.java:139)
	at io.helidon.webserver.http.ErrorHandlers.unhandledError(ErrorHandlers.java:204)
	at io.helidon.webserver.http.ErrorHandlers.lambda$handleError$1(ErrorHandlers.java:179)
	at java.base/java.util.Optional.ifPresentOrElse(Optional.java:198)
	at io.helidon.webserver.http.ErrorHandlers.handleError(ErrorHandlers.java:178)
	at io.helidon.webserver.http.ErrorHandlers.runWithErrorHandling(ErrorHandlers.java:118)
	at io.helidon.webserver.http.Filters.filter(Filters.java:83)
	at io.helidon.webserver.http.HttpRoutingImpl.route(HttpRoutingImpl.java:74)
	at io.helidon.webserver.http1.Http1Connection.route(Http1Connection.java:544)
	at io.helidon.webserver.http1.Http1Connection.handle(Http1Connection.java:224)
	at io.helidon.webserver.ConnectionHandler.run(ConnectionHandler.java:176)
	at io.helidon.common.task.InterruptableTask.call(InterruptableTask.java:47)
	at io.helidon.webserver.ThreadPerTaskExecutor$ThreadBoundFuture.run(ThreadPerTaskExecutor.java:239)
	at java.base/java.lang.VirtualThread.run(VirtualThread.java:456)
Caused by: java.lang.AssertionError: assertion failed: Access to file:/var/folders/mm/6t26yvjx36b58td313l73tvc0000gn/T/+JXF13472134211524384570.tmp is forbidden!
	at scala.Predef$.assert(Predef.scala:223)
	at com.jpro.internal.server.RouteResources.genURLFun(RouteResources.scala:128)
	at com.jpro.internal.server.RouteResources.genURLFun$(RouteResources.scala:111)
	at com.jpro.internal.server.Route$.genURLFun(Route.scala:38)
	at com.jpro.internal.server.RouteResources.genURL(RouteResources.scala:34)
	at com.jpro.internal.server.RouteResources.genURL$(RouteResources.scala:33)
	at com.jpro.internal.server.Route$.genURL(Route.scala:38)
	at com.jpro.internal.server.RouteResources.genURLName(RouteResources.scala:31)
	at com.jpro.internal.server.RouteResources.genURLName$(RouteResources.scala:30)
	at com.jpro.internal.server.Route$.genURLName(Route.scala:38)
	at com.jpro.internal.server.Route$$anon$1.$anonfun$routing$47(Route.scala:200)
	at com.jpro.internal.server.Route$.handleError(Route.scala:268)
	at com.jpro.internal.server.Route$$anon$1.$anonfun$routing$46(Route.scala:196)
	at io.helidon.webserver.http.HttpRoutingImpl$RoutingExecutor.doRoute(HttpRoutingImpl.java:173)
	at io.helidon.webserver.http.HttpRoutingImpl$RoutingExecutor.call(HttpRoutingImpl.java:132)
	at io.helidon.webserver.http.HttpRoutingImpl$RoutingExecutor.call(HttpRoutingImpl.java:110)
	at io.helidon.webserver.http.ErrorHandlers.runWithErrorHandling(ErrorHandlers.java:76)
	... 8 common frames omitted
2026-04-20 14:16:50,946 [WARN] from io.helidon.webserver.http.DirectHandlers in [0x2384f7e6 0x30e21436] WebServer socket - Internal server error
io.helidon.http.RequestException: assertion failed: Access to file:/var/folders/mm/6t26yvjx36b58td313l73tvc0000gn/T/+JXF3051339457011610491.tmp is forbidden!
	at io.helidon.http.RequestException$Builder.build(RequestException.java:139)
	at io.helidon.webserver.http.ErrorHandlers.unhandledError(ErrorHandlers.java:204)
	at io.helidon.webserver.http.ErrorHandlers.lambda$handleError$1(ErrorHandlers.java:179)
	at java.base/java.util.Optional.ifPresentOrElse(Optional.java:198)
	at io.helidon.webserver.http.ErrorHandlers.handleError(ErrorHandlers.java:178)
	at io.helidon.webserver.http.ErrorHandlers.runWithErrorHandling(ErrorHandlers.java:118)
	at io.helidon.webserver.http.Filters.filter(Filters.java:83)
	at io.helidon.webserver.http.HttpRoutingImpl.route(HttpRoutingImpl.java:74)
	at io.helidon.webserver.http1.Http1Connection.route(Http1Connection.java:544)
	at io.helidon.webserver.http1.Http1Connection.handle(Http1Connection.java:224)
	at io.helidon.webserver.ConnectionHandler.run(ConnectionHandler.java:176)
	at io.helidon.common.task.InterruptableTask.call(InterruptableTask.java:47)
	at io.helidon.webserver.ThreadPerTaskExecutor$ThreadBoundFuture.run(ThreadPerTaskExecutor.java:239)
	at java.base/java.lang.VirtualThread.run(VirtualThread.java:456)
Caused by: java.lang.AssertionError: assertion failed: Access to file:/var/folders/mm/6t26yvjx36b58td313l73tvc0000gn/T/+JXF3051339457011610491.tmp is forbidden!
	at scala.Predef$.assert(Predef.scala:223)
	at com.jpro.internal.server.RouteResources.genURLFun(RouteResources.scala:128)
	at com.jpro.internal.server.RouteResources.genURLFun$(RouteResources.scala:111)
	at com.jpro.internal.server.Route$.genURLFun(Route.scala:38)
	at com.jpro.internal.server.RouteResources.genURL(RouteResources.scala:34)
	at com.jpro.internal.server.RouteResources.genURL$(RouteResources.scala:33)
	at com.jpro.internal.server.Route$.genURL(Route.scala:38)
	at com.jpro.internal.server.RouteResources.genURLName(RouteResources.scala:31)
	at com.jpro.internal.server.RouteResources.genURLName$(RouteResources.scala:30)
	at com.jpro.internal.server.Route$.genURLName(Route.scala:38)
	at com.jpro.internal.server.Route$$anon$1.$anonfun$routing$47(Route.scala:200)
	at com.jpro.internal.server.Route$.handleError(Route.scala:268)
	at com.jpro.internal.server.Route$$anon$1.$anonfun$routing$46(Route.scala:196)
	at io.helidon.webserver.http.HttpRoutingImpl$RoutingExecutor.doRoute(HttpRoutingImpl.java:173)
	at io.helidon.webserver.http.HttpRoutingImpl$RoutingExecutor.call(HttpRoutingImpl.java:132)
	at io.helidon.webserver.http.HttpRoutingImpl$RoutingExecutor.call(HttpRoutingImpl.java:110)
	at io.helidon.webserver.http.ErrorHandlers.runWithErrorHandling(ErrorHandlers.java:76)
	... 8 common frames omitted
2026-04-20 14:16:50,946 [WARN] from io.helidon.webserver.http.DirectHandlers in [0x2384f7e6 0x194aeff8] WebServer socket - Internal server error
io.helidon.http.RequestException: assertion failed: Access to file:/var/folders/mm/6t26yvjx36b58td313l73tvc0000gn/T/+JXF1326975574504615970.tmp is forbidden!
	at io.helidon.http.RequestException$Builder.build(RequestException.java:139)
	at io.helidon.webserver.http.ErrorHandlers.unhandledError(ErrorHandlers.java:204)
	at io.helidon.webserver.http.ErrorHandlers.lambda$handleError$1(ErrorHandlers.java:179)
	at java.base/java.util.Optional.ifPresentOrElse(Optional.java:198)
	at io.helidon.webserver.http.ErrorHandlers.handleError(ErrorHandlers.java:178)
	at io.helidon.webserver.http.ErrorHandlers.runWithErrorHandling(ErrorHandlers.java:118)
	at io.helidon.webserver.http.Filters.filter(Filters.java:83)
	at io.helidon.webserver.http.HttpRoutingImpl.route(HttpRoutingImpl.java:74)
	at io.helidon.webserver.http1.Http1Connection.route(Http1Connection.java:544)
	at io.helidon.webserver.http1.Http1Connection.handle(Http1Connection.java:224)
	at io.helidon.webserver.ConnectionHandler.run(ConnectionHandler.java:176)
	at io.helidon.common.task.InterruptableTask.call(InterruptableTask.java:47)
	at io.helidon.webserver.ThreadPerTaskExecutor$ThreadBoundFuture.run(ThreadPerTaskExecutor.java:239)
	at java.base/java.lang.VirtualThread.run(VirtualThread.java:456)
Caused by: java.lang.AssertionError: assertion failed: Access to file:/var/folders/mm/6t26yvjx36b58td313l73tvc0000gn/T/+JXF1326975574504615970.tmp is forbidden!
	at scala.Predef$.assert(Predef.scala:223)
	at com.jpro.internal.server.RouteResources.genURLFun(RouteResources.scala:128)
	at com.jpro.internal.server.RouteResources.genURLFun$(RouteResources.scala:111)
	at com.jpro.internal.server.Route$.genURLFun(Route.scala:38)
	at com.jpro.internal.server.RouteResources.genURL(RouteResources.scala:34)
	at com.jpro.internal.server.RouteResources.genURL$(RouteResources.scala:33)
	at com.jpro.internal.server.Route$.genURL(Route.scala:38)
	at com.jpro.internal.server.RouteResources.genURLName(RouteResources.scala:31)
	at com.jpro.internal.server.RouteResources.genURLName$(RouteResources.scala:30)
	at com.jpro.internal.server.Route$.genURLName(Route.scala:38)
	at com.jpro.internal.server.Route$$anon$1.$anonfun$routing$47(Route.scala:200)
	at com.jpro.internal.server.Route$.handleError(Route.scala:268)
	at com.jpro.internal.server.Route$$anon$1.$anonfun$routing$46(Route.scala:196)
	at io.helidon.webserver.http.HttpRoutingImpl$RoutingExecutor.doRoute(HttpRoutingImpl.java:173)
	at io.helidon.webserver.http.HttpRoutingImpl$RoutingExecutor.call(HttpRoutingImpl.java:132)
	at io.helidon.webserver.http.HttpRoutingImpl$RoutingExecutor.call(HttpRoutingImpl.java:110)
	at io.helidon.webserver.http.ErrorHandlers.runWithErrorHandling(ErrorHandlers.java:76)
	... 8 common frames omitted
2026-04-20 14:16:51,495 [INFO] from com.jpro.internal.server.JProWSEndpoint in [0x2384f7e6 0x0a6d7847] WebServer socket - application requested: default params: Map()
2026-04-20 14:16:51,495 [INFO] from com.jpro.internal.server.JProWSEndpoint in [0x2384f7e6 0x0a6d7847] WebServer socket - Creating Application: default
2026-04-20 14:16:51,495 [INFO] from com.jpro.internal.server.JProWSEndpoint in [0x2384f7e6 0x0a6d7847] WebServer socket - remoteAddress 0:0:0:0:0:0:0:1
2026-04-20 14:16:51,495 [INFO] from com.jpro.internal.server.JProWSEndpoint in [0x2384f7e6 0x0a6d7847] WebServer socket - host          
2026-04-20 14:16:51,495 [INFO] from com.jpro.internal.server.JProWSEndpoint in [0x2384f7e6 0x0a6d7847] WebServer socket - uri           /app/ws/default
2026-04-20 14:16:51,499 [INFO] from com.jpro.internal.server.JProWSEndpoint in [0x2384f7e6 0x0a6d7847] WebServer socket - Application found.
2026-04-20 14:16:51,510 [INFO] from com.jpro.internal.server.JProWSEndpoint in [0x2384f7e6 0x0a6d7847] WebServer socket - Handshake received: 1fc848e7be83856bef963b103116f03f
2026-04-20 14:16:51,590 [INFO] from com.jpro.internal.stats.ViewInfo$ in JavaFX Application Thread - [JPro] -> View created: {app_name: default, host_name: localhost:8099, instance_id: 7a6565j219rbfjq4bhrkgzoqf, browser: Safari 605.1.15, browser_url: http://localhost:8099/, client_ip: 0:0:0:0:0:0:0:1}
2026-04-20 14:16:51,740 [INFO] from com.flexganttfx.config in JavaFX Application Thread - FlexGanttFX Version: 11.13.0
2026-04-20 14:16:51,996 [INFO] from com.jpro.internal.communicator.InstanceImpl in JavaFX Application Thread - [JPro] -> Instance created: {app_name: default, host_name: localhost:8099, instance_id: 7a6565j219rbfjq4bhrkgzoqf, browser: Safari 605.1.15, browser_url: http://localhost:8099/, client_ip: 0:0:0:0:0:0:0:1}
2026-04-20 14:16:57,738 [INFO] from com.flexganttfx.emirates.model.DataModel in Thread-32 - done reading
2026-04-20 14:16:57,738 [INFO] from com.flexganttfx.emirates.model.DataModel in Thread-32 - returned from unmarshalling
2026-04-20 14:16:57,744 [INFO] from com.flexganttfx.emirates.model.DataModel in Thread-32 - yahoo
2026-04-20 14:16:57,744 [INFO] from com.flexganttfx.emirates.model.DataModel in Thread-32 - done unzipping and unmarshalling
2026-04-20 14:18:25,773 [WARN] from javafx.css in JavaFX Application Thread - Could not resolve '-fx-accent' while resolving lookups for '-fx-icon-color' from rule '*.error *.ikonli-font-icon' in stylesheet file:/Users/lemmi/git/FlexGanttFX/FlexGanttFXShowcase/target/classes/com/flexganttfx/demo/gantt/row-header.css
2026-04-20 14:18:25,995 [WARN] from javafx.css in JavaFX Application Thread - Could not resolve '-fx-accent' while resolving lookups for '-fx-icon-color' from rule '*.error *.ikonli-font-icon' in stylesheet file:/Users/lemmi/git/FlexGanttFX/FlexGanttFXShowcase/target/classes/com/flexganttfx/demo/gantt/row-header.css
2026-04-20 14:18:25,997 [WARN] from javafx.css in JavaFX Application Thread - Could not resolve '-fx-accent' while resolving lookups for '-fx-icon-color' from rule '*.error *.ikonli-font-icon' in stylesheet file:/Users/lemmi/git/FlexGanttFX/FlexGanttFXShowcase/target/classes/com/flexganttfx/demo/gantt/row-header.css
2026-04-20 14:18:26,000 [WARN] from javafx.css in JavaFX Application Thread - Could not resolve '-fx-accent' while resolving lookups for '-fx-icon-color' from rule '*.error *.ikonli-font-icon' in stylesheet file:/Users/lemmi/git/FlexGanttFX/FlexGanttFXShowcase/target/classes/com/flexganttfx/demo/gantt/row-header.css
2026-04-20 14:18:26,001 [WARN] from javafx.css in JavaFX Application Thread - Could not resolve '-fx-accent' while resolving lookups for '-fx-icon-color' from rule '*.warning *.ikonli-font-icon' in stylesheet file:/Users/lemmi/git/FlexGanttFX/FlexGanttFXShowcase/target/classes/com/flexganttfx/demo/gantt/row-header.css
2026-04-20 14:18:26,002 [WARN] from javafx.css in JavaFX Application Thread - Could not resolve '-fx-accent' while resolving lookups for '-fx-icon-color' from rule '*.error *.ikonli-font-icon' in stylesheet file:/Users/lemmi/git/FlexGanttFX/FlexGanttFXShowcase/target/classes/com/flexganttfx/demo/gantt/row-header.css
2026-04-20 14:18:26,004 [WARN] from javafx.css in JavaFX Application Thread - Could not resolve '-fx-accent' while resolving lookups for '-fx-icon-color' from rule '*.warning *.ikonli-font-icon' in stylesheet file:/Users/lemmi/git/FlexGanttFX/FlexGanttFXShowcase/target/classes/com/flexganttfx/demo/gantt/row-header.css
2026-04-20 14:18:26,006 [WARN] from javafx.css in JavaFX Application Thread - Could not resolve '-fx-accent' while resolving lookups for '-fx-icon-color' from rule '*.error *.ikonli-font-icon' in stylesheet file:/Users/lemmi/git/FlexGanttFX/FlexGanttFXShowcase/target/classes/com/flexganttfx/demo/gantt/row-header.css
2026-04-20 14:18:26,008 [WARN] from javafx.css in JavaFX Application Thread - Could not resolve '-fx-accent' while resolving lookups for '-fx-icon-color' from rule '*.warning *.ikonli-font-icon' in stylesheet file:/Users/lemmi/git/FlexGanttFX/FlexGanttFXShowcase/target/classes/com/flexganttfx/demo/gantt/row-header.css
2026-04-20 14:18:26,009 [WARN] from javafx.css in JavaFX Application Thread - Could not resolve '-fx-accent' while resolving lookups for '-fx-icon-color' from rule '*.warning *.ikonli-font-icon' in stylesheet file:/Users/lemmi/git/FlexGanttFX/FlexGanttFXShowcase/target/classes/com/flexganttfx/demo/gantt/row-header.css
2026-04-20 14:18:26,011 [WARN] from javafx.css in JavaFX Application Thread - Could not resolve '-fx-accent' while resolving lookups for '-fx-icon-color' from rule '*.warning *.ikonli-font-icon' in stylesheet file:/Users/lemmi/git/FlexGanttFX/FlexGanttFXShowcase/target/classes/com/flexganttfx/demo/gantt/row-header.css
2026-04-20 14:18:26,013 [WARN] from javafx.css in JavaFX Application Thread - Could not resolve '-fx-accent' while resolving lookups for '-fx-icon-color' from rule '*.other *.ikonli-font-icon' in stylesheet file:/Users/lemmi/git/FlexGanttFX/FlexGanttFXShowcase/target/classes/com/flexganttfx/demo/gantt/row-header.css
2026-04-20 14:18:26,014 [WARN] from javafx.css in JavaFX Application Thread - Could not resolve '-fx-accent' while resolving lookups for '-fx-icon-color' from rule '*.error *.ikonli-font-icon' in stylesheet file:/Users/lemmi/git/FlexGanttFX/FlexGanttFXShowcase/target/classes/com/flexganttfx/demo/gantt/row-header.css
2026-04-20 14:18:26,017 [WARN] from javafx.css in JavaFX Application Thread - Could not resolve '-fx-accent' while resolving lookups for '-fx-icon-color' from rule '*.error *.ikonli-font-icon' in stylesheet file:/Users/lemmi/git/FlexGanttFX/FlexGanttFXShowcase/target/classes/com/flexganttfx/demo/gantt/row-header.css
2026-04-20 14:18:26,019 [WARN] from javafx.css in JavaFX Application Thread - Could not resolve '-fx-accent' while resolving lookups for '-fx-icon-color' from rule '*.error *.ikonli-font-icon' in stylesheet file:/Users/lemmi/git/FlexGanttFX/FlexGanttFXShowcase/target/classes/com/flexganttfx/demo/gantt/row-header.css
2026-04-20 14:18:26,116 [WARN] from javafx.css in JavaFX Application Thread - Could not resolve '-fx-accent' while resolving lookups for '-fx-icon-color' from rule '*.error *.ikonli-font-icon' in stylesheet file:/Users/lemmi/git/FlexGanttFX/FlexGanttFXShowcase/src/main/resources/com/flexganttfx/demo/gantt/row-header.css
2026-04-20 14:18:26,116 [WARN] from javafx.css in JavaFX Application Thread - Could not resolve '-fx-accent' while resolving lookups for '-fx-icon-color' from rule '*.error *.ikonli-font-icon' in stylesheet file:/Users/lemmi/git/FlexGanttFX/FlexGanttFXShowcase/src/main/resources/com/flexganttfx/demo/gantt/row-header.css
2026-04-20 14:18:26,117 [WARN] from javafx.css in JavaFX Application Thread - Could not resolve '-fx-accent' while resolving lookups for '-fx-icon-color' from rule '*.warning *.ikonli-font-icon' in stylesheet file:/Users/lemmi/git/FlexGanttFX/FlexGanttFXShowcase/src/main/resources/com/flexganttfx/demo/gantt/row-header.css
2026-04-20 14:18:26,117 [WARN] from javafx.css in JavaFX Application Thread - Could not resolve '-fx-accent' while resolving lookups for '-fx-icon-color' from rule '*.warning *.ikonli-font-icon' in stylesheet file:/Users/lemmi/git/FlexGanttFX/FlexGanttFXShowcase/src/main/resources/com/flexganttfx/demo/gantt/row-header.css
2026-04-20 14:18:26,118 [WARN] from javafx.css in JavaFX Application Thread - Could not resolve '-fx-accent' while resolving lookups for '-fx-icon-color' from rule '*.other *.ikonli-font-icon' in stylesheet file:/Users/lemmi/git/FlexGanttFX/FlexGanttFXShowcase/src/main/resources/com/flexganttfx/demo/gantt/row-header.css
2026-04-20 14:18:26,119 [WARN] from javafx.css in JavaFX Application Thread - Could not resolve '-fx-accent' while resolving lookups for '-fx-icon-color' from rule '*.error *.ikonli-font-icon' in stylesheet file:/Users/lemmi/git/FlexGanttFX/FlexGanttFXShowcase/src/main/resources/com/flexganttfx/demo/gantt/row-header.css
2026-04-20 14:18:54,255 [WARN] from javafx.scene.PerspectiveCamera in JavaFX Application Thread - System can't support ConditionalFeature.SCENE3D
2026-04-20 14:18:54,255 [WARN] from javafx.scene.Scene in JavaFX Application Thread - System can't support ConditionalFeature.SCENE3D
2026-04-20 14:18:54,579 [WARN] from com.jpro.meta.stream.Util$ in JavaFX Application Thread - We don't support fonts with the file extension ttc: /System/Library/Fonts/Helvetica.ttc
2026-04-20 14:18:59,722 [WARN] from javafx.scene.PerspectiveCamera in JavaFX Application Thread - System can't support ConditionalFeature.SCENE3D
2026-04-20 14:18:59,722 [WARN] from javafx.scene.Scene in JavaFX Application Thread - System can't support ConditionalFeature.SCENE3D
2026-04-20 14:19:00,044 [WARN] from com.jpro.meta.stream.Util$ in JavaFX Application Thread - We don't support fonts with the file extension ttc: /System/Library/Fonts/Helvetica.ttc
2026-04-20 14:19:17,785 [INFO] from com.flexganttfx.emirates.model.DataModel in Thread-44 - done reading
2026-04-20 14:19:17,785 [INFO] from com.flexganttfx.emirates.model.DataModel in Thread-44 - returned from unmarshalling
2026-04-20 14:19:17,790 [INFO] from com.flexganttfx.emirates.model.DataModel in Thread-44 - yahoo
2026-04-20 14:19:17,790 [INFO] from com.flexganttfx.emirates.model.DataModel in Thread-44 - done unzipping and unmarshalling
2026-04-20 14:19:23,140 [INFO] from com.flexganttfx.emirates.model.DataModel in Thread-45 - done reading
2026-04-20 14:19:23,140 [INFO] from com.flexganttfx.emirates.model.DataModel in Thread-45 - returned from unmarshalling
2026-04-20 14:19:23,194 [INFO] from com.flexganttfx.emirates.model.DataModel in Thread-45 - yahoo
2026-04-20 14:19:23,194 [INFO] from com.flexganttfx.emirates.model.DataModel in Thread-45 - done unzipping and unmarshalling
2026-04-20 14:23:05,320 [INFO] from io.helidon.Main in helidon-shutdown-thread - Shutdown requested by JVM shutting down
2026-04-20 14:23:05,323 [INFO] from io.helidon.webserver.ServerListener in server-@default-listener - [0x2384f7e6] @default socket closed.
2026-04-20 14:23:05,325 [INFO] from io.helidon.Main in helidon-shutdown-thread - Shutdown finished
2026-04-20 14:23:05,737 [INFO] from com.jpro.activity in scala-execution-context-global-34 - Starting the server
2026-04-20 14:23:05,738 [INFO] from com.jpro.internal.server.JProInitializer$ in scala-execution-context-global-34 -  *** Starting JPro: https://www.jpro.one/ ***
2026-04-20 14:23:05,738 [INFO] from com.jpro.internal.server.JProInitializer$ in scala-execution-context-global-34 - OS: Mac OS X
2026-04-20 14:23:05,742 [INFO] from com.jpro.internal.server.JProInitializer$ in scala-execution-context-global-34 - JPro: 2026.1.1
2026-04-20 14:23:05,742 [INFO] from com.jpro.internal.server.JProInitializer$ in scala-execution-context-global-34 - Java version: 25
2026-04-20 14:23:05,742 [INFO] from com.jpro.internal.server.JProInitializer$ in scala-execution-context-global-34 - JVM: 25 Azul Systems, Inc.
2026-04-20 14:23:05,743 [INFO] from com.jpro.internal.server.JProInitializer$ in scala-execution-context-global-34 - JavaFX jar: file:/Users/lemmi/.m2/repository/org/openjfx/javafx-graphics/25.0.2-jpro+1/javafx-graphics-25.0.2-jpro+1-mac-aarch64.jar
2026-04-20 14:23:05,746 [INFO] from com.jpro.internal.server.JProInitializer$ in scala-execution-context-global-34 - Configuring logging from url: 'jar:file:/Users/lemmi/.m2/repository/one/jpro/jpro-server_2.12/2026.1.1/jpro-server_2.12-2026.1.1.jar!/logback-jpro-default.xml'
2026-04-20 14:23:05,952 [INFO] from com.jpro.internal.server.JProInitializer$ in JavaFX Application Thread - JavaFX version: 25.0.2-jpro+1
2026-04-20 14:23:06,014 [INFO] from com.jpro.internal.server.JProInitializer$ in scala-execution-context-global-34 - finished init!
2026-04-20 14:23:06,016 [INFO] from com.jpro.internal.server.JProInitializer$ in scala-execution-context-global-34 - [JPro] -> Server started: {start_time: 1776687785736, os_name: Mac OS X, jpro_version: 2026.1.1, pid: 39300, servername: X671}
2026-04-20 14:23:06,053 [INFO] from com.jpro.internal.server.Route$ in Thread-0 - Creating routing for JPro server
2026-04-20 14:23:06,078 [INFO] from io.helidon.common.features.HelidonFeatures in features-thread - Helidon SE 4.2.6 features: [Config, Encoding, Media, Metrics, Registry, WebServer, WebSocket]
2026-04-20 14:23:06,082 [INFO] from io.helidon.webserver.ServerListener in start @default (/0.0.0.0:8099) - [0x222adbba] http://0.0.0.0:8099 bound for socket '@default'
2026-04-20 14:23:06,084 [INFO] from io.helidon.webserver.LoomServer in Thread-0 - Started all channels in 8 milliseconds. 739 milliseconds since JVM startup. Java 25+36-LTS
2026-04-20 14:23:06,621 [INFO] from com.jpro.internal.server.JProWSEndpoint in [0x222adbba 0x37caa03e] WebServer socket - application requested: default params: Map(instanceID -> 7a6565j219rbfjq4bhrkgzoqf)
2026-04-20 14:23:06,621 [INFO] from com.jpro.internal.server.JProWSEndpoint in [0x222adbba 0x37caa03e] WebServer socket - Creating Application: default
2026-04-20 14:23:06,621 [INFO] from com.jpro.internal.server.JProWSEndpoint in [0x222adbba 0x37caa03e] WebServer socket - remoteAddress 0:0:0:0:0:0:0:1
2026-04-20 14:23:06,621 [INFO] from com.jpro.internal.server.JProWSEndpoint in [0x222adbba 0x37caa03e] WebServer socket - host          
2026-04-20 14:23:06,621 [INFO] from com.jpro.internal.server.JProWSEndpoint in [0x222adbba 0x37caa03e] WebServer socket - uri           /app/ws/default?instanceID=7a6565j219rbfjq4bhrkgzoqf
2026-04-20 14:23:06,625 [INFO] from com.jpro.internal.server.JProWSEndpoint in [0x222adbba 0x37caa03e] WebServer socket - Application found.
2026-04-20 14:23:06,629 [INFO] from com.jpro.internal.server.JProWSEndpoint in [0x222adbba 0x37caa03e] WebServer socket - Handshake received: 1fc848e7be83856bef963b103116f03f
2026-04-20 14:23:06,765 [INFO] from com.jpro.internal.stats.ViewInfo$ in JavaFX Application Thread - [JPro] -> View created: {app_name: default, host_name: localhost:8099, instance_id: 5xv65y180v90kgqrmt8aqc3jm, browser: Safari 605.1.15, browser_url: http://localhost:8099/, client_ip: 0:0:0:0:0:0:0:1}
2026-04-20 14:23:06,915 [INFO] from com.flexganttfx.config in JavaFX Application Thread - FlexGanttFX Version: 11.13.0
2026-04-20 14:23:06,960 [INFO] from com.jpro.internal.server.JProWSEndpoint in [0x222adbba 0x37caa03e] WebServer socket - Frame received after poison, ignoring
2026-04-20 14:23:06,960 [INFO] from com.jpro.internal.server.JProWSEndpoint in [0x222adbba 0x37caa03e] WebServer socket - WebSocket for [default] closed: 1000 – tab-closed
2026-04-20 14:23:07,023 [INFO] from com.jpro.internal.server.JProWSEndpoint in [0x222adbba 0x03845c1e] WebServer socket - application requested: default params: Map()
2026-04-20 14:23:07,023 [INFO] from com.jpro.internal.server.JProWSEndpoint in [0x222adbba 0x03845c1e] WebServer socket - Creating Application: default
2026-04-20 14:23:07,023 [INFO] from com.jpro.internal.server.JProWSEndpoint in [0x222adbba 0x03845c1e] WebServer socket - remoteAddress 0:0:0:0:0:0:0:1
2026-04-20 14:23:07,023 [INFO] from com.jpro.internal.server.JProWSEndpoint in [0x222adbba 0x03845c1e] WebServer socket - host          
2026-04-20 14:23:07,023 [INFO] from com.jpro.internal.server.JProWSEndpoint in [0x222adbba 0x03845c1e] WebServer socket - uri           /app/ws/default
2026-04-20 14:23:07,023 [INFO] from com.jpro.internal.server.JProWSEndpoint in [0x222adbba 0x03845c1e] WebServer socket - Application found.
2026-04-20 14:23:07,037 [INFO] from com.jpro.internal.server.JProWSEndpoint in [0x222adbba 0x03845c1e] WebServer socket - Handshake received: 1fc848e7be83856bef963b103116f03f
2026-04-20 14:23:07,199 [INFO] from com.jpro.internal.communicator.InstanceImpl in JavaFX Application Thread - [JPro] -> Instance created: {app_name: default, host_name: localhost:8099, instance_id: 5xv65y180v90kgqrmt8aqc3jm, browser: Safari 605.1.15, browser_url: http://localhost:8099/, client_ip: 0:0:0:0:0:0:0:1}
2026-04-20 14:23:07,443 [INFO] from com.jpro.internal.stats.ViewInfo$ in JavaFX Application Thread - [JPro] -> View closed: {app_name: default, host_name: localhost:8099, instance_id: 5xv65y180v90kgqrmt8aqc3jm, browser: Safari 605.1.15, browser_url: http://localhost:8099/, client_ip: 0:0:0:0:0:0:0:1, reason: tab-closed}
2026-04-20 14:23:07,446 [INFO] from com.jpro.internal.stats.ViewInfo$ in JavaFX Application Thread - 
2026-04-20 14:23:07,446 [INFO] from com.jpro.internal.stats.ViewInfo$ in JavaFX Application Thread - Application closed:
2026-04-20 14:23:07,449 [INFO] from com.jpro.internal.stats.ViewInfo$ in JavaFX Application Thread - startTime      : Mon Apr 20 14:23:06 CEST 2026      
2026-04-20 14:23:07,449 [INFO] from com.jpro.internal.stats.ViewInfo$ in JavaFX Application Thread - duration       : 00:00:00.683 
2026-04-20 14:23:07,449 [INFO] from com.jpro.internal.stats.ViewInfo$ in JavaFX Application Thread - averageLatency : 00:00:00.000 
2026-04-20 14:23:07,450 [INFO] from com.jpro.internal.stats.ViewInfo$ in JavaFX Application Thread - averageJitter  : 00:00:00.000  
2026-04-20 14:23:07,450 [INFO] from com.jpro.internal.stats.ViewInfo$ in JavaFX Application Thread - framerateServer: 00:00:00.000
2026-04-20 14:23:07,450 [INFO] from com.jpro.internal.stats.ViewInfo$ in JavaFX Application Thread - framerateClient: 00:00:00.000
2026-04-20 14:23:07,450 [INFO] from com.jpro.internal.stats.ViewInfo$ in JavaFX Application Thread - raw            : 0
2026-04-20 14:23:07,450 [INFO] from com.jpro.internal.stats.ViewInfo$ in JavaFX Application Thread - zipped         : 0
2026-04-20 14:23:07,450 [INFO] from com.jpro.internal.stats.ViewInfo$ in JavaFX Application Thread - 
2026-04-20 14:23:07,481 [INFO] from com.jpro.internal.stats.ViewInfo$ in JavaFX Application Thread - [JPro] -> View created: {app_name: default, host_name: localhost:8099, instance_id: 6w1uaiq8tc61503vcvh02r883, browser: Safari 605.1.15, browser_url: http://localhost:8099/, client_ip: 0:0:0:0:0:0:0:1}
2026-04-20 14:23:07,547 [INFO] from com.jpro.internal.communicator.InstanceImpl in JavaFX Application Thread - [JPro] -> Instance created: {app_name: default, host_name: localhost:8099, instance_id: 6w1uaiq8tc61503vcvh02r883, browser: Safari 605.1.15, browser_url: http://localhost:8099/, client_ip: 0:0:0:0:0:0:0:1}
2026-04-20 14:23:08,439 [INFO] from com.jpro.internal.communicator.InstanceImpl in JavaFX Application Thread - [JPro] -> Instance closed: {app_name: default, host_name: localhost:8099, instance_id: 5xv65y180v90kgqrmt8aqc3jm, browser: Safari 605.1.15, browser_url: http://localhost:8099/, client_ip: 0:0:0:0:0:0:0:1, reason: close-tab-closed}
2026-04-20 14:24:08,659 [INFO] from io.helidon.Main in helidon-shutdown-thread - Shutdown requested by JVM shutting down
2026-04-20 14:24:08,660 [INFO] from io.helidon.webserver.ServerListener in server-@default-listener - [0x222adbba] @default socket closed.
2026-04-20 14:24:08,661 [INFO] from io.helidon.Main in helidon-shutdown-thread - Shutdown finished
2026-04-20 14:24:09,047 [INFO] from com.jpro.activity in scala-execution-context-global-34 - Starting the server
2026-04-20 14:24:09,049 [INFO] from com.jpro.internal.server.JProInitializer$ in scala-execution-context-global-34 -  *** Starting JPro: https://www.jpro.one/ ***
2026-04-20 14:24:09,049 [INFO] from com.jpro.internal.server.JProInitializer$ in scala-execution-context-global-34 - OS: Mac OS X
2026-04-20 14:24:09,052 [INFO] from com.jpro.internal.server.JProInitializer$ in scala-execution-context-global-34 - JPro: 2026.1.1
2026-04-20 14:24:09,052 [INFO] from com.jpro.internal.server.JProInitializer$ in scala-execution-context-global-34 - Java version: 25
2026-04-20 14:24:09,052 [INFO] from com.jpro.internal.server.JProInitializer$ in scala-execution-context-global-34 - JVM: 25 Azul Systems, Inc.
2026-04-20 14:24:09,056 [INFO] from com.jpro.internal.server.JProInitializer$ in scala-execution-context-global-34 - JavaFX jar: file:/Users/lemmi/.m2/repository/org/openjfx/javafx-graphics/25.0.2-jpro+1/javafx-graphics-25.0.2-jpro+1-mac-aarch64.jar
2026-04-20 14:24:09,057 [INFO] from com.jpro.internal.server.JProInitializer$ in scala-execution-context-global-34 - Configuring logging from url: 'jar:file:/Users/lemmi/.m2/repository/one/jpro/jpro-server_2.12/2026.1.1/jpro-server_2.12-2026.1.1.jar!/logback-jpro-default.xml'
2026-04-20 14:24:09,253 [INFO] from com.jpro.internal.server.JProInitializer$ in JavaFX Application Thread - JavaFX version: 25.0.2-jpro+1
2026-04-20 14:24:09,316 [INFO] from com.jpro.internal.server.JProInitializer$ in scala-execution-context-global-34 - finished init!
2026-04-20 14:24:09,318 [INFO] from com.jpro.internal.server.JProInitializer$ in scala-execution-context-global-34 - [JPro] -> Server started: {start_time: 1776687849047, os_name: Mac OS X, jpro_version: 2026.1.1, pid: 39379, servername: T634}
2026-04-20 14:24:09,358 [INFO] from com.jpro.internal.server.Route$ in Thread-0 - Creating routing for JPro server
2026-04-20 14:24:09,385 [INFO] from io.helidon.common.features.HelidonFeatures in features-thread - Helidon SE 4.2.6 features: [Config, Encoding, Media, Metrics, Registry, WebServer, WebSocket]
2026-04-20 14:24:09,390 [INFO] from io.helidon.webserver.ServerListener in start @default (/0.0.0.0:8099) - [0x7bd43462] http://0.0.0.0:8099 bound for socket '@default'
2026-04-20 14:24:09,392 [INFO] from io.helidon.webserver.LoomServer in Thread-0 - Started all channels in 9 milliseconds. 711 milliseconds since JVM startup. Java 25+36-LTS
2026-04-20 14:24:10,013 [INFO] from com.jpro.internal.server.JProWSEndpoint in [0x7bd43462 0x773a2842] WebServer socket - application requested: default params: Map()
2026-04-20 14:24:10,013 [INFO] from com.jpro.internal.server.JProWSEndpoint in [0x7bd43462 0x773a2842] WebServer socket - Creating Application: default
2026-04-20 14:24:10,013 [INFO] from com.jpro.internal.server.JProWSEndpoint in [0x7bd43462 0x773a2842] WebServer socket - remoteAddress 0:0:0:0:0:0:0:1
2026-04-20 14:24:10,013 [INFO] from com.jpro.internal.server.JProWSEndpoint in [0x7bd43462 0x773a2842] WebServer socket - host          
2026-04-20 14:24:10,013 [INFO] from com.jpro.internal.server.JProWSEndpoint in [0x7bd43462 0x773a2842] WebServer socket - uri           /app/ws/default
2026-04-20 14:24:10,020 [INFO] from com.jpro.internal.server.JProWSEndpoint in [0x7bd43462 0x773a2842] WebServer socket - Application found.
2026-04-20 14:24:10,022 [INFO] from com.jpro.internal.server.JProWSEndpoint in [0x7bd43462 0x773a2842] WebServer socket - Handshake received: 1fc848e7be83856bef963b103116f03f
2026-04-20 14:24:10,104 [INFO] from com.jpro.internal.stats.ViewInfo$ in JavaFX Application Thread - [JPro] -> View created: {app_name: default, host_name: localhost:8099, instance_id: 483ddeyu02r9ik8qvlppgxbtz, browser: Safari 605.1.15, browser_url: http://localhost:8099/, client_ip: 0:0:0:0:0:0:0:1}
2026-04-20 14:24:10,223 [INFO] from com.flexganttfx.config in JavaFX Application Thread - FlexGanttFX Version: 11.13.0
2026-04-20 14:24:10,485 [INFO] from com.jpro.internal.communicator.InstanceImpl in JavaFX Application Thread - [JPro] -> Instance created: {app_name: default, host_name: localhost:8099, instance_id: 483ddeyu02r9ik8qvlppgxbtz, browser: Safari 605.1.15, browser_url: http://localhost:8099/, client_ip: 0:0:0:0:0:0:0:1}
2026-04-20 14:27:10,526 [INFO] from io.helidon.Main in helidon-shutdown-thread - Shutdown requested by JVM shutting down
2026-04-20 14:27:10,527 [INFO] from io.helidon.webserver.ServerListener in server-@default-listener - [0x7bd43462] @default socket closed.
2026-04-20 14:27:10,528 [INFO] from io.helidon.Main in helidon-shutdown-thread - Shutdown finished
2026-04-20 14:27:10,905 [INFO] from com.jpro.activity in scala-execution-context-global-34 - Starting the server
2026-04-20 14:27:10,906 [INFO] from com.jpro.internal.server.JProInitializer$ in scala-execution-context-global-34 -  *** Starting JPro: https://www.jpro.one/ ***
2026-04-20 14:27:10,906 [INFO] from com.jpro.internal.server.JProInitializer$ in scala-execution-context-global-34 - OS: Mac OS X
2026-04-20 14:27:10,909 [INFO] from com.jpro.internal.server.JProInitializer$ in scala-execution-context-global-34 - JPro: 2026.1.1
2026-04-20 14:27:10,910 [INFO] from com.jpro.internal.server.JProInitializer$ in scala-execution-context-global-34 - Java version: 25
2026-04-20 14:27:10,910 [INFO] from com.jpro.internal.server.JProInitializer$ in scala-execution-context-global-34 - JVM: 25 Azul Systems, Inc.
2026-04-20 14:27:10,910 [INFO] from com.jpro.internal.server.JProInitializer$ in scala-execution-context-global-34 - JavaFX jar: file:/Users/lemmi/.m2/repository/org/openjfx/javafx-graphics/25.0.2-jpro+1/javafx-graphics-25.0.2-jpro+1-mac-aarch64.jar
2026-04-20 14:27:10,914 [INFO] from com.jpro.internal.server.JProInitializer$ in scala-execution-context-global-34 - Configuring logging from url: 'jar:file:/Users/lemmi/.m2/repository/one/jpro/jpro-server_2.12/2026.1.1/jpro-server_2.12-2026.1.1.jar!/logback-jpro-default.xml'
2026-04-20 14:27:11,104 [INFO] from com.jpro.internal.server.JProInitializer$ in JavaFX Application Thread - JavaFX version: 25.0.2-jpro+1
2026-04-20 14:27:11,166 [INFO] from com.jpro.internal.server.JProInitializer$ in scala-execution-context-global-34 - finished init!
2026-04-20 14:27:11,167 [INFO] from com.jpro.internal.server.JProInitializer$ in scala-execution-context-global-34 - [JPro] -> Server started: {start_time: 1776688030904, os_name: Mac OS X, jpro_version: 2026.1.1, pid: 39481, servername: L751}
2026-04-20 14:27:11,204 [INFO] from com.jpro.internal.server.Route$ in Thread-0 - Creating routing for JPro server
2026-04-20 14:27:11,229 [INFO] from io.helidon.common.features.HelidonFeatures in features-thread - Helidon SE 4.2.6 features: [Config, Encoding, Media, Metrics, Registry, WebServer, WebSocket]
2026-04-20 14:27:11,233 [INFO] from io.helidon.webserver.ServerListener in start @default (/0.0.0.0:8099) - [0x7bd43462] http://0.0.0.0:8099 bound for socket '@default'
2026-04-20 14:27:11,235 [INFO] from io.helidon.webserver.LoomServer in Thread-0 - Started all channels in 8 milliseconds. 687 milliseconds since JVM startup. Java 25+36-LTS
2026-04-20 14:27:11,699 [INFO] from com.jpro.internal.server.JProWSEndpoint in [0x7bd43462 0x37caa03e] WebServer socket - application requested: default params: Map(instanceID -> 483ddeyu02r9ik8qvlppgxbtz)
2026-04-20 14:27:11,700 [INFO] from com.jpro.internal.server.JProWSEndpoint in [0x7bd43462 0x37caa03e] WebServer socket - Creating Application: default
2026-04-20 14:27:11,700 [INFO] from com.jpro.internal.server.JProWSEndpoint in [0x7bd43462 0x37caa03e] WebServer socket - remoteAddress 0:0:0:0:0:0:0:1
2026-04-20 14:27:11,700 [INFO] from com.jpro.internal.server.JProWSEndpoint in [0x7bd43462 0x37caa03e] WebServer socket - host          
2026-04-20 14:27:11,700 [INFO] from com.jpro.internal.server.JProWSEndpoint in [0x7bd43462 0x37caa03e] WebServer socket - uri           /app/ws/default?instanceID=483ddeyu02r9ik8qvlppgxbtz
2026-04-20 14:27:11,706 [INFO] from com.jpro.internal.server.JProWSEndpoint in [0x7bd43462 0x37caa03e] WebServer socket - Application found.
2026-04-20 14:27:11,708 [INFO] from com.jpro.internal.server.JProWSEndpoint in [0x7bd43462 0x37caa03e] WebServer socket - WebSocket for [default] closed: 1001 – normal
2026-04-20 14:27:11,790 [INFO] from com.jpro.internal.server.JProWSEndpoint in [0x7bd43462 0x6f5e0acb] WebServer socket - application requested: default params: Map()
2026-04-20 14:27:11,790 [INFO] from com.jpro.internal.server.JProWSEndpoint in [0x7bd43462 0x6f5e0acb] WebServer socket - Creating Application: default
2026-04-20 14:27:11,790 [INFO] from com.jpro.internal.server.JProWSEndpoint in [0x7bd43462 0x6f5e0acb] WebServer socket - remoteAddress 0:0:0:0:0:0:0:1
2026-04-20 14:27:11,790 [INFO] from com.jpro.internal.server.JProWSEndpoint in [0x7bd43462 0x6f5e0acb] WebServer socket - host          
2026-04-20 14:27:11,790 [INFO] from com.jpro.internal.server.JProWSEndpoint in [0x7bd43462 0x6f5e0acb] WebServer socket - uri           /app/ws/default
2026-04-20 14:27:11,790 [INFO] from com.jpro.internal.server.JProWSEndpoint in [0x7bd43462 0x6f5e0acb] WebServer socket - Application found.
2026-04-20 14:27:11,791 [INFO] from com.jpro.internal.server.JProWSEndpoint in [0x7bd43462 0x6f5e0acb] WebServer socket - Handshake received: 1fc848e7be83856bef963b103116f03f
2026-04-20 14:27:11,870 [INFO] from com.jpro.internal.stats.ViewInfo$ in JavaFX Application Thread - [JPro] -> View created: {app_name: default, host_name: localhost:8099, instance_id: 95wha6vlwp30ksu9qye0oegt5, browser: Safari 605.1.15, browser_url: http://localhost:8099/, client_ip: 0:0:0:0:0:0:0:1}
2026-04-20 14:27:11,987 [INFO] from com.flexganttfx.config in JavaFX Application Thread - FlexGanttFX Version: 11.13.0
2026-04-20 14:27:12,227 [INFO] from com.jpro.internal.communicator.InstanceImpl in JavaFX Application Thread - [JPro] -> Instance created: {app_name: default, host_name: localhost:8099, instance_id: 95wha6vlwp30ksu9qye0oegt5, browser: Safari 605.1.15, browser_url: http://localhost:8099/, client_ip: 0:0:0:0:0:0:0:1}
2026-04-20 14:27:40,783 [INFO] from com.jpro.activity in scala-execution-context-global-34 - Starting the server
2026-04-20 14:27:40,785 [INFO] from com.jpro.internal.server.JProInitializer$ in scala-execution-context-global-34 -  *** Starting JPro: https://www.jpro.one/ ***
2026-04-20 14:27:40,785 [INFO] from com.jpro.internal.server.JProInitializer$ in scala-execution-context-global-34 - OS: Mac OS X
2026-04-20 14:27:40,788 [INFO] from com.jpro.internal.server.JProInitializer$ in scala-execution-context-global-34 - JPro: 2026.1.1
2026-04-20 14:27:40,788 [INFO] from com.jpro.internal.server.JProInitializer$ in scala-execution-context-global-34 - Java version: 25
2026-04-20 14:27:40,788 [INFO] from com.jpro.internal.server.JProInitializer$ in scala-execution-context-global-34 - JVM: 25 Azul Systems, Inc.
2026-04-20 14:27:40,789 [INFO] from com.jpro.internal.server.JProInitializer$ in scala-execution-context-global-34 - JavaFX jar: file:/Users/lemmi/.m2/repository/org/openjfx/javafx-graphics/25.0.2-jpro+1/javafx-graphics-25.0.2-jpro+1-mac-aarch64.jar
2026-04-20 14:27:40,793 [INFO] from com.jpro.internal.server.JProInitializer$ in scala-execution-context-global-34 - Configuring logging from url: 'jar:file:/Users/lemmi/.m2/repository/one/jpro/jpro-server_2.12/2026.1.1/jpro-server_2.12-2026.1.1.jar!/logback-jpro-default.xml'
2026-04-20 14:27:40,985 [INFO] from com.jpro.internal.server.JProInitializer$ in JavaFX Application Thread - JavaFX version: 25.0.2-jpro+1
2026-04-20 14:27:41,048 [INFO] from com.jpro.internal.server.JProInitializer$ in scala-execution-context-global-34 - finished init!
2026-04-20 14:27:41,050 [INFO] from com.jpro.internal.server.JProInitializer$ in scala-execution-context-global-34 - [JPro] -> Server started: {start_time: 1776688060783, os_name: Mac OS X, jpro_version: 2026.1.1, pid: 39522, servername: K195}
2026-04-20 14:27:41,088 [INFO] from com.jpro.internal.server.Route$ in Thread-0 - Creating routing for JPro server
2026-04-20 14:27:41,113 [INFO] from io.helidon.common.features.HelidonFeatures in features-thread - Helidon SE 4.2.6 features: [Config, Encoding, Media, Metrics, Registry, WebServer, WebSocket]
2026-04-20 14:27:41,117 [INFO] from io.helidon.webserver.ServerListener in start @default (/0.0.0.0:8099) - [0x7452c9ef] http://0.0.0.0:8099 bound for socket '@default'
2026-04-20 14:27:41,119 [INFO] from io.helidon.webserver.LoomServer in Thread-0 - Started all channels in 8 milliseconds. 692 milliseconds since JVM startup. Java 25+36-LTS
2026-04-20 14:27:41,539 [INFO] from com.jpro.internal.server.JProWSEndpoint in [0x7452c9ef 0x37caa03e] WebServer socket - application requested: default params: Map(instanceID -> 95wha6vlwp30ksu9qye0oegt5)
2026-04-20 14:27:41,539 [INFO] from com.jpro.internal.server.JProWSEndpoint in [0x7452c9ef 0x37caa03e] WebServer socket - Creating Application: default
2026-04-20 14:27:41,539 [INFO] from com.jpro.internal.server.JProWSEndpoint in [0x7452c9ef 0x37caa03e] WebServer socket - remoteAddress 0:0:0:0:0:0:0:1
2026-04-20 14:27:41,539 [INFO] from com.jpro.internal.server.JProWSEndpoint in [0x7452c9ef 0x37caa03e] WebServer socket - host          
2026-04-20 14:27:41,539 [INFO] from com.jpro.internal.server.JProWSEndpoint in [0x7452c9ef 0x37caa03e] WebServer socket - uri           /app/ws/default?instanceID=95wha6vlwp30ksu9qye0oegt5
2026-04-20 14:27:41,544 [INFO] from com.jpro.internal.server.JProWSEndpoint in [0x7452c9ef 0x37caa03e] WebServer socket - Application found.
2026-04-20 14:27:41,546 [INFO] from com.jpro.internal.server.JProWSEndpoint in [0x7452c9ef 0x37caa03e] WebServer socket - WebSocket for [default] closed: 1001 – normal
2026-04-20 14:27:41,636 [INFO] from com.jpro.internal.server.JProWSEndpoint in [0x7452c9ef 0x2b88d5f5] WebServer socket - application requested: default params: Map()
2026-04-20 14:27:41,636 [INFO] from com.jpro.internal.server.JProWSEndpoint in [0x7452c9ef 0x2b88d5f5] WebServer socket - Creating Application: default
2026-04-20 14:27:41,636 [INFO] from com.jpro.internal.server.JProWSEndpoint in [0x7452c9ef 0x2b88d5f5] WebServer socket - remoteAddress 0:0:0:0:0:0:0:1
2026-04-20 14:27:41,636 [INFO] from com.jpro.internal.server.JProWSEndpoint in [0x7452c9ef 0x2b88d5f5] WebServer socket - host          
2026-04-20 14:27:41,636 [INFO] from com.jpro.internal.server.JProWSEndpoint in [0x7452c9ef 0x2b88d5f5] WebServer socket - uri           /app/ws/default
2026-04-20 14:27:41,636 [INFO] from com.jpro.internal.server.JProWSEndpoint in [0x7452c9ef 0x2b88d5f5] WebServer socket - Application found.
2026-04-20 14:27:41,652 [INFO] from com.jpro.internal.server.JProWSEndpoint in [0x7452c9ef 0x2b88d5f5] WebServer socket - Handshake received: 1fc848e7be83856bef963b103116f03f
2026-04-20 14:27:41,727 [INFO] from com.jpro.internal.stats.ViewInfo$ in JavaFX Application Thread - [JPro] -> View created: {app_name: default, host_name: localhost:8099, instance_id: cc6t205zfnzo5uxdvkfll0296, browser: Safari 605.1.15, browser_url: http://localhost:8099/, client_ip: 0:0:0:0:0:0:0:1}
2026-04-20 14:27:41,839 [INFO] from com.flexganttfx.config in JavaFX Application Thread - FlexGanttFX Version: 11.13.0
2026-04-20 14:27:42,073 [INFO] from com.jpro.internal.communicator.InstanceImpl in JavaFX Application Thread - [JPro] -> Instance created: {app_name: default, host_name: localhost:8099, instance_id: cc6t205zfnzo5uxdvkfll0296, browser: Safari 605.1.15, browser_url: http://localhost:8099/, client_ip: 0:0:0:0:0:0:0:1}
2026-04-20 14:28:11,485 [INFO] from io.helidon.Main in helidon-shutdown-thread - Shutdown requested by JVM shutting down
2026-04-20 14:28:11,485 [INFO] from io.helidon.webserver.ServerListener in server-@default-listener - [0x7452c9ef] @default socket closed.
2026-04-20 14:28:11,486 [INFO] from io.helidon.Main in helidon-shutdown-thread - Shutdown finished
2026-04-20 14:28:11,883 [INFO] from com.jpro.activity in scala-execution-context-global-34 - Starting the server
2026-04-20 14:28:11,885 [INFO] from com.jpro.internal.server.JProInitializer$ in scala-execution-context-global-34 -  *** Starting JPro: https://www.jpro.one/ ***
2026-04-20 14:28:11,885 [INFO] from com.jpro.internal.server.JProInitializer$ in scala-execution-context-global-34 - OS: Mac OS X
2026-04-20 14:28:11,888 [INFO] from com.jpro.internal.server.JProInitializer$ in scala-execution-context-global-34 - JPro: 2026.1.1
2026-04-20 14:28:11,888 [INFO] from com.jpro.internal.server.JProInitializer$ in scala-execution-context-global-34 - Java version: 25
2026-04-20 14:28:11,888 [INFO] from com.jpro.internal.server.JProInitializer$ in scala-execution-context-global-34 - JVM: 25 Azul Systems, Inc.
2026-04-20 14:28:11,889 [INFO] from com.jpro.internal.server.JProInitializer$ in scala-execution-context-global-34 - JavaFX jar: file:/Users/lemmi/.m2/repository/org/openjfx/javafx-graphics/25.0.2-jpro+1/javafx-graphics-25.0.2-jpro+1-mac-aarch64.jar
2026-04-20 14:28:11,892 [INFO] from com.jpro.internal.server.JProInitializer$ in scala-execution-context-global-34 - Configuring logging from url: 'jar:file:/Users/lemmi/.m2/repository/one/jpro/jpro-server_2.12/2026.1.1/jpro-server_2.12-2026.1.1.jar!/logback-jpro-default.xml'
2026-04-20 14:28:12,119 [INFO] from com.jpro.internal.server.JProInitializer$ in JavaFX Application Thread - JavaFX version: 25.0.2-jpro+1
2026-04-20 14:28:12,178 [INFO] from com.jpro.internal.server.JProInitializer$ in scala-execution-context-global-34 - finished init!
2026-04-20 14:28:12,180 [INFO] from com.jpro.internal.server.JProInitializer$ in scala-execution-context-global-34 - [JPro] -> Server started: {start_time: 1776688091883, os_name: Mac OS X, jpro_version: 2026.1.1, pid: 39589, servername: Z870}
2026-04-20 14:28:12,221 [INFO] from com.jpro.internal.server.Route$ in Thread-0 - Creating routing for JPro server
2026-04-20 14:28:12,246 [INFO] from io.helidon.common.features.HelidonFeatures in features-thread - Helidon SE 4.2.6 features: [Config, Encoding, Media, Metrics, Registry, WebServer, WebSocket]
2026-04-20 14:28:12,250 [INFO] from io.helidon.webserver.ServerListener in start @default (/0.0.0.0:8099) - [0x0c88a45c] http://0.0.0.0:8099 bound for socket '@default'
2026-04-20 14:28:12,252 [INFO] from io.helidon.webserver.LoomServer in Thread-0 - Started all channels in 8 milliseconds. 744 milliseconds since JVM startup. Java 25+36-LTS
2026-04-20 14:28:12,751 [INFO] from com.jpro.internal.server.JProWSEndpoint in [0x0c88a45c 0x5c61a081] WebServer socket - application requested: default params: Map(instanceID -> cc6t205zfnzo5uxdvkfll0296)
2026-04-20 14:28:12,751 [INFO] from com.jpro.internal.server.JProWSEndpoint in [0x0c88a45c 0x5c61a081] WebServer socket - Creating Application: default
2026-04-20 14:28:12,751 [INFO] from com.jpro.internal.server.JProWSEndpoint in [0x0c88a45c 0x5c61a081] WebServer socket - remoteAddress 0:0:0:0:0:0:0:1
2026-04-20 14:28:12,751 [INFO] from com.jpro.internal.server.JProWSEndpoint in [0x0c88a45c 0x5c61a081] WebServer socket - host          
2026-04-20 14:28:12,751 [INFO] from com.jpro.internal.server.JProWSEndpoint in [0x0c88a45c 0x5c61a081] WebServer socket - uri           /app/ws/default?instanceID=cc6t205zfnzo5uxdvkfll0296
2026-04-20 14:28:12,755 [INFO] from com.jpro.internal.server.JProWSEndpoint in [0x0c88a45c 0x5c61a081] WebServer socket - Application found.
2026-04-20 14:28:12,756 [INFO] from com.jpro.internal.server.JProWSEndpoint in [0x0c88a45c 0x5c61a081] WebServer socket - Handshake received: 1fc848e7be83856bef963b103116f03f
2026-04-20 14:28:12,863 [INFO] from com.jpro.internal.stats.ViewInfo$ in JavaFX Application Thread - [JPro] -> View created: {app_name: default, host_name: localhost:8099, instance_id: badw5zwijys6ge0pztlw07bqq, browser: Safari 605.1.15, browser_url: http://localhost:8099/, client_ip: 0:0:0:0:0:0:0:1}
2026-04-20 14:28:12,974 [INFO] from com.flexganttfx.config in JavaFX Application Thread - FlexGanttFX Version: 11.13.0
2026-04-20 14:28:13,134 [INFO] from com.jpro.internal.server.JProWSEndpoint in [0x0c88a45c 0x5c61a081] WebServer socket - Frame received after poison, ignoring
2026-04-20 14:28:13,134 [INFO] from com.jpro.internal.server.JProWSEndpoint in [0x0c88a45c 0x5c61a081] WebServer socket - WebSocket for [default] closed: 1000 – tab-closed
2026-04-20 14:28:13,188 [INFO] from com.jpro.internal.server.JProWSEndpoint in [0x0c88a45c 0x5b9a318a] WebServer socket - application requested: default params: Map()
2026-04-20 14:28:13,188 [INFO] from com.jpro.internal.server.JProWSEndpoint in [0x0c88a45c 0x5b9a318a] WebServer socket - Creating Application: default
2026-04-20 14:28:13,188 [INFO] from com.jpro.internal.server.JProWSEndpoint in [0x0c88a45c 0x5b9a318a] WebServer socket - remoteAddress 0:0:0:0:0:0:0:1
2026-04-20 14:28:13,188 [INFO] from com.jpro.internal.server.JProWSEndpoint in [0x0c88a45c 0x5b9a318a] WebServer socket - host          
2026-04-20 14:28:13,188 [INFO] from com.jpro.internal.server.JProWSEndpoint in [0x0c88a45c 0x5b9a318a] WebServer socket - uri           /app/ws/default
2026-04-20 14:28:13,188 [INFO] from com.jpro.internal.server.JProWSEndpoint in [0x0c88a45c 0x5b9a318a] WebServer socket - Application found.
2026-04-20 14:28:13,206 [INFO] from com.jpro.internal.server.JProWSEndpoint in [0x0c88a45c 0x5b9a318a] WebServer socket - Handshake received: 1fc848e7be83856bef963b103116f03f
2026-04-20 14:28:13,256 [INFO] from com.jpro.internal.communicator.InstanceImpl in JavaFX Application Thread - [JPro] -> Instance created: {app_name: default, host_name: localhost:8099, instance_id: badw5zwijys6ge0pztlw07bqq, browser: Safari 605.1.15, browser_url: http://localhost:8099/, client_ip: 0:0:0:0:0:0:0:1}
2026-04-20 14:28:13,545 [INFO] from com.jpro.internal.stats.ViewInfo$ in JavaFX Application Thread - [JPro] -> View closed: {app_name: default, host_name: localhost:8099, instance_id: badw5zwijys6ge0pztlw07bqq, browser: Safari 605.1.15, browser_url: http://localhost:8099/, client_ip: 0:0:0:0:0:0:0:1, reason: tab-closed}
2026-04-20 14:28:13,548 [INFO] from com.jpro.internal.stats.ViewInfo$ in JavaFX Application Thread - 
2026-04-20 14:28:13,548 [INFO] from com.jpro.internal.stats.ViewInfo$ in JavaFX Application Thread - Application closed:
2026-04-20 14:28:13,551 [INFO] from com.jpro.internal.stats.ViewInfo$ in JavaFX Application Thread - startTime      : Mon Apr 20 14:28:12 CEST 2026      
2026-04-20 14:28:13,551 [INFO] from com.jpro.internal.stats.ViewInfo$ in JavaFX Application Thread - duration       : 00:00:00.650 
2026-04-20 14:28:13,551 [INFO] from com.jpro.internal.stats.ViewInfo$ in JavaFX Application Thread - averageLatency : 00:00:00.000 
2026-04-20 14:28:13,552 [INFO] from com.jpro.internal.stats.ViewInfo$ in JavaFX Application Thread - averageJitter  : 00:00:00.000  
2026-04-20 14:28:13,552 [INFO] from com.jpro.internal.stats.ViewInfo$ in JavaFX Application Thread - framerateServer: 00:00:00.000
2026-04-20 14:28:13,553 [INFO] from com.jpro.internal.stats.ViewInfo$ in JavaFX Application Thread - framerateClient: 00:00:00.000
2026-04-20 14:28:13,553 [INFO] from com.jpro.internal.stats.ViewInfo$ in JavaFX Application Thread - raw            : 0
2026-04-20 14:28:13,553 [INFO] from com.jpro.internal.stats.ViewInfo$ in JavaFX Application Thread - zipped         : 0
2026-04-20 14:28:13,553 [INFO] from com.jpro.internal.stats.ViewInfo$ in JavaFX Application Thread - 
2026-04-20 14:28:13,555 [INFO] from com.jpro.internal.stats.ViewInfo$ in JavaFX Application Thread - [JPro] -> View created: {app_name: default, host_name: localhost:8099, instance_id: x3urmjne8w5w699ebefehidd, browser: Safari 605.1.15, browser_url: http://localhost:8099/, client_ip: 0:0:0:0:0:0:0:1}
2026-04-20 14:28:13,621 [INFO] from com.jpro.internal.communicator.InstanceImpl in JavaFX Application Thread - [JPro] -> Instance created: {app_name: default, host_name: localhost:8099, instance_id: x3urmjne8w5w699ebefehidd, browser: Safari 605.1.15, browser_url: http://localhost:8099/, client_ip: 0:0:0:0:0:0:0:1}
2026-04-20 14:28:14,509 [INFO] from com.jpro.internal.communicator.InstanceImpl in JavaFX Application Thread - [JPro] -> Instance closed: {app_name: default, host_name: localhost:8099, instance_id: badw5zwijys6ge0pztlw07bqq, browser: Safari 605.1.15, browser_url: http://localhost:8099/, client_ip: 0:0:0:0:0:0:0:1, reason: close-tab-closed}
2026-04-20 14:29:56,869 [INFO] from io.helidon.Main in helidon-shutdown-thread - Shutdown requested by JVM shutting down
2026-04-20 14:29:56,870 [INFO] from io.helidon.webserver.ServerListener in server-@default-listener - [0x0c88a45c] @default socket closed.
2026-04-20 14:29:56,871 [INFO] from io.helidon.Main in helidon-shutdown-thread - Shutdown finished
2026-04-20 14:29:57,248 [INFO] from com.jpro.activity in scala-execution-context-global-34 - Starting the server
2026-04-20 14:29:57,250 [INFO] from com.jpro.internal.server.JProInitializer$ in scala-execution-context-global-34 -  *** Starting JPro: https://www.jpro.one/ ***
2026-04-20 14:29:57,250 [INFO] from com.jpro.internal.server.JProInitializer$ in scala-execution-context-global-34 - OS: Mac OS X
2026-04-20 14:29:57,254 [INFO] from com.jpro.internal.server.JProInitializer$ in scala-execution-context-global-34 - JPro: 2026.1.1
2026-04-20 14:29:57,254 [INFO] from com.jpro.internal.server.JProInitializer$ in scala-execution-context-global-34 - Java version: 25
2026-04-20 14:29:57,254 [INFO] from com.jpro.internal.server.JProInitializer$ in scala-execution-context-global-34 - JVM: 25 Azul Systems, Inc.
2026-04-20 14:29:57,255 [INFO] from com.jpro.internal.server.JProInitializer$ in scala-execution-context-global-34 - JavaFX jar: file:/Users/lemmi/.m2/repository/org/openjfx/javafx-graphics/25.0.2-jpro+1/javafx-graphics-25.0.2-jpro+1-mac-aarch64.jar
2026-04-20 14:29:57,258 [INFO] from com.jpro.internal.server.JProInitializer$ in scala-execution-context-global-34 - Configuring logging from url: 'jar:file:/Users/lemmi/.m2/repository/one/jpro/jpro-server_2.12/2026.1.1/jpro-server_2.12-2026.1.1.jar!/logback-jpro-default.xml'
2026-04-20 14:29:57,449 [INFO] from com.jpro.internal.server.JProInitializer$ in JavaFX Application Thread - JavaFX version: 25.0.2-jpro+1
2026-04-20 14:29:57,514 [INFO] from com.jpro.internal.server.JProInitializer$ in scala-execution-context-global-34 - finished init!
2026-04-20 14:29:57,516 [INFO] from com.jpro.internal.server.JProInitializer$ in scala-execution-context-global-34 - [JPro] -> Server started: {start_time: 1776688197247, os_name: Mac OS X, jpro_version: 2026.1.1, pid: 39665, servername: Z557}
2026-04-20 14:29:57,553 [INFO] from com.jpro.internal.server.Route$ in Thread-0 - Creating routing for JPro server
2026-04-20 14:29:57,579 [INFO] from io.helidon.common.features.HelidonFeatures in features-thread - Helidon SE 4.2.6 features: [Config, Encoding, Media, Metrics, Registry, WebServer, WebSocket]
2026-04-20 14:29:57,583 [INFO] from io.helidon.webserver.ServerListener in start @default (/0.0.0.0:8099) - [0x7bd43462] http://0.0.0.0:8099 bound for socket '@default'
2026-04-20 14:29:57,585 [INFO] from io.helidon.webserver.LoomServer in Thread-0 - Started all channels in 8 milliseconds. 694 milliseconds since JVM startup. Java 25+36-LTS
2026-04-20 14:29:58,014 [INFO] from com.jpro.internal.server.JProWSEndpoint in [0x7bd43462 0x37caa03e] WebServer socket - application requested: default params: Map(instanceID -> x3urmjne8w5w699ebefehidd)
2026-04-20 14:29:58,014 [INFO] from com.jpro.internal.server.JProWSEndpoint in [0x7bd43462 0x37caa03e] WebServer socket - Creating Application: default
2026-04-20 14:29:58,014 [INFO] from com.jpro.internal.server.JProWSEndpoint in [0x7bd43462 0x37caa03e] WebServer socket - remoteAddress 0:0:0:0:0:0:0:1
2026-04-20 14:29:58,014 [INFO] from com.jpro.internal.server.JProWSEndpoint in [0x7bd43462 0x37caa03e] WebServer socket - host          
2026-04-20 14:29:58,014 [INFO] from com.jpro.internal.server.JProWSEndpoint in [0x7bd43462 0x37caa03e] WebServer socket - uri           /app/ws/default?instanceID=x3urmjne8w5w699ebefehidd
2026-04-20 14:29:58,019 [INFO] from com.jpro.internal.server.JProWSEndpoint in [0x7bd43462 0x37caa03e] WebServer socket - Application found.
2026-04-20 14:29:58,020 [INFO] from com.jpro.internal.server.JProWSEndpoint in [0x7bd43462 0x37caa03e] WebServer socket - WebSocket for [default] closed: 1001 – normal
2026-04-20 14:29:58,108 [INFO] from com.jpro.internal.server.JProWSEndpoint in [0x7bd43462 0x2c2610af] WebServer socket - application requested: default params: Map()
2026-04-20 14:29:58,108 [INFO] from com.jpro.internal.server.JProWSEndpoint in [0x7bd43462 0x2c2610af] WebServer socket - Creating Application: default
2026-04-20 14:29:58,108 [INFO] from com.jpro.internal.server.JProWSEndpoint in [0x7bd43462 0x2c2610af] WebServer socket - remoteAddress 0:0:0:0:0:0:0:1
2026-04-20 14:29:58,108 [INFO] from com.jpro.internal.server.JProWSEndpoint in [0x7bd43462 0x2c2610af] WebServer socket - host          
2026-04-20 14:29:58,108 [INFO] from com.jpro.internal.server.JProWSEndpoint in [0x7bd43462 0x2c2610af] WebServer socket - uri           /app/ws/default
2026-04-20 14:29:58,108 [INFO] from com.jpro.internal.server.JProWSEndpoint in [0x7bd43462 0x2c2610af] WebServer socket - Application found.
2026-04-20 14:29:58,114 [INFO] from com.jpro.internal.server.JProWSEndpoint in [0x7bd43462 0x2c2610af] WebServer socket - Handshake received: 1fc848e7be83856bef963b103116f03f
2026-04-20 14:29:58,196 [INFO] from com.jpro.internal.stats.ViewInfo$ in JavaFX Application Thread - [JPro] -> View created: {app_name: default, host_name: localhost:8099, instance_id: 438hhn4ne0u7jsz3hjz0zwtip, browser: Safari 605.1.15, browser_url: http://localhost:8099/, client_ip: 0:0:0:0:0:0:0:1}
2026-04-20 14:29:58,312 [INFO] from com.flexganttfx.config in JavaFX Application Thread - FlexGanttFX Version: 11.13.0
2026-04-20 14:29:58,551 [INFO] from com.jpro.internal.communicator.InstanceImpl in JavaFX Application Thread - [JPro] -> Instance created: {app_name: default, host_name: localhost:8099, instance_id: 438hhn4ne0u7jsz3hjz0zwtip, browser: Safari 605.1.15, browser_url: http://localhost:8099/, client_ip: 0:0:0:0:0:0:0:1}
2026-04-20 14:31:57,349 [INFO] from io.helidon.Main in helidon-shutdown-thread - Shutdown requested by JVM shutting down
2026-04-20 14:31:57,349 [INFO] from io.helidon.webserver.ServerListener in server-@default-listener - [0x7bd43462] @default socket closed.
2026-04-20 14:31:57,350 [INFO] from io.helidon.Main in helidon-shutdown-thread - Shutdown finished
2026-04-20 14:31:57,735 [INFO] from com.jpro.activity in scala-execution-context-global-34 - Starting the server
2026-04-20 14:31:57,736 [INFO] from com.jpro.internal.server.JProInitializer$ in scala-execution-context-global-34 -  *** Starting JPro: https://www.jpro.one/ ***
2026-04-20 14:31:57,736 [INFO] from com.jpro.internal.server.JProInitializer$ in scala-execution-context-global-34 - OS: Mac OS X
2026-04-20 14:31:57,740 [INFO] from com.jpro.internal.server.JProInitializer$ in scala-execution-context-global-34 - JPro: 2026.1.1
2026-04-20 14:31:57,740 [INFO] from com.jpro.internal.server.JProInitializer$ in scala-execution-context-global-34 - Java version: 25
2026-04-20 14:31:57,740 [INFO] from com.jpro.internal.server.JProInitializer$ in scala-execution-context-global-34 - JVM: 25 Azul Systems, Inc.
2026-04-20 14:31:57,741 [INFO] from com.jpro.internal.server.JProInitializer$ in scala-execution-context-global-34 - JavaFX jar: file:/Users/lemmi/.m2/repository/org/openjfx/javafx-graphics/25.0.2-jpro+1/javafx-graphics-25.0.2-jpro+1-mac-aarch64.jar
2026-04-20 14:31:57,744 [INFO] from com.jpro.internal.server.JProInitializer$ in scala-execution-context-global-34 - Configuring logging from url: 'jar:file:/Users/lemmi/.m2/repository/one/jpro/jpro-server_2.12/2026.1.1/jpro-server_2.12-2026.1.1.jar!/logback-jpro-default.xml'
2026-04-20 14:31:57,939 [INFO] from com.jpro.internal.server.JProInitializer$ in JavaFX Application Thread - JavaFX version: 25.0.2-jpro+1
2026-04-20 14:31:58,001 [INFO] from com.jpro.internal.server.JProInitializer$ in scala-execution-context-global-34 - finished init!
2026-04-20 14:31:58,004 [INFO] from com.jpro.internal.server.JProInitializer$ in scala-execution-context-global-34 - [JPro] -> Server started: {start_time: 1776688317734, os_name: Mac OS X, jpro_version: 2026.1.1, pid: 39787, servername: A975}
2026-04-20 14:31:58,042 [INFO] from com.jpro.internal.server.Route$ in Thread-0 - Creating routing for JPro server
2026-04-20 14:31:58,073 [INFO] from io.helidon.common.features.HelidonFeatures in features-thread - Helidon SE 4.2.6 features: [Config, Encoding, Media, Metrics, Registry, WebServer, WebSocket]
2026-04-20 14:31:58,079 [INFO] from io.helidon.webserver.ServerListener in start @default (/0.0.0.0:8099) - [0x26f10bb2] http://0.0.0.0:8099 bound for socket '@default'
2026-04-20 14:31:58,082 [INFO] from io.helidon.webserver.LoomServer in Thread-0 - Started all channels in 10 milliseconds. 713 milliseconds since JVM startup. Java 25+36-LTS
2026-04-20 14:31:58,494 [INFO] from com.jpro.internal.server.JProWSEndpoint in [0x26f10bb2 0x37caa03e] WebServer socket - application requested: default params: Map(instanceID -> 438hhn4ne0u7jsz3hjz0zwtip)
2026-04-20 14:31:58,494 [INFO] from com.jpro.internal.server.JProWSEndpoint in [0x26f10bb2 0x37caa03e] WebServer socket - Creating Application: default
2026-04-20 14:31:58,494 [INFO] from com.jpro.internal.server.JProWSEndpoint in [0x26f10bb2 0x37caa03e] WebServer socket - remoteAddress 0:0:0:0:0:0:0:1
2026-04-20 14:31:58,494 [INFO] from com.jpro.internal.server.JProWSEndpoint in [0x26f10bb2 0x37caa03e] WebServer socket - host          
2026-04-20 14:31:58,495 [INFO] from com.jpro.internal.server.JProWSEndpoint in [0x26f10bb2 0x37caa03e] WebServer socket - uri           /app/ws/default?instanceID=438hhn4ne0u7jsz3hjz0zwtip
2026-04-20 14:31:58,500 [INFO] from com.jpro.internal.server.JProWSEndpoint in [0x26f10bb2 0x37caa03e] WebServer socket - Application found.
2026-04-20 14:31:58,502 [INFO] from com.jpro.internal.server.JProWSEndpoint in [0x26f10bb2 0x37caa03e] WebServer socket - WebSocket for [default] closed: 1001 – normal
2026-04-20 14:31:58,576 [INFO] from com.jpro.internal.server.JProWSEndpoint in [0x26f10bb2 0x26e6c0d7] WebServer socket - application requested: default params: Map()
2026-04-20 14:31:58,576 [INFO] from com.jpro.internal.server.JProWSEndpoint in [0x26f10bb2 0x26e6c0d7] WebServer socket - Creating Application: default
2026-04-20 14:31:58,576 [INFO] from com.jpro.internal.server.JProWSEndpoint in [0x26f10bb2 0x26e6c0d7] WebServer socket - remoteAddress 0:0:0:0:0:0:0:1
2026-04-20 14:31:58,576 [INFO] from com.jpro.internal.server.JProWSEndpoint in [0x26f10bb2 0x26e6c0d7] WebServer socket - host          
2026-04-20 14:31:58,576 [INFO] from com.jpro.internal.server.JProWSEndpoint in [0x26f10bb2 0x26e6c0d7] WebServer socket - uri           /app/ws/default
2026-04-20 14:31:58,576 [INFO] from com.jpro.internal.server.JProWSEndpoint in [0x26f10bb2 0x26e6c0d7] WebServer socket - Application found.
2026-04-20 14:31:58,578 [INFO] from com.jpro.internal.server.JProWSEndpoint in [0x26f10bb2 0x26e6c0d7] WebServer socket - Handshake received: 1fc848e7be83856bef963b103116f03f
2026-04-20 14:31:58,691 [INFO] from com.jpro.internal.stats.ViewInfo$ in JavaFX Application Thread - [JPro] -> View created: {app_name: default, host_name: localhost:8099, instance_id: 6lf6row1j2w5675yuwnf44vdn, browser: Safari 605.1.15, browser_url: http://localhost:8099/, client_ip: 0:0:0:0:0:0:0:1}
2026-04-20 14:31:58,828 [INFO] from com.flexganttfx.config in JavaFX Application Thread - FlexGanttFX Version: 11.13.0
2026-04-20 14:31:59,081 [INFO] from com.jpro.internal.communicator.InstanceImpl in JavaFX Application Thread - [JPro] -> Instance created: {app_name: default, host_name: localhost:8099, instance_id: 6lf6row1j2w5675yuwnf44vdn, browser: Safari 605.1.15, browser_url: http://localhost:8099/, client_ip: 0:0:0:0:0:0:0:1}
2026-04-20 14:32:25,007 [INFO] from io.helidon.Main in helidon-shutdown-thread - Shutdown requested by JVM shutting down
2026-04-20 14:32:25,008 [INFO] from io.helidon.webserver.ServerListener in server-@default-listener - [0x26f10bb2] @default socket closed.
2026-04-20 14:32:25,009 [INFO] from io.helidon.Main in helidon-shutdown-thread - Shutdown finished
2026-04-20 14:32:25,378 [INFO] from com.jpro.activity in scala-execution-context-global-34 - Starting the server
2026-04-20 14:32:25,379 [INFO] from com.jpro.internal.server.JProInitializer$ in scala-execution-context-global-34 -  *** Starting JPro: https://www.jpro.one/ ***
2026-04-20 14:32:25,379 [INFO] from com.jpro.internal.server.JProInitializer$ in scala-execution-context-global-34 - OS: Mac OS X
2026-04-20 14:32:25,383 [INFO] from com.jpro.internal.server.JProInitializer$ in scala-execution-context-global-34 - JPro: 2026.1.1
2026-04-20 14:32:25,383 [INFO] from com.jpro.internal.server.JProInitializer$ in scala-execution-context-global-34 - Java version: 25
2026-04-20 14:32:25,383 [INFO] from com.jpro.internal.server.JProInitializer$ in scala-execution-context-global-34 - JVM: 25 Azul Systems, Inc.
2026-04-20 14:32:25,386 [INFO] from com.jpro.internal.server.JProInitializer$ in scala-execution-context-global-34 - JavaFX jar: file:/Users/lemmi/.m2/repository/org/openjfx/javafx-graphics/25.0.2-jpro+1/javafx-graphics-25.0.2-jpro+1-mac-aarch64.jar
2026-04-20 14:32:25,387 [INFO] from com.jpro.internal.server.JProInitializer$ in scala-execution-context-global-34 - Configuring logging from url: 'jar:file:/Users/lemmi/.m2/repository/one/jpro/jpro-server_2.12/2026.1.1/jpro-server_2.12-2026.1.1.jar!/logback-jpro-default.xml'
2026-04-20 14:32:25,575 [INFO] from com.jpro.internal.server.JProInitializer$ in JavaFX Application Thread - JavaFX version: 25.0.2-jpro+1
2026-04-20 14:32:25,640 [INFO] from com.jpro.internal.server.JProInitializer$ in scala-execution-context-global-34 - finished init!
2026-04-20 14:32:25,642 [INFO] from com.jpro.internal.server.JProInitializer$ in scala-execution-context-global-34 - [JPro] -> Server started: {start_time: 1776688345377, os_name: Mac OS X, jpro_version: 2026.1.1, pid: 39835, servername: O231}
2026-04-20 14:32:25,680 [INFO] from com.jpro.internal.server.Route$ in Thread-0 - Creating routing for JPro server
2026-04-20 14:32:25,707 [INFO] from io.helidon.common.features.HelidonFeatures in features-thread - Helidon SE 4.2.6 features: [Config, Encoding, Media, Metrics, Registry, WebServer, WebSocket]
2026-04-20 14:32:25,713 [INFO] from io.helidon.webserver.ServerListener in start @default (/0.0.0.0:8099) - [0x1197c85b] http://0.0.0.0:8099 bound for socket '@default'
2026-04-20 14:32:25,716 [INFO] from io.helidon.webserver.LoomServer in Thread-0 - Started all channels in 10 milliseconds. 687 milliseconds since JVM startup. Java 25+36-LTS
2026-04-20 14:32:26,130 [INFO] from com.jpro.internal.server.JProWSEndpoint in [0x1197c85b 0x5c61a081] WebServer socket - application requested: default params: Map(instanceID -> 6lf6row1j2w5675yuwnf44vdn)
2026-04-20 14:32:26,130 [INFO] from com.jpro.internal.server.JProWSEndpoint in [0x1197c85b 0x5c61a081] WebServer socket - Creating Application: default
2026-04-20 14:32:26,130 [INFO] from com.jpro.internal.server.JProWSEndpoint in [0x1197c85b 0x5c61a081] WebServer socket - remoteAddress 0:0:0:0:0:0:0:1
2026-04-20 14:32:26,130 [INFO] from com.jpro.internal.server.JProWSEndpoint in [0x1197c85b 0x5c61a081] WebServer socket - host          
2026-04-20 14:32:26,130 [INFO] from com.jpro.internal.server.JProWSEndpoint in [0x1197c85b 0x5c61a081] WebServer socket - uri           /app/ws/default?instanceID=6lf6row1j2w5675yuwnf44vdn
2026-04-20 14:32:26,135 [INFO] from com.jpro.internal.server.JProWSEndpoint in [0x1197c85b 0x5c61a081] WebServer socket - Application found.
2026-04-20 14:32:26,137 [INFO] from com.jpro.internal.server.JProWSEndpoint in [0x1197c85b 0x5c61a081] WebServer socket - WebSocket for [default] closed: 1001 – normal
2026-04-20 14:32:26,187 [INFO] from com.jpro.internal.server.JProWSEndpoint in [0x1197c85b 0x6575ac1e] WebServer socket - application requested: default params: Map()
2026-04-20 14:32:26,187 [INFO] from com.jpro.internal.server.JProWSEndpoint in [0x1197c85b 0x6575ac1e] WebServer socket - Creating Application: default
2026-04-20 14:32:26,187 [INFO] from com.jpro.internal.server.JProWSEndpoint in [0x1197c85b 0x6575ac1e] WebServer socket - remoteAddress 0:0:0:0:0:0:0:1
2026-04-20 14:32:26,187 [INFO] from com.jpro.internal.server.JProWSEndpoint in [0x1197c85b 0x6575ac1e] WebServer socket - host          
2026-04-20 14:32:26,187 [INFO] from com.jpro.internal.server.JProWSEndpoint in [0x1197c85b 0x6575ac1e] WebServer socket - uri           /app/ws/default
2026-04-20 14:32:26,187 [INFO] from com.jpro.internal.server.JProWSEndpoint in [0x1197c85b 0x6575ac1e] WebServer socket - Application found.
2026-04-20 14:32:26,188 [INFO] from com.jpro.internal.server.JProWSEndpoint in [0x1197c85b 0x6575ac1e] WebServer socket - Handshake received: 1fc848e7be83856bef963b103116f03f
2026-04-20 14:32:26,263 [INFO] from com.jpro.internal.stats.ViewInfo$ in JavaFX Application Thread - [JPro] -> View created: {app_name: default, host_name: localhost:8099, instance_id: 3dr7seidntwuhyi4awh81k3ed, browser: Safari 605.1.15, browser_url: http://localhost:8099/, client_ip: 0:0:0:0:0:0:0:1}
2026-04-20 14:32:26,377 [INFO] from com.flexganttfx.config in JavaFX Application Thread - FlexGanttFX Version: 11.13.0
2026-04-20 14:32:26,620 [INFO] from com.jpro.internal.communicator.InstanceImpl in JavaFX Application Thread - [JPro] -> Instance created: {app_name: default, host_name: localhost:8099, instance_id: 3dr7seidntwuhyi4awh81k3ed, browser: Safari 605.1.15, browser_url: http://localhost:8099/, client_ip: 0:0:0:0:0:0:0:1}
2026-04-20 14:35:09,097 [INFO] from io.helidon.Main in helidon-shutdown-thread - Shutdown requested by JVM shutting down
2026-04-20 14:35:09,098 [INFO] from io.helidon.webserver.ServerListener in server-@default-listener - [0x1197c85b] @default socket closed.
2026-04-20 14:35:09,099 [INFO] from io.helidon.Main in helidon-shutdown-thread - Shutdown finished
2026-04-20 14:35:09,487 [INFO] from com.jpro.activity in scala-execution-context-global-34 - Starting the server
2026-04-20 14:35:09,488 [INFO] from com.jpro.internal.server.JProInitializer$ in scala-execution-context-global-34 -  *** Starting JPro: https://www.jpro.one/ ***
2026-04-20 14:35:09,489 [INFO] from com.jpro.internal.server.JProInitializer$ in scala-execution-context-global-34 - OS: Mac OS X
2026-04-20 14:35:09,493 [INFO] from com.jpro.internal.server.JProInitializer$ in scala-execution-context-global-34 - JPro: 2026.1.1
2026-04-20 14:35:09,493 [INFO] from com.jpro.internal.server.JProInitializer$ in scala-execution-context-global-34 - Java version: 25
2026-04-20 14:35:09,493 [INFO] from com.jpro.internal.server.JProInitializer$ in scala-execution-context-global-34 - JVM: 25 Azul Systems, Inc.
2026-04-20 14:35:09,496 [INFO] from com.jpro.internal.server.JProInitializer$ in scala-execution-context-global-34 - JavaFX jar: file:/Users/lemmi/.m2/repository/org/openjfx/javafx-graphics/25.0.2-jpro+1/javafx-graphics-25.0.2-jpro+1-mac-aarch64.jar
2026-04-20 14:35:09,498 [INFO] from com.jpro.internal.server.JProInitializer$ in scala-execution-context-global-34 - Configuring logging from url: 'jar:file:/Users/lemmi/.m2/repository/one/jpro/jpro-server_2.12/2026.1.1/jpro-server_2.12-2026.1.1.jar!/logback-jpro-default.xml'
2026-04-20 14:35:09,697 [INFO] from com.jpro.internal.server.JProInitializer$ in JavaFX Application Thread - JavaFX version: 25.0.2-jpro+1
2026-04-20 14:35:09,763 [INFO] from com.jpro.internal.server.JProInitializer$ in scala-execution-context-global-34 - finished init!
2026-04-20 14:35:09,765 [INFO] from com.jpro.internal.server.JProInitializer$ in scala-execution-context-global-34 - [JPro] -> Server started: {start_time: 1776688509487, os_name: Mac OS X, jpro_version: 2026.1.1, pid: 39921, servername: E666}
2026-04-20 14:35:09,803 [INFO] from com.jpro.internal.server.Route$ in Thread-0 - Creating routing for JPro server
2026-04-20 14:35:09,829 [INFO] from io.helidon.common.features.HelidonFeatures in features-thread - Helidon SE 4.2.6 features: [Config, Encoding, Media, Metrics, Registry, WebServer, WebSocket]
2026-04-20 14:35:09,833 [INFO] from io.helidon.webserver.ServerListener in start @default (/0.0.0.0:8099) - [0x7452c9ef] http://0.0.0.0:8099 bound for socket '@default'
2026-04-20 14:35:09,836 [INFO] from io.helidon.webserver.LoomServer in Thread-0 - Started all channels in 7 milliseconds. 719 milliseconds since JVM startup. Java 25+36-LTS
2026-04-20 14:35:10,092 [INFO] from io.helidon.Main in helidon-shutdown-thread - Shutdown requested by JVM shutting down
2026-04-20 14:35:10,093 [INFO] from io.helidon.webserver.ServerListener in server-@default-listener - [0x7452c9ef] @default socket closed.
2026-04-20 14:35:10,095 [INFO] from io.helidon.Main in helidon-shutdown-thread - Shutdown finished
2026-04-20 14:35:20,627 [INFO] from com.jpro.activity in scala-execution-context-global-34 - Starting the server
2026-04-20 14:35:20,628 [INFO] from com.jpro.internal.server.JProInitializer$ in scala-execution-context-global-34 -  *** Starting JPro: https://www.jpro.one/ ***
2026-04-20 14:35:20,628 [INFO] from com.jpro.internal.server.JProInitializer$ in scala-execution-context-global-34 - OS: Mac OS X
2026-04-20 14:35:20,631 [INFO] from com.jpro.internal.server.JProInitializer$ in scala-execution-context-global-34 - JPro: 2026.1.1
2026-04-20 14:35:20,631 [INFO] from com.jpro.internal.server.JProInitializer$ in scala-execution-context-global-34 - Java version: 25
2026-04-20 14:35:20,631 [INFO] from com.jpro.internal.server.JProInitializer$ in scala-execution-context-global-34 - JVM: 25 Azul Systems, Inc.
2026-04-20 14:35:20,634 [INFO] from com.jpro.internal.server.JProInitializer$ in scala-execution-context-global-34 - JavaFX jar: file:/Users/lemmi/.m2/repository/org/openjfx/javafx-graphics/25.0.2-jpro+1/javafx-graphics-25.0.2-jpro+1-mac-aarch64.jar
2026-04-20 14:35:20,636 [INFO] from com.jpro.internal.server.JProInitializer$ in scala-execution-context-global-34 - Configuring logging from url: 'jar:file:/Users/lemmi/.m2/repository/one/jpro/jpro-server_2.12/2026.1.1/jpro-server_2.12-2026.1.1.jar!/logback-jpro-default.xml'
2026-04-20 14:35:20,823 [INFO] from com.jpro.internal.server.JProInitializer$ in JavaFX Application Thread - JavaFX version: 25.0.2-jpro+1
2026-04-20 14:35:20,886 [INFO] from com.jpro.internal.server.JProInitializer$ in scala-execution-context-global-34 - finished init!
2026-04-20 14:35:20,888 [INFO] from com.jpro.internal.server.JProInitializer$ in scala-execution-context-global-34 - [JPro] -> Server started: {start_time: 1776688520627, os_name: Mac OS X, jpro_version: 2026.1.1, pid: 39969, servername: X111}
2026-04-20 14:35:20,924 [INFO] from com.jpro.internal.server.Route$ in Thread-0 - Creating routing for JPro server
2026-04-20 14:35:20,948 [INFO] from io.helidon.common.features.HelidonFeatures in features-thread - Helidon SE 4.2.6 features: [Config, Encoding, Media, Metrics, Registry, WebServer, WebSocket]
2026-04-20 14:35:20,953 [INFO] from io.helidon.webserver.ServerListener in start @default (/0.0.0.0:8099) - [0x2ce1ed2a] http://0.0.0.0:8099 bound for socket '@default'
2026-04-20 14:35:20,955 [INFO] from io.helidon.webserver.LoomServer in Thread-0 - Started all channels in 8 milliseconds. 680 milliseconds since JVM startup. Java 25+36-LTS
2026-04-20 14:35:21,510 [INFO] from com.jpro.internal.server.JProWSEndpoint in [0x2ce1ed2a 0x773a2842] WebServer socket - application requested: default params: Map()
2026-04-20 14:35:21,511 [INFO] from com.jpro.internal.server.JProWSEndpoint in [0x2ce1ed2a 0x773a2842] WebServer socket - Creating Application: default
2026-04-20 14:35:21,511 [INFO] from com.jpro.internal.server.JProWSEndpoint in [0x2ce1ed2a 0x773a2842] WebServer socket - remoteAddress 0:0:0:0:0:0:0:1
2026-04-20 14:35:21,511 [INFO] from com.jpro.internal.server.JProWSEndpoint in [0x2ce1ed2a 0x773a2842] WebServer socket - host          
2026-04-20 14:35:21,511 [INFO] from com.jpro.internal.server.JProWSEndpoint in [0x2ce1ed2a 0x773a2842] WebServer socket - uri           /app/ws/default
2026-04-20 14:35:21,514 [INFO] from com.jpro.internal.server.JProWSEndpoint in [0x2ce1ed2a 0x773a2842] WebServer socket - Application found.
2026-04-20 14:35:21,525 [INFO] from com.jpro.internal.server.JProWSEndpoint in [0x2ce1ed2a 0x773a2842] WebServer socket - Handshake received: 1fc848e7be83856bef963b103116f03f
2026-04-20 14:35:21,599 [INFO] from com.jpro.internal.stats.ViewInfo$ in JavaFX Application Thread - [JPro] -> View created: {app_name: default, host_name: localhost:8099, instance_id: 64tcf6fppjwzebplr49uzwsw4, browser: Safari 605.1.15, browser_url: http://localhost:8099/, client_ip: 0:0:0:0:0:0:0:1}
2026-04-20 14:35:21,722 [INFO] from com.flexganttfx.config in JavaFX Application Thread - FlexGanttFX Version: 11.13.0
2026-04-20 14:35:21,973 [INFO] from com.jpro.internal.communicator.InstanceImpl in JavaFX Application Thread - [JPro] -> Instance created: {app_name: default, host_name: localhost:8099, instance_id: 64tcf6fppjwzebplr49uzwsw4, browser: Safari 605.1.15, browser_url: http://localhost:8099/, client_ip: 0:0:0:0:0:0:0:1}
2026-04-20 14:37:51,826 [INFO] from io.helidon.Main in helidon-shutdown-thread - Shutdown requested by JVM shutting down
2026-04-20 14:37:51,826 [INFO] from io.helidon.webserver.ServerListener in server-@default-listener - [0x2ce1ed2a] @default socket closed.
2026-04-20 14:37:51,827 [INFO] from io.helidon.Main in helidon-shutdown-thread - Shutdown finished
2026-04-20 14:37:52,206 [INFO] from com.jpro.activity in scala-execution-context-global-34 - Starting the server
2026-04-20 14:37:52,207 [INFO] from com.jpro.internal.server.JProInitializer$ in scala-execution-context-global-34 -  *** Starting JPro: https://www.jpro.one/ ***
2026-04-20 14:37:52,207 [INFO] from com.jpro.internal.server.JProInitializer$ in scala-execution-context-global-34 - OS: Mac OS X
2026-04-20 14:37:52,210 [INFO] from com.jpro.internal.server.JProInitializer$ in scala-execution-context-global-34 - JPro: 2026.1.1
2026-04-20 14:37:52,210 [INFO] from com.jpro.internal.server.JProInitializer$ in scala-execution-context-global-34 - Java version: 25
2026-04-20 14:37:52,210 [INFO] from com.jpro.internal.server.JProInitializer$ in scala-execution-context-global-34 - JVM: 25 Azul Systems, Inc.
2026-04-20 14:37:52,211 [INFO] from com.jpro.internal.server.JProInitializer$ in scala-execution-context-global-34 - JavaFX jar: file:/Users/lemmi/.m2/repository/org/openjfx/javafx-graphics/25.0.2-jpro+1/javafx-graphics-25.0.2-jpro+1-mac-aarch64.jar
2026-04-20 14:37:52,214 [INFO] from com.jpro.internal.server.JProInitializer$ in scala-execution-context-global-34 - Configuring logging from url: 'jar:file:/Users/lemmi/.m2/repository/one/jpro/jpro-server_2.12/2026.1.1/jpro-server_2.12-2026.1.1.jar!/logback-jpro-default.xml'
2026-04-20 14:37:52,404 [INFO] from com.jpro.internal.server.JProInitializer$ in JavaFX Application Thread - JavaFX version: 25.0.2-jpro+1
2026-04-20 14:37:52,468 [INFO] from com.jpro.internal.server.JProInitializer$ in scala-execution-context-global-34 - finished init!
2026-04-20 14:37:52,470 [INFO] from com.jpro.internal.server.JProInitializer$ in scala-execution-context-global-34 - [JPro] -> Server started: {start_time: 1776688672205, os_name: Mac OS X, jpro_version: 2026.1.1, pid: 40094, servername: Y475}
2026-04-20 14:37:52,511 [INFO] from com.jpro.internal.server.Route$ in Thread-0 - Creating routing for JPro server
2026-04-20 14:37:52,536 [INFO] from io.helidon.common.features.HelidonFeatures in features-thread - Helidon SE 4.2.6 features: [Config, Encoding, Media, Metrics, Registry, WebServer, WebSocket]
2026-04-20 14:37:52,541 [INFO] from io.helidon.webserver.ServerListener in start @default (/0.0.0.0:8099) - [0x621aa3a5] http://0.0.0.0:8099 bound for socket '@default'
2026-04-20 14:37:52,543 [INFO] from io.helidon.webserver.LoomServer in Thread-0 - Started all channels in 7 milliseconds. 697 milliseconds since JVM startup. Java 25+36-LTS
2026-04-20 14:37:52,975 [INFO] from com.jpro.internal.server.JProWSEndpoint in [0x621aa3a5 0x37caa03e] WebServer socket - application requested: default params: Map(instanceID -> 64tcf6fppjwzebplr49uzwsw4)
2026-04-20 14:37:52,975 [INFO] from com.jpro.internal.server.JProWSEndpoint in [0x621aa3a5 0x37caa03e] WebServer socket - Creating Application: default
2026-04-20 14:37:52,975 [INFO] from com.jpro.internal.server.JProWSEndpoint in [0x621aa3a5 0x37caa03e] WebServer socket - remoteAddress 0:0:0:0:0:0:0:1
2026-04-20 14:37:52,975 [INFO] from com.jpro.internal.server.JProWSEndpoint in [0x621aa3a5 0x37caa03e] WebServer socket - host          
2026-04-20 14:37:52,976 [INFO] from com.jpro.internal.server.JProWSEndpoint in [0x621aa3a5 0x37caa03e] WebServer socket - uri           /app/ws/default?instanceID=64tcf6fppjwzebplr49uzwsw4
2026-04-20 14:37:52,981 [INFO] from com.jpro.internal.server.JProWSEndpoint in [0x621aa3a5 0x37caa03e] WebServer socket - Application found.
2026-04-20 14:37:52,982 [INFO] from com.jpro.internal.server.JProWSEndpoint in [0x621aa3a5 0x37caa03e] WebServer socket - WebSocket for [default] closed: 1001 – normal
2026-04-20 14:37:53,045 [INFO] from com.jpro.internal.server.JProWSEndpoint in [0x621aa3a5 0x199ec3e3] WebServer socket - application requested: default params: Map()
2026-04-20 14:37:53,045 [INFO] from com.jpro.internal.server.JProWSEndpoint in [0x621aa3a5 0x199ec3e3] WebServer socket - Creating Application: default
2026-04-20 14:37:53,045 [INFO] from com.jpro.internal.server.JProWSEndpoint in [0x621aa3a5 0x199ec3e3] WebServer socket - remoteAddress 0:0:0:0:0:0:0:1
2026-04-20 14:37:53,045 [INFO] from com.jpro.internal.server.JProWSEndpoint in [0x621aa3a5 0x199ec3e3] WebServer socket - host          
2026-04-20 14:37:53,045 [INFO] from com.jpro.internal.server.JProWSEndpoint in [0x621aa3a5 0x199ec3e3] WebServer socket - uri           /app/ws/default
2026-04-20 14:37:53,045 [INFO] from com.jpro.internal.server.JProWSEndpoint in [0x621aa3a5 0x199ec3e3] WebServer socket - Application found.
2026-04-20 14:37:53,064 [INFO] from com.jpro.internal.server.JProWSEndpoint in [0x621aa3a5 0x199ec3e3] WebServer socket - Handshake received: 1fc848e7be83856bef963b103116f03f
2026-04-20 14:37:53,151 [INFO] from com.jpro.internal.stats.ViewInfo$ in JavaFX Application Thread - [JPro] -> View created: {app_name: default, host_name: localhost:8099, instance_id: cle7wfqet6xgwnf2ajtq1o2o, browser: Safari 605.1.15, browser_url: http://localhost:8099/, client_ip: 0:0:0:0:0:0:0:1}
2026-04-20 14:37:53,279 [INFO] from com.flexganttfx.config in JavaFX Application Thread - FlexGanttFX Version: 11.13.0
2026-04-20 14:37:53,549 [INFO] from com.jpro.internal.communicator.InstanceImpl in JavaFX Application Thread - [JPro] -> Instance created: {app_name: default, host_name: localhost:8099, instance_id: cle7wfqet6xgwnf2ajtq1o2o, browser: Safari 605.1.15, browser_url: http://localhost:8099/, client_ip: 0:0:0:0:0:0:0:1}
2026-04-20 14:40:11,496 [INFO] from io.helidon.Main in helidon-shutdown-thread - Shutdown requested by JVM shutting down
2026-04-20 14:40:11,496 [INFO] from io.helidon.webserver.ServerListener in server-@default-listener - [0x621aa3a5] @default socket closed.
2026-04-20 14:40:11,497 [INFO] from io.helidon.Main in helidon-shutdown-thread - Shutdown finished
2026-04-20 14:40:11,887 [INFO] from com.jpro.activity in scala-execution-context-global-34 - Starting the server
2026-04-20 14:40:11,889 [INFO] from com.jpro.internal.server.JProInitializer$ in scala-execution-context-global-34 -  *** Starting JPro: https://www.jpro.one/ ***
2026-04-20 14:40:11,889 [INFO] from com.jpro.internal.server.JProInitializer$ in scala-execution-context-global-34 - OS: Mac OS X
2026-04-20 14:40:11,893 [INFO] from com.jpro.internal.server.JProInitializer$ in scala-execution-context-global-34 - JPro: 2026.1.1
2026-04-20 14:40:11,893 [INFO] from com.jpro.internal.server.JProInitializer$ in scala-execution-context-global-34 - Java version: 25
2026-04-20 14:40:11,893 [INFO] from com.jpro.internal.server.JProInitializer$ in scala-execution-context-global-34 - JVM: 25 Azul Systems, Inc.
2026-04-20 14:40:11,894 [INFO] from com.jpro.internal.server.JProInitializer$ in scala-execution-context-global-34 - JavaFX jar: file:/Users/lemmi/.m2/repository/org/openjfx/javafx-graphics/25.0.2-jpro+1/javafx-graphics-25.0.2-jpro+1-mac-aarch64.jar
2026-04-20 14:40:11,898 [INFO] from com.jpro.internal.server.JProInitializer$ in scala-execution-context-global-34 - Configuring logging from url: 'jar:file:/Users/lemmi/.m2/repository/one/jpro/jpro-server_2.12/2026.1.1/jpro-server_2.12-2026.1.1.jar!/logback-jpro-default.xml'
2026-04-20 14:40:12,096 [INFO] from com.jpro.internal.server.JProInitializer$ in JavaFX Application Thread - JavaFX version: 25.0.2-jpro+1
2026-04-20 14:40:12,152 [INFO] from com.jpro.internal.server.JProInitializer$ in scala-execution-context-global-34 - finished init!
2026-04-20 14:40:12,154 [INFO] from com.jpro.internal.server.JProInitializer$ in scala-execution-context-global-34 - [JPro] -> Server started: {start_time: 1776688811887, os_name: Mac OS X, jpro_version: 2026.1.1, pid: 40232, servername: V939}
2026-04-20 14:40:12,203 [INFO] from com.jpro.internal.server.Route$ in Thread-0 - Creating routing for JPro server
2026-04-20 14:40:12,232 [INFO] from io.helidon.common.features.HelidonFeatures in features-thread - Helidon SE 4.2.6 features: [Config, Encoding, Media, Metrics, Registry, WebServer, WebSocket]
2026-04-20 14:40:12,237 [INFO] from io.helidon.webserver.ServerListener in start @default (/0.0.0.0:8099) - [0x52637b95] http://0.0.0.0:8099 bound for socket '@default'
2026-04-20 14:40:12,240 [INFO] from io.helidon.webserver.LoomServer in Thread-0 - Started all channels in 9 milliseconds. 724 milliseconds since JVM startup. Java 25+36-LTS
2026-04-20 14:40:12,667 [INFO] from com.jpro.internal.server.JProWSEndpoint in [0x52637b95 0x37caa03e] WebServer socket - application requested: default params: Map(instanceID -> cle7wfqet6xgwnf2ajtq1o2o)
2026-04-20 14:40:12,667 [INFO] from com.jpro.internal.server.JProWSEndpoint in [0x52637b95 0x37caa03e] WebServer socket - Creating Application: default
2026-04-20 14:40:12,667 [INFO] from com.jpro.internal.server.JProWSEndpoint in [0x52637b95 0x37caa03e] WebServer socket - remoteAddress 0:0:0:0:0:0:0:1
2026-04-20 14:40:12,667 [INFO] from com.jpro.internal.server.JProWSEndpoint in [0x52637b95 0x37caa03e] WebServer socket - host          
2026-04-20 14:40:12,667 [INFO] from com.jpro.internal.server.JProWSEndpoint in [0x52637b95 0x37caa03e] WebServer socket - uri           /app/ws/default?instanceID=cle7wfqet6xgwnf2ajtq1o2o
2026-04-20 14:40:12,671 [INFO] from com.jpro.internal.server.JProWSEndpoint in [0x52637b95 0x37caa03e] WebServer socket - Application found.
2026-04-20 14:40:12,672 [INFO] from com.jpro.internal.server.JProWSEndpoint in [0x52637b95 0x37caa03e] WebServer socket - Handshake received: 1fc848e7be83856bef963b103116f03f
2026-04-20 14:40:12,800 [INFO] from com.jpro.internal.stats.ViewInfo$ in JavaFX Application Thread - [JPro] -> View created: {app_name: default, host_name: localhost:8099, instance_id: difqcnyijn1crl22147hmagsh, browser: Safari 605.1.15, browser_url: http://localhost:8099/, client_ip: 0:0:0:0:0:0:0:1}
2026-04-20 14:40:12,940 [INFO] from com.flexganttfx.config in JavaFX Application Thread - FlexGanttFX Version: 11.13.0
2026-04-20 14:40:13,011 [INFO] from com.jpro.internal.server.JProWSEndpoint in [0x52637b95 0x37caa03e] WebServer socket - Frame received after poison, ignoring
2026-04-20 14:40:13,011 [INFO] from com.jpro.internal.server.JProWSEndpoint in [0x52637b95 0x37caa03e] WebServer socket - WebSocket for [default] closed: 1000 – tab-closed
2026-04-20 14:40:13,068 [INFO] from com.jpro.internal.server.JProWSEndpoint in [0x52637b95 0x24d5eff7] WebServer socket - application requested: default params: Map()
2026-04-20 14:40:13,068 [INFO] from com.jpro.internal.server.JProWSEndpoint in [0x52637b95 0x24d5eff7] WebServer socket - Creating Application: default
2026-04-20 14:40:13,068 [INFO] from com.jpro.internal.server.JProWSEndpoint in [0x52637b95 0x24d5eff7] WebServer socket - remoteAddress 0:0:0:0:0:0:0:1
2026-04-20 14:40:13,068 [INFO] from com.jpro.internal.server.JProWSEndpoint in [0x52637b95 0x24d5eff7] WebServer socket - host          
2026-04-20 14:40:13,068 [INFO] from com.jpro.internal.server.JProWSEndpoint in [0x52637b95 0x24d5eff7] WebServer socket - uri           /app/ws/default
2026-04-20 14:40:13,068 [INFO] from com.jpro.internal.server.JProWSEndpoint in [0x52637b95 0x24d5eff7] WebServer socket - Application found.
2026-04-20 14:40:13,070 [INFO] from com.jpro.internal.server.JProWSEndpoint in [0x52637b95 0x24d5eff7] WebServer socket - Handshake received: 1fc848e7be83856bef963b103116f03f
2026-04-20 14:40:13,211 [INFO] from com.jpro.internal.communicator.InstanceImpl in JavaFX Application Thread - [JPro] -> Instance created: {app_name: default, host_name: localhost:8099, instance_id: difqcnyijn1crl22147hmagsh, browser: Safari 605.1.15, browser_url: http://localhost:8099/, client_ip: 0:0:0:0:0:0:0:1}
2026-04-20 14:40:13,449 [INFO] from com.jpro.internal.stats.ViewInfo$ in JavaFX Application Thread - [JPro] -> View closed: {app_name: default, host_name: localhost:8099, instance_id: difqcnyijn1crl22147hmagsh, browser: Safari 605.1.15, browser_url: http://localhost:8099/, client_ip: 0:0:0:0:0:0:0:1, reason: tab-closed}
2026-04-20 14:40:13,452 [INFO] from com.jpro.internal.stats.ViewInfo$ in JavaFX Application Thread - 
2026-04-20 14:40:13,452 [INFO] from com.jpro.internal.stats.ViewInfo$ in JavaFX Application Thread - Application closed:
2026-04-20 14:40:13,455 [INFO] from com.jpro.internal.stats.ViewInfo$ in JavaFX Application Thread - startTime      : Mon Apr 20 14:40:12 CEST 2026      
2026-04-20 14:40:13,455 [INFO] from com.jpro.internal.stats.ViewInfo$ in JavaFX Application Thread - duration       : 00:00:00.657 
2026-04-20 14:40:13,455 [INFO] from com.jpro.internal.stats.ViewInfo$ in JavaFX Application Thread - averageLatency : 00:00:00.000 
2026-04-20 14:40:13,456 [INFO] from com.jpro.internal.stats.ViewInfo$ in JavaFX Application Thread - averageJitter  : 00:00:00.000  
2026-04-20 14:40:13,456 [INFO] from com.jpro.internal.stats.ViewInfo$ in JavaFX Application Thread - framerateServer: 00:00:00.000
2026-04-20 14:40:13,456 [INFO] from com.jpro.internal.stats.ViewInfo$ in JavaFX Application Thread - framerateClient: 00:00:00.000
2026-04-20 14:40:13,456 [INFO] from com.jpro.internal.stats.ViewInfo$ in JavaFX Application Thread - raw            : 0
2026-04-20 14:40:13,456 [INFO] from com.jpro.internal.stats.ViewInfo$ in JavaFX Application Thread - zipped         : 0
2026-04-20 14:40:13,456 [INFO] from com.jpro.internal.stats.ViewInfo$ in JavaFX Application Thread - 
2026-04-20 14:40:13,487 [INFO] from com.jpro.internal.stats.ViewInfo$ in JavaFX Application Thread - [JPro] -> View created: {app_name: default, host_name: localhost:8099, instance_id: 1unqz0zfekirt9g6d0vf502mc, browser: Safari 605.1.15, browser_url: http://localhost:8099/, client_ip: 0:0:0:0:0:0:0:1}
2026-04-20 14:40:13,548 [INFO] from com.jpro.internal.communicator.InstanceImpl in JavaFX Application Thread - [JPro] -> Instance created: {app_name: default, host_name: localhost:8099, instance_id: 1unqz0zfekirt9g6d0vf502mc, browser: Safari 605.1.15, browser_url: http://localhost:8099/, client_ip: 0:0:0:0:0:0:0:1}
2026-04-20 14:40:14,436 [INFO] from com.jpro.internal.communicator.InstanceImpl in JavaFX Application Thread - [JPro] -> Instance closed: {app_name: default, host_name: localhost:8099, instance_id: difqcnyijn1crl22147hmagsh, browser: Safari 605.1.15, browser_url: http://localhost:8099/, client_ip: 0:0:0:0:0:0:0:1, reason: close-tab-closed}
2026-04-20 14:41:30,701 [INFO] from io.helidon.Main in helidon-shutdown-thread - Shutdown requested by JVM shutting down
2026-04-20 14:41:30,702 [INFO] from io.helidon.webserver.ServerListener in server-@default-listener - [0x52637b95] @default socket closed.
2026-04-20 14:41:30,702 [INFO] from io.helidon.Main in helidon-shutdown-thread - Shutdown finished
2026-04-20 14:41:31,096 [INFO] from com.jpro.activity in scala-execution-context-global-34 - Starting the server
2026-04-20 14:41:31,098 [INFO] from com.jpro.internal.server.JProInitializer$ in scala-execution-context-global-34 -  *** Starting JPro: https://www.jpro.one/ ***
2026-04-20 14:41:31,098 [INFO] from com.jpro.internal.server.JProInitializer$ in scala-execution-context-global-34 - OS: Mac OS X
2026-04-20 14:41:31,102 [INFO] from com.jpro.internal.server.JProInitializer$ in scala-execution-context-global-34 - JPro: 2026.1.1
2026-04-20 14:41:31,102 [INFO] from com.jpro.internal.server.JProInitializer$ in scala-execution-context-global-34 - Java version: 25
2026-04-20 14:41:31,102 [INFO] from com.jpro.internal.server.JProInitializer$ in scala-execution-context-global-34 - JVM: 25 Azul Systems, Inc.
2026-04-20 14:41:31,102 [INFO] from com.jpro.internal.server.JProInitializer$ in scala-execution-context-global-34 - JavaFX jar: file:/Users/lemmi/.m2/repository/org/openjfx/javafx-graphics/25.0.2-jpro+1/javafx-graphics-25.0.2-jpro+1-mac-aarch64.jar
2026-04-20 14:41:31,106 [INFO] from com.jpro.internal.server.JProInitializer$ in scala-execution-context-global-34 - Configuring logging from url: 'jar:file:/Users/lemmi/.m2/repository/one/jpro/jpro-server_2.12/2026.1.1/jpro-server_2.12-2026.1.1.jar!/logback-jpro-default.xml'
2026-04-20 14:41:31,301 [INFO] from com.jpro.internal.server.JProInitializer$ in JavaFX Application Thread - JavaFX version: 25.0.2-jpro+1
2026-04-20 14:41:31,366 [INFO] from com.jpro.internal.server.JProInitializer$ in scala-execution-context-global-34 - finished init!
2026-04-20 14:41:31,368 [INFO] from com.jpro.internal.server.JProInitializer$ in scala-execution-context-global-34 - [JPro] -> Server started: {start_time: 1776688891096, os_name: Mac OS X, jpro_version: 2026.1.1, pid: 40297, servername: Z569}
2026-04-20 14:41:31,405 [INFO] from com.jpro.internal.server.Route$ in Thread-0 - Creating routing for JPro server
2026-04-20 14:41:31,430 [INFO] from io.helidon.common.features.HelidonFeatures in features-thread - Helidon SE 4.2.6 features: [Config, Encoding, Media, Metrics, Registry, WebServer, WebSocket]
2026-04-20 14:41:31,434 [INFO] from io.helidon.webserver.ServerListener in start @default (/0.0.0.0:8099) - [0x2384f7e6] http://0.0.0.0:8099 bound for socket '@default'
2026-04-20 14:41:31,436 [INFO] from io.helidon.webserver.LoomServer in Thread-0 - Started all channels in 8 milliseconds. 715 milliseconds since JVM startup. Java 25+36-LTS
2026-04-20 14:41:31,842 [INFO] from com.jpro.internal.server.JProWSEndpoint in [0x2384f7e6 0x37caa03e] WebServer socket - application requested: default params: Map(instanceID -> 1unqz0zfekirt9g6d0vf502mc)
2026-04-20 14:41:31,842 [INFO] from com.jpro.internal.server.JProWSEndpoint in [0x2384f7e6 0x37caa03e] WebServer socket - Creating Application: default
2026-04-20 14:41:31,842 [INFO] from com.jpro.internal.server.JProWSEndpoint in [0x2384f7e6 0x37caa03e] WebServer socket - remoteAddress 0:0:0:0:0:0:0:1
2026-04-20 14:41:31,842 [INFO] from com.jpro.internal.server.JProWSEndpoint in [0x2384f7e6 0x37caa03e] WebServer socket - host          
2026-04-20 14:41:31,842 [INFO] from com.jpro.internal.server.JProWSEndpoint in [0x2384f7e6 0x37caa03e] WebServer socket - uri           /app/ws/default?instanceID=1unqz0zfekirt9g6d0vf502mc
2026-04-20 14:41:31,847 [INFO] from com.jpro.internal.server.JProWSEndpoint in [0x2384f7e6 0x37caa03e] WebServer socket - Application found.
2026-04-20 14:41:31,849 [INFO] from com.jpro.internal.server.JProWSEndpoint in [0x2384f7e6 0x37caa03e] WebServer socket - WebSocket for [default] closed: 1001 – normal
2026-04-20 14:41:31,912 [INFO] from com.jpro.internal.server.JProWSEndpoint in [0x2384f7e6 0x7ee7071e] WebServer socket - application requested: default params: Map()
2026-04-20 14:41:31,912 [INFO] from com.jpro.internal.server.JProWSEndpoint in [0x2384f7e6 0x7ee7071e] WebServer socket - Creating Application: default
2026-04-20 14:41:31,913 [INFO] from com.jpro.internal.server.JProWSEndpoint in [0x2384f7e6 0x7ee7071e] WebServer socket - remoteAddress 0:0:0:0:0:0:0:1
2026-04-20 14:41:31,913 [INFO] from com.jpro.internal.server.JProWSEndpoint in [0x2384f7e6 0x7ee7071e] WebServer socket - host          
2026-04-20 14:41:31,913 [INFO] from com.jpro.internal.server.JProWSEndpoint in [0x2384f7e6 0x7ee7071e] WebServer socket - uri           /app/ws/default
2026-04-20 14:41:31,913 [INFO] from com.jpro.internal.server.JProWSEndpoint in [0x2384f7e6 0x7ee7071e] WebServer socket - Application found.
2026-04-20 14:41:31,931 [INFO] from com.jpro.internal.server.JProWSEndpoint in [0x2384f7e6 0x7ee7071e] WebServer socket - Handshake received: 1fc848e7be83856bef963b103116f03f
2026-04-20 14:41:32,017 [INFO] from com.jpro.internal.stats.ViewInfo$ in JavaFX Application Thread - [JPro] -> View created: {app_name: default, host_name: localhost:8099, instance_id: m18n8fsk2wxft5hswt5ylv0z, browser: Safari 605.1.15, browser_url: http://localhost:8099/, client_ip: 0:0:0:0:0:0:0:1}
2026-04-20 14:41:32,145 [INFO] from com.flexganttfx.config in JavaFX Application Thread - FlexGanttFX Version: 11.13.0
2026-04-20 14:41:32,401 [INFO] from com.jpro.internal.communicator.InstanceImpl in JavaFX Application Thread - [JPro] -> Instance created: {app_name: default, host_name: localhost:8099, instance_id: m18n8fsk2wxft5hswt5ylv0z, browser: Safari 605.1.15, browser_url: http://localhost:8099/, client_ip: 0:0:0:0:0:0:0:1}
2026-04-20 14:49:54,235 [INFO] from com.flexganttfx.emirates.model.DataModel in Thread-32 - done reading
2026-04-20 14:49:54,235 [INFO] from com.flexganttfx.emirates.model.DataModel in Thread-32 - returned from unmarshalling
2026-04-20 14:49:54,239 [INFO] from com.flexganttfx.emirates.model.DataModel in Thread-32 - yahoo
2026-04-20 14:49:54,239 [INFO] from com.flexganttfx.emirates.model.DataModel in Thread-32 - done unzipping and unmarshalling
2026-04-20 14:49:58,699 [INFO] from com.flexganttfx.emirates.model.DataModel in Thread-33 - done reading
2026-04-20 14:49:58,699 [INFO] from com.flexganttfx.emirates.model.DataModel in Thread-33 - returned from unmarshalling
2026-04-20 14:49:58,726 [INFO] from com.flexganttfx.emirates.model.DataModel in Thread-33 - yahoo
2026-04-20 14:49:58,726 [INFO] from com.flexganttfx.emirates.model.DataModel in Thread-33 - done unzipping and unmarshalling
2026-04-20 14:50:58,197 [INFO] from io.helidon.Main in helidon-shutdown-thread - Shutdown requested by JVM shutting down
2026-04-20 14:50:58,197 [INFO] from io.helidon.webserver.ServerListener in server-@default-listener - [0x2384f7e6] @default socket closed.
2026-04-20 14:50:58,198 [INFO] from io.helidon.Main in helidon-shutdown-thread - Shutdown finished
2026-04-20 14:50:58,594 [INFO] from com.jpro.activity in scala-execution-context-global-34 - Starting the server
2026-04-20 14:50:58,596 [INFO] from com.jpro.internal.server.JProInitializer$ in scala-execution-context-global-34 -  *** Starting JPro: https://www.jpro.one/ ***
2026-04-20 14:50:58,596 [INFO] from com.jpro.internal.server.JProInitializer$ in scala-execution-context-global-34 - OS: Mac OS X
2026-04-20 14:50:58,600 [INFO] from com.jpro.internal.server.JProInitializer$ in scala-execution-context-global-34 - JPro: 2026.1.1
2026-04-20 14:50:58,600 [INFO] from com.jpro.internal.server.JProInitializer$ in scala-execution-context-global-34 - Java version: 25
2026-04-20 14:50:58,600 [INFO] from com.jpro.internal.server.JProInitializer$ in scala-execution-context-global-34 - JVM: 25 Azul Systems, Inc.
2026-04-20 14:50:58,603 [INFO] from com.jpro.internal.server.JProInitializer$ in scala-execution-context-global-34 - JavaFX jar: file:/Users/lemmi/.m2/repository/org/openjfx/javafx-graphics/25.0.2-jpro+1/javafx-graphics-25.0.2-jpro+1-mac-aarch64.jar
2026-04-20 14:50:58,605 [INFO] from com.jpro.internal.server.JProInitializer$ in scala-execution-context-global-34 - Configuring logging from url: 'jar:file:/Users/lemmi/.m2/repository/one/jpro/jpro-server_2.12/2026.1.1/jpro-server_2.12-2026.1.1.jar!/logback-jpro-default.xml'
2026-04-20 14:50:58,816 [INFO] from com.jpro.internal.server.JProInitializer$ in JavaFX Application Thread - JavaFX version: 25.0.2-jpro+1
2026-04-20 14:50:58,881 [INFO] from com.jpro.internal.server.JProInitializer$ in scala-execution-context-global-34 - finished init!
2026-04-20 14:50:58,883 [INFO] from com.jpro.internal.server.JProInitializer$ in scala-execution-context-global-34 - [JPro] -> Server started: {start_time: 1776689458593, os_name: Mac OS X, jpro_version: 2026.1.1, pid: 41572, servername: V512}
2026-04-20 14:50:58,928 [INFO] from com.jpro.internal.server.Route$ in Thread-0 - Creating routing for JPro server
2026-04-20 14:50:58,976 [INFO] from io.helidon.common.features.HelidonFeatures in features-thread - Helidon SE 4.2.6 features: [Config, Encoding, Media, Metrics, Registry, WebServer, WebSocket]
2026-04-20 14:50:58,981 [INFO] from io.helidon.webserver.ServerListener in start @default (/0.0.0.0:8099) - [0x6c40ec14] http://0.0.0.0:8099 bound for socket '@default'
2026-04-20 14:50:58,984 [INFO] from io.helidon.webserver.LoomServer in Thread-0 - Started all channels in 13 milliseconds. 765 milliseconds since JVM startup. Java 25+36-LTS
2026-04-20 14:50:59,428 [INFO] from com.jpro.internal.server.JProWSEndpoint in [0x6c40ec14 0x0bc97621] WebServer socket - application requested: default params: Map(instanceID -> m18n8fsk2wxft5hswt5ylv0z)
2026-04-20 14:50:59,428 [INFO] from com.jpro.internal.server.JProWSEndpoint in [0x6c40ec14 0x0bc97621] WebServer socket - Creating Application: default
2026-04-20 14:50:59,428 [INFO] from com.jpro.internal.server.JProWSEndpoint in [0x6c40ec14 0x0bc97621] WebServer socket - remoteAddress 0:0:0:0:0:0:0:1
2026-04-20 14:50:59,428 [INFO] from com.jpro.internal.server.JProWSEndpoint in [0x6c40ec14 0x0bc97621] WebServer socket - host          
2026-04-20 14:50:59,428 [INFO] from com.jpro.internal.server.JProWSEndpoint in [0x6c40ec14 0x0bc97621] WebServer socket - uri           /app/ws/default?instanceID=m18n8fsk2wxft5hswt5ylv0z
2026-04-20 14:50:59,434 [INFO] from com.jpro.internal.server.JProWSEndpoint in [0x6c40ec14 0x0bc97621] WebServer socket - Application found.
2026-04-20 14:50:59,435 [INFO] from com.jpro.internal.server.JProWSEndpoint in [0x6c40ec14 0x0bc97621] WebServer socket - Handshake received: 1fc848e7be83856bef963b103116f03f
2026-04-20 14:50:59,556 [INFO] from com.jpro.internal.stats.ViewInfo$ in JavaFX Application Thread - [JPro] -> View created: {app_name: default, host_name: localhost:8099, instance_id: yym5lx58y7zb5bptx3cu4i0k, browser: Safari 605.1.15, browser_url: http://localhost:8099/, client_ip: 0:0:0:0:0:0:0:1}
2026-04-20 14:50:59,695 [INFO] from com.flexganttfx.config in JavaFX Application Thread - FlexGanttFX Version: 11.13.0
2026-04-20 14:50:59,764 [INFO] from com.jpro.internal.server.JProWSEndpoint in [0x6c40ec14 0x0bc97621] WebServer socket - Frame received after poison, ignoring
2026-04-20 14:50:59,764 [INFO] from com.jpro.internal.server.JProWSEndpoint in [0x6c40ec14 0x0bc97621] WebServer socket - WebSocket for [default] closed: 1001 – normal
2026-04-20 14:50:59,811 [INFO] from com.jpro.internal.server.JProWSEndpoint in [0x6c40ec14 0x04502aa0] WebServer socket - application requested: default params: Map()
2026-04-20 14:50:59,811 [INFO] from com.jpro.internal.server.JProWSEndpoint in [0x6c40ec14 0x04502aa0] WebServer socket - Creating Application: default
2026-04-20 14:50:59,811 [INFO] from com.jpro.internal.server.JProWSEndpoint in [0x6c40ec14 0x04502aa0] WebServer socket - remoteAddress 0:0:0:0:0:0:0:1
2026-04-20 14:50:59,811 [INFO] from com.jpro.internal.server.JProWSEndpoint in [0x6c40ec14 0x04502aa0] WebServer socket - host          
2026-04-20 14:50:59,812 [INFO] from com.jpro.internal.server.JProWSEndpoint in [0x6c40ec14 0x04502aa0] WebServer socket - uri           /app/ws/default
2026-04-20 14:50:59,812 [INFO] from com.jpro.internal.server.JProWSEndpoint in [0x6c40ec14 0x04502aa0] WebServer socket - Application found.
2026-04-20 14:50:59,824 [INFO] from com.jpro.internal.server.JProWSEndpoint in [0x6c40ec14 0x04502aa0] WebServer socket - Handshake received: 1fc848e7be83856bef963b103116f03f
2026-04-20 14:50:59,953 [INFO] from com.jpro.internal.communicator.InstanceImpl in JavaFX Application Thread - [JPro] -> Instance created: {app_name: default, host_name: localhost:8099, instance_id: yym5lx58y7zb5bptx3cu4i0k, browser: Safari 605.1.15, browser_url: http://localhost:8099/, client_ip: 0:0:0:0:0:0:0:1}
2026-04-20 14:51:00,203 [INFO] from com.jpro.internal.stats.ViewInfo$ in JavaFX Application Thread - [JPro] -> View closed: {app_name: default, host_name: localhost:8099, instance_id: yym5lx58y7zb5bptx3cu4i0k, browser: Safari 605.1.15, browser_url: http://localhost:8099/, client_ip: 0:0:0:0:0:0:0:1, reason: tab-closed}
2026-04-20 14:51:00,206 [INFO] from com.jpro.internal.stats.ViewInfo$ in JavaFX Application Thread - 
2026-04-20 14:51:00,206 [INFO] from com.jpro.internal.stats.ViewInfo$ in JavaFX Application Thread - Application closed:
2026-04-20 14:51:00,209 [INFO] from com.jpro.internal.stats.ViewInfo$ in JavaFX Application Thread - startTime      : Mon Apr 20 14:50:59 CEST 2026      
2026-04-20 14:51:00,209 [INFO] from com.jpro.internal.stats.ViewInfo$ in JavaFX Application Thread - duration       : 00:00:00.658 
2026-04-20 14:51:00,209 [INFO] from com.jpro.internal.stats.ViewInfo$ in JavaFX Application Thread - averageLatency : 00:00:00.000 
2026-04-20 14:51:00,210 [INFO] from com.jpro.internal.stats.ViewInfo$ in JavaFX Application Thread - averageJitter  : 00:00:00.000  
2026-04-20 14:51:00,210 [INFO] from com.jpro.internal.stats.ViewInfo$ in JavaFX Application Thread - framerateServer: 00:00:00.000
2026-04-20 14:51:00,210 [INFO] from com.jpro.internal.stats.ViewInfo$ in JavaFX Application Thread - framerateClient: 00:00:00.000
2026-04-20 14:51:00,210 [INFO] from com.jpro.internal.stats.ViewInfo$ in JavaFX Application Thread - raw            : 0
2026-04-20 14:51:00,210 [INFO] from com.jpro.internal.stats.ViewInfo$ in JavaFX Application Thread - zipped         : 0
2026-04-20 14:51:00,210 [INFO] from com.jpro.internal.stats.ViewInfo$ in JavaFX Application Thread - 
2026-04-20 14:51:00,241 [INFO] from com.jpro.internal.stats.ViewInfo$ in JavaFX Application Thread - [JPro] -> View created: {app_name: default, host_name: localhost:8099, instance_id: egrymstczkts77t92hi17fyw1, browser: Safari 605.1.15, browser_url: http://localhost:8099/, client_ip: 0:0:0:0:0:0:0:1}
2026-04-20 14:51:00,309 [INFO] from com.jpro.internal.communicator.InstanceImpl in JavaFX Application Thread - [JPro] -> Instance created: {app_name: default, host_name: localhost:8099, instance_id: egrymstczkts77t92hi17fyw1, browser: Safari 605.1.15, browser_url: http://localhost:8099/, client_ip: 0:0:0:0:0:0:0:1}
2026-04-20 14:51:01,195 [INFO] from com.jpro.internal.communicator.InstanceImpl in JavaFX Application Thread - [JPro] -> Instance closed: {app_name: default, host_name: localhost:8099, instance_id: yym5lx58y7zb5bptx3cu4i0k, browser: Safari 605.1.15, browser_url: http://localhost:8099/, client_ip: 0:0:0:0:0:0:0:1, reason: close-tab-closed}
2026-04-20 14:51:03,213 [INFO] from com.flexganttfx.emirates.model.DataModel in Thread-32 - done reading
2026-04-20 14:51:03,213 [INFO] from com.flexganttfx.emirates.model.DataModel in Thread-32 - returned from unmarshalling
2026-04-20 14:51:03,219 [INFO] from com.flexganttfx.emirates.model.DataModel in Thread-32 - yahoo
2026-04-20 14:51:03,219 [INFO] from com.flexganttfx.emirates.model.DataModel in Thread-32 - done unzipping and unmarshalling
2026-04-20 14:51:07,083 [INFO] from com.flexganttfx.emirates.model.DataModel in Thread-33 - done reading
2026-04-20 14:51:07,083 [INFO] from com.flexganttfx.emirates.model.DataModel in Thread-33 - returned from unmarshalling
2026-04-20 14:51:07,110 [INFO] from com.flexganttfx.emirates.model.DataModel in Thread-33 - yahoo
2026-04-20 14:51:07,110 [INFO] from com.flexganttfx.emirates.model.DataModel in Thread-33 - done unzipping and unmarshalling
2026-04-20 15:15:37,550 [INFO] from com.jpro.internal.server.JProWSEndpoint in [0x6c40ec14 0x04502aa0] WebServer socket - Frame received after poison, ignoring
2026-04-20 15:15:37,554 [INFO] from com.jpro.internal.server.JProWSEndpoint in [0x6c40ec14 0x04502aa0] WebServer socket - WebSocket for [default] closed: 1000 – tab-closed
2026-04-20 15:15:37,556 [INFO] from com.jpro.internal.stats.ViewInfo$ in JavaFX Application Thread - [JPro] -> View closed: {app_name: default, host_name: localhost:8099, instance_id: egrymstczkts77t92hi17fyw1, browser: Safari 605.1.15, browser_url: http://localhost:8099/, client_ip: 0:0:0:0:0:0:0:1, reason: tab-closed}
2026-04-20 15:15:37,784 [INFO] from com.jpro.internal.stats.ViewInfo$ in JavaFX Application Thread - 
2026-04-20 15:15:37,784 [INFO] from com.jpro.internal.stats.ViewInfo$ in JavaFX Application Thread - Application closed:
2026-04-20 15:15:37,784 [INFO] from com.jpro.internal.stats.ViewInfo$ in JavaFX Application Thread - startTime      : Mon Apr 20 14:51:00 CEST 2026      
2026-04-20 15:15:37,784 [INFO] from com.jpro.internal.stats.ViewInfo$ in JavaFX Application Thread - duration       : 00:24:37.360 
2026-04-20 15:15:37,784 [INFO] from com.jpro.internal.stats.ViewInfo$ in JavaFX Application Thread - averageLatency : 00:00:00.005 
2026-04-20 15:15:37,784 [INFO] from com.jpro.internal.stats.ViewInfo$ in JavaFX Application Thread - averageJitter  : 00:00:00.004  
2026-04-20 15:15:37,784 [INFO] from com.jpro.internal.stats.ViewInfo$ in JavaFX Application Thread - framerateServer: 00:00:00.000
2026-04-20 15:15:37,785 [INFO] from com.jpro.internal.stats.ViewInfo$ in JavaFX Application Thread - framerateClient: 00:00:00.000
2026-04-20 15:15:37,785 [INFO] from com.jpro.internal.stats.ViewInfo$ in JavaFX Application Thread - raw            : 103670149
2026-04-20 15:15:37,785 [INFO] from com.jpro.internal.stats.ViewInfo$ in JavaFX Application Thread - zipped         : 19915506
2026-04-20 15:15:37,785 [INFO] from com.jpro.internal.stats.ViewInfo$ in JavaFX Application Thread - 
2026-04-20 15:15:38,550 [INFO] from com.jpro.internal.communicator.InstanceImpl in JavaFX Application Thread - [JPro] -> Instance closed: {app_name: default, host_name: localhost:8099, instance_id: egrymstczkts77t92hi17fyw1, browser: Safari 605.1.15, browser_url: http://localhost:8099/, client_ip: 0:0:0:0:0:0:0:1, reason: close-tab-closed}
2026-04-20 15:45:19,859 [INFO] from io.helidon.Main in helidon-shutdown-thread - Shutdown requested by JVM shutting down
2026-04-20 15:45:19,865 [INFO] from io.helidon.webserver.ServerListener in server-@default-listener - [0x6c40ec14] @default socket closed.
2026-04-20 15:45:19,872 [INFO] from io.helidon.Main in helidon-shutdown-thread - Shutdown finished
2026-04-20 15:45:20,252 [INFO] from com.jpro.activity in scala-execution-context-global-34 - Starting the server
2026-04-20 15:45:20,254 [INFO] from com.jpro.internal.server.JProInitializer$ in scala-execution-context-global-34 -  *** Starting JPro: https://www.jpro.one/ ***
2026-04-20 15:45:20,254 [INFO] from com.jpro.internal.server.JProInitializer$ in scala-execution-context-global-34 - OS: Mac OS X
2026-04-20 15:45:20,258 [INFO] from com.jpro.internal.server.JProInitializer$ in scala-execution-context-global-34 - JPro: 2026.1.1
2026-04-20 15:45:20,258 [INFO] from com.jpro.internal.server.JProInitializer$ in scala-execution-context-global-34 - Java version: 25
2026-04-20 15:45:20,258 [INFO] from com.jpro.internal.server.JProInitializer$ in scala-execution-context-global-34 - JVM: 25 Azul Systems, Inc.
2026-04-20 15:45:20,258 [INFO] from com.jpro.internal.server.JProInitializer$ in scala-execution-context-global-34 - JavaFX jar: jrt:/javafx.graphics
2026-04-20 15:45:20,259 [INFO] from com.jpro.internal.server.JProInitializer$ in scala-execution-context-global-34 - Configuring logging from url: 'jar:file:/Users/lemmi/.m2/repository/one/jpro/jpro-server_2.12/2026.1.1/jpro-server_2.12-2026.1.1.jar!/logback-jpro-default.xml'
2026-04-20 15:45:20,284 [ERROR] from com.jpro.internal.server.JProInitializer$ in scala-execution-context-global-34 - JavaFX classes are loaded by the SystemClassLoader. This typically happens, when using a JDK/JRE which bundles JavaFX. Please use a JDK/JRE which does not bundle JavaFX.
