2026-04-20 14:50:58,596 [INFO] in AsyncAppender-Worker-ASYNCSTDOUT - 14:50:58.594 [+175 ms] INFO  c.jpro.activity - Starting the server - AsyncAppender-Worker-ASYNCSTDOUT
2026-04-20 14:50:58,621 [INFO] in AsyncAppender-Worker-ASYNCSTDOUT - 14:50:58.596 [+177 ms] INFO  c.j.i.s.JProInitializer$ -  *** Starting JPro: https://www.jpro.one/ *** - AsyncAppender-Worker-ASYNCSTDOUT
2026-04-20 14:50:58,621 [INFO] in AsyncAppender-Worker-ASYNCSTDOUT - 14:50:58.596 [+177 ms] INFO  c.j.i.s.JProInitializer$ - OS: Mac OS X - AsyncAppender-Worker-ASYNCSTDOUT
2026-04-20 14:50:58,622 [INFO] in AsyncAppender-Worker-ASYNCSTDOUT - 14:50:58.600 [+181 ms] INFO  c.j.i.s.JProInitializer$ - JPro: 2026.1.1 - AsyncAppender-Worker-ASYNCSTDOUT
2026-04-20 14:50:58,622 [INFO] in AsyncAppender-Worker-ASYNCSTDOUT - 14:50:58.600 [+181 ms] INFO  c.j.i.s.JProInitializer$ - Java version: 25 - AsyncAppender-Worker-ASYNCSTDOUT
2026-04-20 14:50:58,622 [INFO] in AsyncAppender-Worker-ASYNCSTDOUT - 14:50:58.600 [+181 ms] INFO  c.j.i.s.JProInitializer$ - JVM: 25 Azul Systems, Inc. - AsyncAppender-Worker-ASYNCSTDOUT
2026-04-20 14:50:58,622 [INFO] in AsyncAppender-Worker-ASYNCSTDOUT - 14:50:58.603 [+184 ms] INFO  c.j.i.s.JProInitializer$ - JavaFX jar: file:/Users/lemmi/.m2/repository/org/openjfx/javafx-graphics/25.0.2-jpro+1/javafx-graphics-25.0.2-jpro+1-mac-aarch64.jar - AsyncAppender-Worker-ASYNCSTDOUT
2026-04-20 14:50:58,622 [INFO] in AsyncAppender-Worker-ASYNCSTDOUT - 14:50:58.605 [+186 ms] INFO  c.j.i.s.JProInitializer$ - Configuring logging from url: 'jar:file:/Users/lemmi/.m2/repository/one/jpro/jpro-server_2.12/2026.1.1/jpro-server_2.12-2026.1.1.jar!/logback-jpro-default.xml' - AsyncAppender-Worker-ASYNCSTDOUT
2026-04-20 14:50:58,817 [INFO] in AsyncAppender-Worker-ASYNCSTDOUT - 14:50:58.816 [+397 ms] INFO  c.j.i.s.JProInitializer$ - JavaFX version: 25.0.2-jpro+1 - AsyncAppender-Worker-ASYNCSTDOUT
2026-04-20 14:50:58,871 [INFO] in JavaFX Application Thread - G1 Young Generation - JavaFX Application Thread
2026-04-20 14:50:58,871 [INFO] in JavaFX Application Thread - G1 Concurrent GC - JavaFX Application Thread
2026-04-20 14:50:58,871 [INFO] in JavaFX Application Thread - G1 Old Generation - JavaFX Application Thread
2026-04-20 14:50:58,881 [INFO] in AsyncAppender-Worker-ASYNCSTDOUT - 14:50:58.881 [+462 ms] INFO  c.j.i.s.JProInitializer$ - finished init! - AsyncAppender-Worker-ASYNCSTDOUT
2026-04-20 14:50:58,883 [INFO] in AsyncAppender-Worker-ASYNCSTDOUT - 14:50:58.883 [+464 ms] INFO  c.j.i.s.JProInitializer$ - [JPro] -> Server started: {start_time: 1776689458593, os_name: Mac OS X, jpro_version: 2026.1.1, pid: 41572, servername: V512} - AsyncAppender-Worker-ASYNCSTDOUT
2026-04-20 14:50:58,929 [INFO] in AsyncAppender-Worker-ASYNCSTDOUT - 14:50:58.928 [+509 ms] INFO  c.j.i.s.Route$ - Creating routing for JPro server - AsyncAppender-Worker-ASYNCSTDOUT
2026-04-20 14:50:58,976 [INFO] in AsyncAppender-Worker-ASYNCSTDOUT - 14:50:58.976 [+557 ms] INFO  i.h.c.f.HelidonFeatures - Helidon SE 4.2.6 features: [Config, Encoding, Media, Metrics, Registry, WebServer, WebSocket] - AsyncAppender-Worker-ASYNCSTDOUT
2026-04-20 14:50:58,981 [INFO] in AsyncAppender-Worker-ASYNCSTDOUT - 14:50:58.981 [+562 ms] INFO  i.h.w.ServerListener - [0x6c40ec14] http://0.0.0.0:8099 bound for socket '@default' - AsyncAppender-Worker-ASYNCSTDOUT
2026-04-20 14:50:58,982 [ERROR] in Thread-0 - There is no Helidon logging implementation on classpath, skipping log configuration. - Thread-0
2026-04-20 14:50:58,985 [INFO] in AsyncAppender-Worker-ASYNCSTDOUT - 14:50:58.984 [+565 ms] INFO  i.h.w.LoomServer - Started all channels in 13 milliseconds. 765 milliseconds since JVM startup. Java 25+36-LTS - AsyncAppender-Worker-ASYNCSTDOUT
2026-04-20 14:50:58,985 [INFO] in Thread-0 - Server started at http://localhost:8099 - Thread-0
2026-04-20 14:50:59,429 [INFO] in AsyncAppender-Worker-ASYNCSTDOUT - 14:50:59.428 [+1009 ms] INFO  c.j.i.s.JProWSEndpoint - application requested: default params: Map(instanceID -> m18n8fsk2wxft5hswt5ylv0z) - AsyncAppender-Worker-ASYNCSTDOUT
2026-04-20 14:50:59,431 [INFO] in AsyncAppender-Worker-ASYNCSTDOUT - 14:50:59.428 [+1009 ms] INFO  c.j.i.s.JProWSEndpoint - Creating Application: default - AsyncAppender-Worker-ASYNCSTDOUT
2026-04-20 14:50:59,431 [INFO] in AsyncAppender-Worker-ASYNCSTDOUT - 14:50:59.428 [+1009 ms] INFO  c.j.i.s.JProWSEndpoint - remoteAddress 0:0:0:0:0:0:0:1 - AsyncAppender-Worker-ASYNCSTDOUT
2026-04-20 14:50:59,431 [INFO] in AsyncAppender-Worker-ASYNCSTDOUT - 14:50:59.428 [+1009 ms] INFO  c.j.i.s.JProWSEndpoint - host           - AsyncAppender-Worker-ASYNCSTDOUT
2026-04-20 14:50:59,431 [INFO] in AsyncAppender-Worker-ASYNCSTDOUT - 14:50:59.428 [+1009 ms] INFO  c.j.i.s.JProWSEndpoint - uri           /app/ws/default?instanceID=m18n8fsk2wxft5hswt5ylv0z - AsyncAppender-Worker-ASYNCSTDOUT
2026-04-20 14:50:59,434 [INFO] in AsyncAppender-Worker-ASYNCSTDOUT - 14:50:59.434 [+1015 ms] INFO  c.j.i.s.JProWSEndpoint - Application found. - AsyncAppender-Worker-ASYNCSTDOUT
2026-04-20 14:50:59,436 [INFO] in AsyncAppender-Worker-ASYNCSTDOUT - 14:50:59.435 [+1016 ms] INFO  c.j.i.s.JProWSEndpoint - Handshake received: 1fc848e7be83856bef963b103116f03f - AsyncAppender-Worker-ASYNCSTDOUT
2026-04-20 14:50:59,556 [INFO] in AsyncAppender-Worker-ASYNCSTDOUT - 14:50:59.556 [+1137 ms] INFO  c.j.i.s.ViewInfo$ - [JPro] -> View created: {app_name: default, host_name: localhost:8099, instance_id: yym5lx58y7zb5bptx3cu4i0k, browser: Safari 605.1.15, browser_url: http://localhost:8099/, client_ip: 0:0:0:0:0:0:0:1} - AsyncAppender-Worker-ASYNCSTDOUT
2026-04-20 14:50:59,670 [INFO] in JavaFX Application Thread - PrismFontFactory - FontConfigManager.populateMaps!!!! - JavaFX Application Thread
2026-04-20 14:50:59,695 [INFO] in AsyncAppender-Worker-ASYNCSTDOUT - 14:50:59.695 [+1276 ms] INFO  c.f.config - FlexGanttFX Version: 11.13.0 - AsyncAppender-Worker-ASYNCSTDOUT
2026-04-20 14:50:59,764 [INFO] in AsyncAppender-Worker-ASYNCSTDOUT - 14:50:59.764 [+1345 ms] INFO  c.j.i.s.JProWSEndpoint - Frame received after poison, ignoring - AsyncAppender-Worker-ASYNCSTDOUT
2026-04-20 14:50:59,764 [INFO] in AsyncAppender-Worker-ASYNCSTDOUT - 14:50:59.764 [+1345 ms] INFO  c.j.i.s.JProWSEndpoint - WebSocket for [default] closed: 1001 – normal - AsyncAppender-Worker-ASYNCSTDOUT
2026-04-20 14:50:59,812 [INFO] in AsyncAppender-Worker-ASYNCSTDOUT - 14:50:59.811 [+1392 ms] INFO  c.j.i.s.JProWSEndpoint - application requested: default params: Map() - AsyncAppender-Worker-ASYNCSTDOUT
2026-04-20 14:50:59,812 [INFO] in AsyncAppender-Worker-ASYNCSTDOUT - 14:50:59.811 [+1392 ms] INFO  c.j.i.s.JProWSEndpoint - Creating Application: default - AsyncAppender-Worker-ASYNCSTDOUT
2026-04-20 14:50:59,812 [INFO] in AsyncAppender-Worker-ASYNCSTDOUT - 14:50:59.811 [+1392 ms] INFO  c.j.i.s.JProWSEndpoint - remoteAddress 0:0:0:0:0:0:0:1 - AsyncAppender-Worker-ASYNCSTDOUT
2026-04-20 14:50:59,812 [INFO] in AsyncAppender-Worker-ASYNCSTDOUT - 14:50:59.811 [+1392 ms] INFO  c.j.i.s.JProWSEndpoint - host           - AsyncAppender-Worker-ASYNCSTDOUT
2026-04-20 14:50:59,812 [INFO] in AsyncAppender-Worker-ASYNCSTDOUT - 14:50:59.812 [+1393 ms] INFO  c.j.i.s.JProWSEndpoint - uri           /app/ws/default - AsyncAppender-Worker-ASYNCSTDOUT
2026-04-20 14:50:59,812 [INFO] in AsyncAppender-Worker-ASYNCSTDOUT - 14:50:59.812 [+1393 ms] INFO  c.j.i.s.JProWSEndpoint - Application found. - AsyncAppender-Worker-ASYNCSTDOUT
2026-04-20 14:50:59,824 [INFO] in AsyncAppender-Worker-ASYNCSTDOUT - 14:50:59.824 [+1405 ms] INFO  c.j.i.s.JProWSEndpoint - Handshake received: 1fc848e7be83856bef963b103116f03f - AsyncAppender-Worker-ASYNCSTDOUT
2026-04-20 14:50:59,953 [INFO] in AsyncAppender-Worker-ASYNCSTDOUT - 14:50:59.953 [+1534 ms] INFO  c.j.i.c.InstanceImpl - [JPro] -> Instance created: {app_name: default, host_name: localhost:8099, instance_id: yym5lx58y7zb5bptx3cu4i0k, browser: Safari 605.1.15, browser_url: http://localhost:8099/, client_ip: 0:0:0:0:0:0:0:1} - AsyncAppender-Worker-ASYNCSTDOUT
2026-04-20 14:51:00,203 [INFO] in AsyncAppender-Worker-ASYNCSTDOUT - 14:51:00.203 [+1784 ms] INFO  c.j.i.s.ViewInfo$ - [JPro] -> View closed: {app_name: default, host_name: localhost:8099, instance_id: yym5lx58y7zb5bptx3cu4i0k, browser: Safari 605.1.15, browser_url: http://localhost:8099/, client_ip: 0:0:0:0:0:0:0:1, reason: tab-closed} - AsyncAppender-Worker-ASYNCSTDOUT
2026-04-20 14:51:00,206 [INFO] in AsyncAppender-Worker-ASYNCSTDOUT - 14:51:00.206 [+1787 ms] INFO  c.j.i.s.ViewInfo$ -  - AsyncAppender-Worker-ASYNCSTDOUT
2026-04-20 14:51:00,206 [INFO] in AsyncAppender-Worker-ASYNCSTDOUT - 14:51:00.206 [+1787 ms] INFO  c.j.i.s.ViewInfo$ - Application closed: - AsyncAppender-Worker-ASYNCSTDOUT
2026-04-20 14:51:00,209 [INFO] in AsyncAppender-Worker-ASYNCSTDOUT - 14:51:00.209 [+1790 ms] INFO  c.j.i.s.ViewInfo$ - startTime      : Mon Apr 20 14:50:59 CEST 2026       - AsyncAppender-Worker-ASYNCSTDOUT
2026-04-20 14:51:00,209 [INFO] in AsyncAppender-Worker-ASYNCSTDOUT - 14:51:00.209 [+1790 ms] INFO  c.j.i.s.ViewInfo$ - duration       : 00:00:00.658  - AsyncAppender-Worker-ASYNCSTDOUT
2026-04-20 14:51:00,210 [INFO] in AsyncAppender-Worker-ASYNCSTDOUT - 14:51:00.209 [+1790 ms] INFO  c.j.i.s.ViewInfo$ - averageLatency : 00:00:00.000  - AsyncAppender-Worker-ASYNCSTDOUT
2026-04-20 14:51:00,210 [INFO] in AsyncAppender-Worker-ASYNCSTDOUT - 14:51:00.210 [+1791 ms] INFO  c.j.i.s.ViewInfo$ - averageJitter  : 00:00:00.000   - AsyncAppender-Worker-ASYNCSTDOUT
2026-04-20 14:51:00,210 [INFO] in AsyncAppender-Worker-ASYNCSTDOUT - 14:51:00.210 [+1791 ms] INFO  c.j.i.s.ViewInfo$ - framerateServer: 00:00:00.000 - AsyncAppender-Worker-ASYNCSTDOUT
2026-04-20 14:51:00,210 [INFO] in AsyncAppender-Worker-ASYNCSTDOUT - 14:51:00.210 [+1791 ms] INFO  c.j.i.s.ViewInfo$ - framerateClient: 00:00:00.000 - AsyncAppender-Worker-ASYNCSTDOUT
2026-04-20 14:51:00,210 [INFO] in AsyncAppender-Worker-ASYNCSTDOUT - 14:51:00.210 [+1791 ms] INFO  c.j.i.s.ViewInfo$ - raw            : 0 - AsyncAppender-Worker-ASYNCSTDOUT
2026-04-20 14:51:00,210 [INFO] in AsyncAppender-Worker-ASYNCSTDOUT - 14:51:00.210 [+1791 ms] INFO  c.j.i.s.ViewInfo$ - zipped         : 0 - AsyncAppender-Worker-ASYNCSTDOUT
2026-04-20 14:51:00,210 [INFO] in AsyncAppender-Worker-ASYNCSTDOUT - 14:51:00.210 [+1791 ms] INFO  c.j.i.s.ViewInfo$ -  - AsyncAppender-Worker-ASYNCSTDOUT
2026-04-20 14:51:00,211 [ERROR] in JavaFX Application Thread - java.lang.AssertionError: assertion failed: Can't dispose, the JPro view is no longer active. Close reason was: tab-closed - JavaFX Application Thread
2026-04-20 14:51:00,211 [ERROR] in JavaFX Application Thread - 	at scala.Predef$.assert(Predef.scala:223) - JavaFX Application Thread
2026-04-20 14:51:00,211 [ERROR] in JavaFX Application Thread - 	at com.jpro.internal.communicator.ViewImpl.dispose(ViewImpl.scala:226) - JavaFX Application Thread
2026-04-20 14:51:00,211 [ERROR] in JavaFX Application Thread - 	at com.jpro.internal.server.JProWSEndpoint.$anonfun$disposeIfNeeded$1(JProWSEndpoint.scala:242) - JavaFX Application Thread
2026-04-20 14:51:00,211 [ERROR] in JavaFX Application Thread - 	at scala.runtime.java8.JFunction0$mcV$sp.apply(JFunction0$mcV$sp.java:23) - JavaFX Application Thread
2026-04-20 14:51:00,211 [ERROR] in JavaFX Application Thread - 	at simplefx.cores.standard.parts.CoreTimeEvent$$anon$3.run(CoreTimeEvent.scala:62) - JavaFX Application Thread
2026-04-20 14:51:00,211 [ERROR] in JavaFX Application Thread - 	at com.sun.javafx.application.PlatformImpl.lambda$runLater$0(PlatformImpl.java:425) - JavaFX Application Thread
2026-04-20 14:51:00,211 [ERROR] in JavaFX Application Thread - 	at com.sun.glass.ui.monocle.RunnableProcessor.runLoop(RunnableProcessor.java:92) - JavaFX Application Thread
2026-04-20 14:51:00,211 [ERROR] in JavaFX Application Thread - 	at com.sun.glass.ui.monocle.RunnableProcessor.run(RunnableProcessor.java:51) - JavaFX Application Thread
2026-04-20 14:51:00,211 [ERROR] in JavaFX Application Thread - 	at java.base/java.lang.Thread.run(Thread.java:1474) - JavaFX Application Thread
2026-04-20 14:51:00,211 [ERROR] in JavaFX Application Thread - Exception in thread "JavaFX Application Thread" java.lang.AssertionError: assertion failed: Can't dispose, the JPro view is no longer active. Close reason was: tab-closed - JavaFX Application Thread
2026-04-20 14:51:00,211 [ERROR] in JavaFX Application Thread - 	at scala.Predef$.assert(Predef.scala:223) - JavaFX Application Thread
2026-04-20 14:51:00,211 [ERROR] in JavaFX Application Thread - 	at com.jpro.internal.communicator.ViewImpl.dispose(ViewImpl.scala:226) - JavaFX Application Thread
2026-04-20 14:51:00,211 [ERROR] in JavaFX Application Thread - 	at com.jpro.internal.server.JProWSEndpoint.$anonfun$disposeIfNeeded$1(JProWSEndpoint.scala:242) - JavaFX Application Thread
2026-04-20 14:51:00,212 [ERROR] in JavaFX Application Thread - 	at scala.runtime.java8.JFunction0$mcV$sp.apply(JFunction0$mcV$sp.java:23) - JavaFX Application Thread
2026-04-20 14:51:00,212 [ERROR] in JavaFX Application Thread - 	at simplefx.cores.standard.parts.CoreTimeEvent$$anon$3.run(CoreTimeEvent.scala:62) - JavaFX Application Thread
2026-04-20 14:51:00,212 [ERROR] in JavaFX Application Thread - 	at com.sun.javafx.application.PlatformImpl.lambda$runLater$0(PlatformImpl.java:425) - JavaFX Application Thread
2026-04-20 14:51:00,212 [ERROR] in JavaFX Application Thread - 	at com.sun.glass.ui.monocle.RunnableProcessor.runLoop(RunnableProcessor.java:92) - JavaFX Application Thread
2026-04-20 14:51:00,212 [ERROR] in JavaFX Application Thread - 	at com.sun.glass.ui.monocle.RunnableProcessor.run(RunnableProcessor.java:51) - JavaFX Application Thread
2026-04-20 14:51:00,212 [ERROR] in JavaFX Application Thread - 	at java.base/java.lang.Thread.run(Thread.java:1474) - JavaFX Application Thread
2026-04-20 14:51:00,242 [INFO] in AsyncAppender-Worker-ASYNCSTDOUT - 14:51:00.241 [+1822 ms] INFO  c.j.i.s.ViewInfo$ - [JPro] -> View created: {app_name: default, host_name: localhost:8099, instance_id: egrymstczkts77t92hi17fyw1, browser: Safari 605.1.15, browser_url: http://localhost:8099/, client_ip: 0:0:0:0:0:0:0:1} - AsyncAppender-Worker-ASYNCSTDOUT
2026-04-20 14:51:00,310 [INFO] in AsyncAppender-Worker-ASYNCSTDOUT - 14:51:00.309 [+1890 ms] INFO  c.j.i.c.InstanceImpl - [JPro] -> Instance created: {app_name: default, host_name: localhost:8099, instance_id: egrymstczkts77t92hi17fyw1, browser: Safari 605.1.15, browser_url: http://localhost:8099/, client_ip: 0:0:0:0:0:0:0:1} - AsyncAppender-Worker-ASYNCSTDOUT
2026-04-20 14:51:01,195 [INFO] in AsyncAppender-Worker-ASYNCSTDOUT - 14:51:01.195 [+2776 ms] INFO  c.j.i.c.InstanceImpl - [JPro] -> Instance closed: {app_name: default, host_name: localhost:8099, instance_id: yym5lx58y7zb5bptx3cu4i0k, browser: Safari 605.1.15, browser_url: http://localhost:8099/, client_ip: 0:0:0:0:0:0:0:1, reason: close-tab-closed} - AsyncAppender-Worker-ASYNCSTDOUT
2026-04-20 14:51:02,859 [INFO] in JavaFX Application Thread - FlexGanttFX user interface framework for Java. Version 11.13.0 - JavaFX Application Thread
2026-04-20 14:51:02,859 [INFO] in JavaFX Application Thread - Development License (do not use in production systems) - JavaFX Application Thread
2026-04-20 14:51:02,859 [INFO] in JavaFX Application Thread - (c) 2013-2026 DLSC Software & Consulting GmbH - JavaFX Application Thread
2026-04-20 14:51:02,859 [INFO] in JavaFX Application Thread - https://www.dlsc.com, https://www.flexganttfx.com - JavaFX Application Thread
2026-04-20 14:51:02,908 [INFO] in Thread-32 - Data file exists, no need to extract from archive. - Thread-32
2026-04-20 14:51:03,213 [INFO] in AsyncAppender-Worker-ASYNCSTDOUT - 14:51:03.213 [+4794 ms] INFO  c.f.e.m.DataModel - done reading - AsyncAppender-Worker-ASYNCSTDOUT
2026-04-20 14:51:03,214 [INFO] in AsyncAppender-Worker-ASYNCSTDOUT - 14:51:03.213 [+4794 ms] INFO  c.f.e.m.DataModel - returned from unmarshalling - AsyncAppender-Worker-ASYNCSTDOUT
2026-04-20 14:51:03,219 [INFO] in AsyncAppender-Worker-ASYNCSTDOUT - 14:51:03.219 [+4800 ms] INFO  c.f.e.m.DataModel - yahoo - AsyncAppender-Worker-ASYNCSTDOUT
2026-04-20 14:51:03,219 [INFO] in AsyncAppender-Worker-ASYNCSTDOUT - 14:51:03.219 [+4800 ms] INFO  c.f.e.m.DataModel - done unzipping and unmarshalling - AsyncAppender-Worker-ASYNCSTDOUT
2026-04-20 14:51:06,087 [INFO] in Thread-33 - Data file exists, no need to extract from archive. - Thread-33
2026-04-20 14:51:07,083 [INFO] in AsyncAppender-Worker-ASYNCSTDOUT - 14:51:07.083 [+8664 ms] INFO  c.f.e.m.DataModel - done reading - AsyncAppender-Worker-ASYNCSTDOUT
2026-04-20 14:51:07,084 [INFO] in AsyncAppender-Worker-ASYNCSTDOUT - 14:51:07.083 [+8664 ms] INFO  c.f.e.m.DataModel - returned from unmarshalling - AsyncAppender-Worker-ASYNCSTDOUT
2026-04-20 14:51:07,110 [INFO] in AsyncAppender-Worker-ASYNCSTDOUT - 14:51:07.110 [+8691 ms] INFO  c.f.e.m.DataModel - yahoo - AsyncAppender-Worker-ASYNCSTDOUT
2026-04-20 14:51:07,110 [INFO] in AsyncAppender-Worker-ASYNCSTDOUT - 14:51:07.110 [+8691 ms] INFO  c.f.e.m.DataModel - done unzipping and unmarshalling - AsyncAppender-Worker-ASYNCSTDOUT
2026-04-20 14:51:21,040 [ERROR] in JavaFX Application Thread - Exception in thread "JavaFX Application Thread" java.lang.ClassCastException: class com.flexganttfx.sprint.model.TaskActivity cannot be cast to class com.flexganttfx.sprint.model.UserStory (com.flexganttfx.sprint.model.TaskActivity and com.flexganttfx.sprint.model.UserStory are in unnamed module of loader 'app') - JavaFX Application Thread
2026-04-20 14:51:21,041 [ERROR] in JavaFX Application Thread - 	at com.flexganttfx.sprint.renderer.UserStoryRenderer.drawActivity(UserStoryRenderer.java:38) - JavaFX Application Thread
2026-04-20 14:51:21,041 [ERROR] in JavaFX Application Thread - 	at com.flexganttfx.view.graphics.renderer.ActivityRenderer.draw(ActivityRenderer.java:70) - JavaFX Application Thread
2026-04-20 14:51:21,041 [ERROR] in JavaFX Application Thread - 	at impl.com.flexganttfx.skin.graphics.RowCanvas.drawActivity(RowCanvas.java:772) - JavaFX Application Thread
2026-04-20 14:51:21,041 [ERROR] in JavaFX Application Thread - 	at impl.com.flexganttfx.skin.graphics.RowCanvas.drawLayer(RowCanvas.java:480) - JavaFX Application Thread
2026-04-20 14:51:21,041 [ERROR] in JavaFX Application Thread - 	at impl.com.flexganttfx.skin.graphics.RowCanvas.drawModelLayers(RowCanvas.java:371) - JavaFX Application Thread
2026-04-20 14:51:21,041 [ERROR] in JavaFX Application Thread - 	at impl.com.flexganttfx.skin.graphics.RowCanvas.draw(RowCanvas.java:300) - JavaFX Application Thread
2026-04-20 14:51:21,041 [ERROR] in JavaFX Application Thread - 	at com.flexganttfx.view.graphics.GraphicsBase.lambda$new$23(GraphicsBase.java:635) - JavaFX Application Thread
2026-04-20 14:51:21,041 [ERROR] in JavaFX Application Thread - 	at javafx.scene.Scene$ScenePulseListener.pulse(Scene.java:2728) - JavaFX Application Thread
2026-04-20 14:51:21,041 [ERROR] in JavaFX Application Thread - 	at com.sun.javafx.tk.Toolkit.runPulse(Toolkit.java:382) - JavaFX Application Thread
2026-04-20 14:51:21,041 [ERROR] in JavaFX Application Thread - 	at com.sun.javafx.tk.Toolkit.firePulse(Toolkit.java:407) - JavaFX Application Thread
2026-04-20 14:51:21,041 [ERROR] in JavaFX Application Thread - 	at com.sun.javafx.tk.quantum.QuantumToolkit.pulse(QuantumToolkit.java:601) - JavaFX Application Thread
2026-04-20 14:51:21,041 [ERROR] in JavaFX Application Thread - 	at com.sun.javafx.tk.quantum.QuantumToolkit.pulse(QuantumToolkit.java:581) - JavaFX Application Thread
2026-04-20 14:51:21,041 [ERROR] in JavaFX Application Thread - 	at com.sun.javafx.tk.quantum.QuantumToolkit.pulseFromQueue(QuantumToolkit.java:574) - JavaFX Application Thread
2026-04-20 14:51:21,041 [ERROR] in JavaFX Application Thread - 	at com.sun.javafx.tk.quantum.QuantumToolkit.lambda$runToolkit$0(QuantumToolkit.java:351) - JavaFX Application Thread
2026-04-20 14:51:21,041 [ERROR] in JavaFX Application Thread - 	at com.sun.glass.ui.monocle.RunnableProcessor.runLoop(RunnableProcessor.java:92) - JavaFX Application Thread
2026-04-20 14:51:21,041 [ERROR] in JavaFX Application Thread - 	at com.sun.glass.ui.monocle.RunnableProcessor.run(RunnableProcessor.java:51) - JavaFX Application Thread
2026-04-20 14:51:21,041 [ERROR] in JavaFX Application Thread - 	at java.base/java.lang.Thread.run(Thread.java:1474) - JavaFX Application Thread
2026-04-20 14:51:21,092 [ERROR] in JavaFX Application Thread - Exception in thread "JavaFX Application Thread" java.lang.ClassCastException: class com.flexganttfx.sprint.model.TaskActivity cannot be cast to class com.flexganttfx.sprint.model.UserStory (com.flexganttfx.sprint.model.TaskActivity and com.flexganttfx.sprint.model.UserStory are in unnamed module of loader 'app') - JavaFX Application Thread
2026-04-20 14:51:21,092 [ERROR] in JavaFX Application Thread - 	at com.flexganttfx.sprint.renderer.UserStoryRenderer.drawActivity(UserStoryRenderer.java:38) - JavaFX Application Thread
2026-04-20 14:51:21,092 [ERROR] in JavaFX Application Thread - 	at com.flexganttfx.view.graphics.renderer.ActivityRenderer.draw(ActivityRenderer.java:70) - JavaFX Application Thread
2026-04-20 14:51:21,092 [ERROR] in JavaFX Application Thread - 	at impl.com.flexganttfx.skin.graphics.RowCanvas.drawActivity(RowCanvas.java:772) - JavaFX Application Thread
2026-04-20 14:51:21,092 [ERROR] in JavaFX Application Thread - 	at impl.com.flexganttfx.skin.graphics.RowCanvas.drawLayer(RowCanvas.java:480) - JavaFX Application Thread
2026-04-20 14:51:21,092 [ERROR] in JavaFX Application Thread - 	at impl.com.flexganttfx.skin.graphics.RowCanvas.drawModelLayers(RowCanvas.java:371) - JavaFX Application Thread
2026-04-20 14:51:21,092 [ERROR] in JavaFX Application Thread - 	at impl.com.flexganttfx.skin.graphics.RowCanvas.draw(RowCanvas.java:300) - JavaFX Application Thread
2026-04-20 14:51:21,092 [ERROR] in JavaFX Application Thread - 	at com.flexganttfx.view.graphics.GraphicsBase.lambda$new$23(GraphicsBase.java:635) - JavaFX Application Thread
2026-04-20 14:51:21,092 [ERROR] in JavaFX Application Thread - 	at javafx.scene.Scene$ScenePulseListener.pulse(Scene.java:2728) - JavaFX Application Thread
2026-04-20 14:51:21,092 [ERROR] in JavaFX Application Thread - 	at com.sun.javafx.tk.Toolkit.runPulse(Toolkit.java:382) - JavaFX Application Thread
2026-04-20 14:51:21,092 [ERROR] in JavaFX Application Thread - 	at com.sun.javafx.tk.Toolkit.firePulse(Toolkit.java:407) - JavaFX Application Thread
2026-04-20 14:51:21,092 [ERROR] in JavaFX Application Thread - 	at com.sun.javafx.tk.quantum.QuantumToolkit.pulse(QuantumToolkit.java:601) - JavaFX Application Thread
2026-04-20 14:51:21,093 [ERROR] in JavaFX Application Thread - 	at com.sun.javafx.tk.quantum.QuantumToolkit.pulse(QuantumToolkit.java:581) - JavaFX Application Thread
2026-04-20 14:51:21,093 [ERROR] in JavaFX Application Thread - 	at com.sun.javafx.tk.quantum.QuantumToolkit.pulseFromQueue(QuantumToolkit.java:574) - JavaFX Application Thread
2026-04-20 14:51:21,093 [ERROR] in JavaFX Application Thread - 	at com.sun.javafx.tk.quantum.QuantumToolkit.lambda$runToolkit$0(QuantumToolkit.java:351) - JavaFX Application Thread
2026-04-20 14:51:21,093 [ERROR] in JavaFX Application Thread - 	at com.sun.glass.ui.monocle.RunnableProcessor.runLoop(RunnableProcessor.java:92) - JavaFX Application Thread
2026-04-20 14:51:21,093 [ERROR] in JavaFX Application Thread - 	at com.sun.glass.ui.monocle.RunnableProcessor.run(RunnableProcessor.java:51) - JavaFX Application Thread
2026-04-20 14:51:21,093 [ERROR] in JavaFX Application Thread - 	at java.base/java.lang.Thread.run(Thread.java:1474) - JavaFX Application Thread
2026-04-20 14:51:21,112 [ERROR] in JavaFX Application Thread - Exception in thread "JavaFX Application Thread" java.lang.ClassCastException: class com.flexganttfx.sprint.model.TaskActivity cannot be cast to class com.flexganttfx.sprint.model.UserStory (com.flexganttfx.sprint.model.TaskActivity and com.flexganttfx.sprint.model.UserStory are in unnamed module of loader 'app') - JavaFX Application Thread
2026-04-20 14:51:21,112 [ERROR] in JavaFX Application Thread - 	at com.flexganttfx.sprint.renderer.UserStoryRenderer.drawActivity(UserStoryRenderer.java:38) - JavaFX Application Thread
2026-04-20 14:51:21,112 [ERROR] in JavaFX Application Thread - 	at com.flexganttfx.view.graphics.renderer.ActivityRenderer.draw(ActivityRenderer.java:70) - JavaFX Application Thread
2026-04-20 14:51:21,112 [ERROR] in JavaFX Application Thread - 	at impl.com.flexganttfx.skin.graphics.RowCanvas.drawActivity(RowCanvas.java:772) - JavaFX Application Thread
2026-04-20 14:51:21,112 [ERROR] in JavaFX Application Thread - 	at impl.com.flexganttfx.skin.graphics.RowCanvas.drawLayer(RowCanvas.java:480) - JavaFX Application Thread
2026-04-20 14:51:21,112 [ERROR] in JavaFX Application Thread - 	at impl.com.flexganttfx.skin.graphics.RowCanvas.drawModelLayers(RowCanvas.java:371) - JavaFX Application Thread
2026-04-20 14:51:21,112 [ERROR] in JavaFX Application Thread - 	at impl.com.flexganttfx.skin.graphics.RowCanvas.draw(RowCanvas.java:300) - JavaFX Application Thread
2026-04-20 14:51:21,112 [ERROR] in JavaFX Application Thread - 	at com.flexganttfx.view.graphics.GraphicsBase.lambda$new$23(GraphicsBase.java:635) - JavaFX Application Thread
2026-04-20 14:51:21,112 [ERROR] in JavaFX Application Thread - 	at javafx.scene.Scene$ScenePulseListener.pulse(Scene.java:2728) - JavaFX Application Thread
2026-04-20 14:51:21,112 [ERROR] in JavaFX Application Thread - 	at com.sun.javafx.tk.Toolkit.runPulse(Toolkit.java:382) - JavaFX Application Thread
2026-04-20 14:51:21,112 [ERROR] in JavaFX Application Thread - 	at com.sun.javafx.tk.Toolkit.firePulse(Toolkit.java:407) - JavaFX Application Thread
2026-04-20 14:51:21,112 [ERROR] in JavaFX Application Thread - 	at com.sun.javafx.tk.quantum.QuantumToolkit.pulse(QuantumToolkit.java:601) - JavaFX Application Thread
2026-04-20 14:51:21,112 [ERROR] in JavaFX Application Thread - 	at com.sun.javafx.tk.quantum.QuantumToolkit.pulse(QuantumToolkit.java:581) - JavaFX Application Thread
2026-04-20 14:51:21,112 [ERROR] in JavaFX Application Thread - 	at com.sun.javafx.tk.quantum.QuantumToolkit.pulseFromQueue(QuantumToolkit.java:574) - JavaFX Application Thread
2026-04-20 14:51:21,113 [ERROR] in JavaFX Application Thread - 	at com.sun.javafx.tk.quantum.QuantumToolkit.lambda$runToolkit$0(QuantumToolkit.java:351) - JavaFX Application Thread
2026-04-20 14:51:21,113 [ERROR] in JavaFX Application Thread - 	at com.sun.glass.ui.monocle.RunnableProcessor.runLoop(RunnableProcessor.java:92) - JavaFX Application Thread
2026-04-20 14:51:21,113 [ERROR] in JavaFX Application Thread - 	at com.sun.glass.ui.monocle.RunnableProcessor.run(RunnableProcessor.java:51) - JavaFX Application Thread
2026-04-20 14:51:21,113 [ERROR] in JavaFX Application Thread - 	at java.base/java.lang.Thread.run(Thread.java:1474) - JavaFX Application Thread
2026-04-20 14:51:21,127 [ERROR] in JavaFX Application Thread - Exception in thread "JavaFX Application Thread" java.lang.ClassCastException: class com.flexganttfx.sprint.model.TaskActivity cannot be cast to class com.flexganttfx.sprint.model.UserStory (com.flexganttfx.sprint.model.TaskActivity and com.flexganttfx.sprint.model.UserStory are in unnamed module of loader 'app') - JavaFX Application Thread
2026-04-20 14:51:21,127 [ERROR] in JavaFX Application Thread - 	at com.flexganttfx.sprint.renderer.UserStoryRenderer.drawActivity(UserStoryRenderer.java:38) - JavaFX Application Thread
2026-04-20 14:51:21,127 [ERROR] in JavaFX Application Thread - 	at com.flexganttfx.view.graphics.renderer.ActivityRenderer.draw(ActivityRenderer.java:70) - JavaFX Application Thread
2026-04-20 14:51:21,127 [ERROR] in JavaFX Application Thread - 	at impl.com.flexganttfx.skin.graphics.RowCanvas.drawActivity(RowCanvas.java:772) - JavaFX Application Thread
2026-04-20 14:51:21,127 [ERROR] in JavaFX Application Thread - 	at impl.com.flexganttfx.skin.graphics.RowCanvas.drawLayer(RowCanvas.java:480) - JavaFX Application Thread
2026-04-20 14:51:21,127 [ERROR] in JavaFX Application Thread - 	at impl.com.flexganttfx.skin.graphics.RowCanvas.drawModelLayers(RowCanvas.java:371) - JavaFX Application Thread
2026-04-20 14:51:21,127 [ERROR] in JavaFX Application Thread - 	at impl.com.flexganttfx.skin.graphics.RowCanvas.draw(RowCanvas.java:300) - JavaFX Application Thread
2026-04-20 14:51:21,127 [ERROR] in JavaFX Application Thread - 	at com.flexganttfx.view.graphics.GraphicsBase.lambda$new$23(GraphicsBase.java:635) - JavaFX Application Thread
2026-04-20 14:51:21,127 [ERROR] in JavaFX Application Thread - 	at javafx.scene.Scene$ScenePulseListener.pulse(Scene.java:2728) - JavaFX Application Thread
2026-04-20 14:51:21,128 [ERROR] in JavaFX Application Thread - 	at com.sun.javafx.tk.Toolkit.runPulse(Toolkit.java:382) - JavaFX Application Thread
2026-04-20 14:51:21,128 [ERROR] in JavaFX Application Thread - 	at com.sun.javafx.tk.Toolkit.firePulse(Toolkit.java:407) - JavaFX Application Thread
2026-04-20 14:51:21,128 [ERROR] in JavaFX Application Thread - 	at com.sun.javafx.tk.quantum.QuantumToolkit.pulse(QuantumToolkit.java:601) - JavaFX Application Thread
2026-04-20 14:51:21,128 [ERROR] in JavaFX Application Thread - 	at com.sun.javafx.tk.quantum.QuantumToolkit.pulse(QuantumToolkit.java:581) - JavaFX Application Thread
2026-04-20 14:51:21,128 [ERROR] in JavaFX Application Thread - 	at com.sun.javafx.tk.quantum.QuantumToolkit.pulseFromQueue(QuantumToolkit.java:574) - JavaFX Application Thread
2026-04-20 14:51:21,128 [ERROR] in JavaFX Application Thread - 	at com.sun.javafx.tk.quantum.QuantumToolkit.lambda$runToolkit$0(QuantumToolkit.java:351) - JavaFX Application Thread
2026-04-20 14:51:21,128 [ERROR] in JavaFX Application Thread - 	at com.sun.glass.ui.monocle.RunnableProcessor.runLoop(RunnableProcessor.java:92) - JavaFX Application Thread
2026-04-20 14:51:21,128 [ERROR] in JavaFX Application Thread - 	at com.sun.glass.ui.monocle.RunnableProcessor.run(RunnableProcessor.java:51) - JavaFX Application Thread
2026-04-20 14:51:21,128 [ERROR] in JavaFX Application Thread - 	at java.base/java.lang.Thread.run(Thread.java:1474) - JavaFX Application Thread
2026-04-20 14:51:21,147 [ERROR] in JavaFX Application Thread - Exception in thread "JavaFX Application Thread" java.lang.ClassCastException: class com.flexganttfx.sprint.model.TaskActivity cannot be cast to class com.flexganttfx.sprint.model.UserStory (com.flexganttfx.sprint.model.TaskActivity and com.flexganttfx.sprint.model.UserStory are in unnamed module of loader 'app') - JavaFX Application Thread
2026-04-20 14:51:21,147 [ERROR] in JavaFX Application Thread - 	at com.flexganttfx.sprint.renderer.UserStoryRenderer.drawActivity(UserStoryRenderer.java:38) - JavaFX Application Thread
2026-04-20 14:51:21,147 [ERROR] in JavaFX Application Thread - 	at com.flexganttfx.view.graphics.renderer.ActivityRenderer.draw(ActivityRenderer.java:70) - JavaFX Application Thread
2026-04-20 14:51:21,147 [ERROR] in JavaFX Application Thread - 	at impl.com.flexganttfx.skin.graphics.RowCanvas.drawActivity(RowCanvas.java:772) - JavaFX Application Thread
2026-04-20 14:51:21,147 [ERROR] in JavaFX Application Thread - 	at impl.com.flexganttfx.skin.graphics.RowCanvas.drawLayer(RowCanvas.java:480) - JavaFX Application Thread
2026-04-20 14:51:21,147 [ERROR] in JavaFX Application Thread - 	at impl.com.flexganttfx.skin.graphics.RowCanvas.drawModelLayers(RowCanvas.java:371) - JavaFX Application Thread
2026-04-20 14:51:21,147 [ERROR] in JavaFX Application Thread - 	at impl.com.flexganttfx.skin.graphics.RowCanvas.draw(RowCanvas.java:300) - JavaFX Application Thread
2026-04-20 14:51:21,147 [ERROR] in JavaFX Application Thread - 	at com.flexganttfx.view.graphics.GraphicsBase.lambda$new$23(GraphicsBase.java:635) - JavaFX Application Thread
2026-04-20 14:51:21,147 [ERROR] in JavaFX Application Thread - 	at javafx.scene.Scene$ScenePulseListener.pulse(Scene.java:2728) - JavaFX Application Thread
2026-04-20 14:51:21,147 [ERROR] in JavaFX Application Thread - 	at com.sun.javafx.tk.Toolkit.runPulse(Toolkit.java:382) - JavaFX Application Thread
2026-04-20 14:51:21,147 [ERROR] in JavaFX Application Thread - 	at com.sun.javafx.tk.Toolkit.firePulse(Toolkit.java:407) - JavaFX Application Thread
2026-04-20 14:51:21,147 [ERROR] in JavaFX Application Thread - 	at com.sun.javafx.tk.quantum.QuantumToolkit.pulse(QuantumToolkit.java:601) - JavaFX Application Thread
2026-04-20 14:51:21,147 [ERROR] in JavaFX Application Thread - 	at com.sun.javafx.tk.quantum.QuantumToolkit.pulse(QuantumToolkit.java:581) - JavaFX Application Thread
2026-04-20 14:51:21,147 [ERROR] in JavaFX Application Thread - 	at com.sun.javafx.tk.quantum.QuantumToolkit.pulseFromQueue(QuantumToolkit.java:574) - JavaFX Application Thread
2026-04-20 14:51:21,147 [ERROR] in JavaFX Application Thread - 	at com.sun.javafx.tk.quantum.QuantumToolkit.lambda$runToolkit$0(QuantumToolkit.java:351) - JavaFX Application Thread
2026-04-20 14:51:21,147 [ERROR] in JavaFX Application Thread - 	at com.sun.glass.ui.monocle.RunnableProcessor.runLoop(RunnableProcessor.java:92) - JavaFX Application Thread
2026-04-20 14:51:21,147 [ERROR] in JavaFX Application Thread - 	at com.sun.glass.ui.monocle.RunnableProcessor.run(RunnableProcessor.java:51) - JavaFX Application Thread
2026-04-20 14:51:21,147 [ERROR] in JavaFX Application Thread - 	at java.base/java.lang.Thread.run(Thread.java:1474) - JavaFX Application Thread
2026-04-20 14:51:21,158 [ERROR] in JavaFX Application Thread - Exception in thread "JavaFX Application Thread" java.lang.ClassCastException: class com.flexganttfx.sprint.model.TaskActivity cannot be cast to class com.flexganttfx.sprint.model.UserStory (com.flexganttfx.sprint.model.TaskActivity and com.flexganttfx.sprint.model.UserStory are in unnamed module of loader 'app') - JavaFX Application Thread
2026-04-20 14:51:21,158 [ERROR] in JavaFX Application Thread - 	at com.flexganttfx.sprint.renderer.UserStoryRenderer.drawActivity(UserStoryRenderer.java:38) - JavaFX Application Thread
2026-04-20 14:51:21,158 [ERROR] in JavaFX Application Thread - 	at com.flexganttfx.view.graphics.renderer.ActivityRenderer.draw(ActivityRenderer.java:70) - JavaFX Application Thread
2026-04-20 14:51:21,158 [ERROR] in JavaFX Application Thread - 	at impl.com.flexganttfx.skin.graphics.RowCanvas.drawActivity(RowCanvas.java:772) - JavaFX Application Thread
2026-04-20 14:51:21,158 [ERROR] in JavaFX Application Thread - 	at impl.com.flexganttfx.skin.graphics.RowCanvas.drawLayer(RowCanvas.java:480) - JavaFX Application Thread
2026-04-20 14:51:21,158 [ERROR] in JavaFX Application Thread - 	at impl.com.flexganttfx.skin.graphics.RowCanvas.drawModelLayers(RowCanvas.java:371) - JavaFX Application Thread
2026-04-20 14:51:21,158 [ERROR] in JavaFX Application Thread - 	at impl.com.flexganttfx.skin.graphics.RowCanvas.draw(RowCanvas.java:300) - JavaFX Application Thread
2026-04-20 14:51:21,158 [ERROR] in JavaFX Application Thread - 	at com.flexganttfx.view.graphics.GraphicsBase.lambda$new$23(GraphicsBase.java:635) - JavaFX Application Thread
2026-04-20 14:51:21,158 [ERROR] in JavaFX Application Thread - 	at javafx.scene.Scene$ScenePulseListener.pulse(Scene.java:2728) - JavaFX Application Thread
2026-04-20 14:51:21,158 [ERROR] in JavaFX Application Thread - 	at com.sun.javafx.tk.Toolkit.runPulse(Toolkit.java:382) - JavaFX Application Thread
2026-04-20 14:51:21,158 [ERROR] in JavaFX Application Thread - 	at com.sun.javafx.tk.Toolkit.firePulse(Toolkit.java:407) - JavaFX Application Thread
2026-04-20 14:51:21,158 [ERROR] in JavaFX Application Thread - 	at com.sun.javafx.tk.quantum.QuantumToolkit.pulse(QuantumToolkit.java:601) - JavaFX Application Thread
2026-04-20 14:51:21,158 [ERROR] in JavaFX Application Thread - 	at com.sun.javafx.tk.quantum.QuantumToolkit.pulse(QuantumToolkit.java:581) - JavaFX Application Thread
2026-04-20 14:51:21,158 [ERROR] in JavaFX Application Thread - 	at com.sun.javafx.tk.quantum.QuantumToolkit.pulseFromQueue(QuantumToolkit.java:574) - JavaFX Application Thread
2026-04-20 14:51:21,158 [ERROR] in JavaFX Application Thread - 	at com.sun.javafx.tk.quantum.QuantumToolkit.lambda$runToolkit$0(QuantumToolkit.java:351) - JavaFX Application Thread
2026-04-20 14:51:21,158 [ERROR] in JavaFX Application Thread - 	at com.sun.glass.ui.monocle.RunnableProcessor.runLoop(RunnableProcessor.java:92) - JavaFX Application Thread
2026-04-20 14:51:21,158 [ERROR] in JavaFX Application Thread - 	at com.sun.glass.ui.monocle.RunnableProcessor.run(RunnableProcessor.java:51) - JavaFX Application Thread
2026-04-20 14:51:21,158 [ERROR] in JavaFX Application Thread - 	at java.base/java.lang.Thread.run(Thread.java:1474) - JavaFX Application Thread
2026-04-20 14:51:21,174 [ERROR] in JavaFX Application Thread - Exception in thread "JavaFX Application Thread" java.lang.ClassCastException: class com.flexganttfx.sprint.model.TaskActivity cannot be cast to class com.flexganttfx.sprint.model.UserStory (com.flexganttfx.sprint.model.TaskActivity and com.flexganttfx.sprint.model.UserStory are in unnamed module of loader 'app') - JavaFX Application Thread
2026-04-20 14:51:21,174 [ERROR] in JavaFX Application Thread - 	at com.flexganttfx.sprint.renderer.UserStoryRenderer.drawActivity(UserStoryRenderer.java:38) - JavaFX Application Thread
2026-04-20 14:51:21,174 [ERROR] in JavaFX Application Thread - 	at com.flexganttfx.view.graphics.renderer.ActivityRenderer.draw(ActivityRenderer.java:70) - JavaFX Application Thread
2026-04-20 14:51:21,174 [ERROR] in JavaFX Application Thread - 	at impl.com.flexganttfx.skin.graphics.RowCanvas.drawActivity(RowCanvas.java:772) - JavaFX Application Thread
2026-04-20 14:51:21,174 [ERROR] in JavaFX Application Thread - 	at impl.com.flexganttfx.skin.graphics.RowCanvas.drawLayer(RowCanvas.java:480) - JavaFX Application Thread
2026-04-20 14:51:21,174 [ERROR] in JavaFX Application Thread - 	at impl.com.flexganttfx.skin.graphics.RowCanvas.drawModelLayers(RowCanvas.java:371) - JavaFX Application Thread
2026-04-20 14:51:21,174 [ERROR] in JavaFX Application Thread - 	at impl.com.flexganttfx.skin.graphics.RowCanvas.draw(RowCanvas.java:300) - JavaFX Application Thread
2026-04-20 14:51:21,174 [ERROR] in JavaFX Application Thread - 	at com.flexganttfx.view.graphics.GraphicsBase.lambda$new$23(GraphicsBase.java:635) - JavaFX Application Thread
2026-04-20 14:51:21,174 [ERROR] in JavaFX Application Thread - 	at javafx.scene.Scene$ScenePulseListener.pulse(Scene.java:2728) - JavaFX Application Thread
2026-04-20 14:51:21,174 [ERROR] in JavaFX Application Thread - 	at com.sun.javafx.tk.Toolkit.runPulse(Toolkit.java:382) - JavaFX Application Thread
2026-04-20 14:51:21,174 [ERROR] in JavaFX Application Thread - 	at com.sun.javafx.tk.Toolkit.firePulse(Toolkit.java:407) - JavaFX Application Thread
2026-04-20 14:51:21,174 [ERROR] in JavaFX Application Thread - 	at com.sun.javafx.tk.quantum.QuantumToolkit.pulse(QuantumToolkit.java:601) - JavaFX Application Thread
2026-04-20 14:51:21,174 [ERROR] in JavaFX Application Thread - 	at com.sun.javafx.tk.quantum.QuantumToolkit.pulse(QuantumToolkit.java:581) - JavaFX Application Thread
2026-04-20 14:51:21,174 [ERROR] in JavaFX Application Thread - 	at com.sun.javafx.tk.quantum.QuantumToolkit.pulseFromQueue(QuantumToolkit.java:574) - JavaFX Application Thread
2026-04-20 14:51:21,174 [ERROR] in JavaFX Application Thread - 	at com.sun.javafx.tk.quantum.QuantumToolkit.lambda$runToolkit$0(QuantumToolkit.java:351) - JavaFX Application Thread
2026-04-20 14:51:21,174 [ERROR] in JavaFX Application Thread - 	at com.sun.glass.ui.monocle.RunnableProcessor.runLoop(RunnableProcessor.java:92) - JavaFX Application Thread
2026-04-20 14:51:21,174 [ERROR] in JavaFX Application Thread - 	at com.sun.glass.ui.monocle.RunnableProcessor.run(RunnableProcessor.java:51) - JavaFX Application Thread
2026-04-20 14:51:21,174 [ERROR] in JavaFX Application Thread - 	at java.base/java.lang.Thread.run(Thread.java:1474) - JavaFX Application Thread
2026-04-20 14:51:21,189 [ERROR] in JavaFX Application Thread - Exception in thread "JavaFX Application Thread" java.lang.ClassCastException: class com.flexganttfx.sprint.model.TaskActivity cannot be cast to class com.flexganttfx.sprint.model.UserStory (com.flexganttfx.sprint.model.TaskActivity and com.flexganttfx.sprint.model.UserStory are in unnamed module of loader 'app') - JavaFX Application Thread
2026-04-20 14:51:21,189 [ERROR] in JavaFX Application Thread - 	at com.flexganttfx.sprint.renderer.UserStoryRenderer.drawActivity(UserStoryRenderer.java:38) - JavaFX Application Thread
2026-04-20 14:51:21,189 [ERROR] in JavaFX Application Thread - 	at com.flexganttfx.view.graphics.renderer.ActivityRenderer.draw(ActivityRenderer.java:70) - JavaFX Application Thread
2026-04-20 14:51:21,189 [ERROR] in JavaFX Application Thread - 	at impl.com.flexganttfx.skin.graphics.RowCanvas.drawActivity(RowCanvas.java:772) - JavaFX Application Thread
2026-04-20 14:51:21,189 [ERROR] in JavaFX Application Thread - 	at impl.com.flexganttfx.skin.graphics.RowCanvas.drawLayer(RowCanvas.java:480) - JavaFX Application Thread
2026-04-20 14:51:21,189 [ERROR] in JavaFX Application Thread - 	at impl.com.flexganttfx.skin.graphics.RowCanvas.drawModelLayers(RowCanvas.java:371) - JavaFX Application Thread
2026-04-20 14:51:21,189 [ERROR] in JavaFX Application Thread - 	at impl.com.flexganttfx.skin.graphics.RowCanvas.draw(RowCanvas.java:300) - JavaFX Application Thread
2026-04-20 14:51:21,189 [ERROR] in JavaFX Application Thread - 	at com.flexganttfx.view.graphics.GraphicsBase.lambda$new$23(GraphicsBase.java:635) - JavaFX Application Thread
2026-04-20 14:51:21,189 [ERROR] in JavaFX Application Thread - 	at javafx.scene.Scene$ScenePulseListener.pulse(Scene.java:2728) - JavaFX Application Thread
2026-04-20 14:51:21,189 [ERROR] in JavaFX Application Thread - 	at com.sun.javafx.tk.Toolkit.runPulse(Toolkit.java:382) - JavaFX Application Thread
2026-04-20 14:51:21,189 [ERROR] in JavaFX Application Thread - 	at com.sun.javafx.tk.Toolkit.firePulse(Toolkit.java:407) - JavaFX Application Thread
2026-04-20 14:51:21,189 [ERROR] in JavaFX Application Thread - 	at com.sun.javafx.tk.quantum.QuantumToolkit.pulse(QuantumToolkit.java:601) - JavaFX Application Thread
2026-04-20 14:51:21,189 [ERROR] in JavaFX Application Thread - 	at com.sun.javafx.tk.quantum.QuantumToolkit.pulse(QuantumToolkit.java:581) - JavaFX Application Thread
2026-04-20 14:51:21,189 [ERROR] in JavaFX Application Thread - 	at com.sun.javafx.tk.quantum.QuantumToolkit.pulseFromQueue(QuantumToolkit.java:574) - JavaFX Application Thread
2026-04-20 14:51:21,189 [ERROR] in JavaFX Application Thread - 	at com.sun.javafx.tk.quantum.QuantumToolkit.lambda$runToolkit$0(QuantumToolkit.java:351) - JavaFX Application Thread
2026-04-20 14:51:21,189 [ERROR] in JavaFX Application Thread - 	at com.sun.glass.ui.monocle.RunnableProcessor.runLoop(RunnableProcessor.java:92) - JavaFX Application Thread
2026-04-20 14:51:21,189 [ERROR] in JavaFX Application Thread - 	at com.sun.glass.ui.monocle.RunnableProcessor.run(RunnableProcessor.java:51) - JavaFX Application Thread
2026-04-20 14:51:21,189 [ERROR] in JavaFX Application Thread - 	at java.base/java.lang.Thread.run(Thread.java:1474) - JavaFX Application Thread
2026-04-20 14:51:21,205 [ERROR] in JavaFX Application Thread - Exception in thread "JavaFX Application Thread" java.lang.ClassCastException: class com.flexganttfx.sprint.model.TaskActivity cannot be cast to class com.flexganttfx.sprint.model.UserStory (com.flexganttfx.sprint.model.TaskActivity and com.flexganttfx.sprint.model.UserStory are in unnamed module of loader 'app') - JavaFX Application Thread
2026-04-20 14:51:21,205 [ERROR] in JavaFX Application Thread - 	at com.flexganttfx.sprint.renderer.UserStoryRenderer.drawActivity(UserStoryRenderer.java:38) - JavaFX Application Thread
2026-04-20 14:51:21,205 [ERROR] in JavaFX Application Thread - 	at com.flexganttfx.view.graphics.renderer.ActivityRenderer.draw(ActivityRenderer.java:70) - JavaFX Application Thread
2026-04-20 14:51:21,205 [ERROR] in JavaFX Application Thread - 	at impl.com.flexganttfx.skin.graphics.RowCanvas.drawActivity(RowCanvas.java:772) - JavaFX Application Thread
2026-04-20 14:51:21,205 [ERROR] in JavaFX Application Thread - 	at impl.com.flexganttfx.skin.graphics.RowCanvas.drawLayer(RowCanvas.java:480) - JavaFX Application Thread
2026-04-20 14:51:21,206 [ERROR] in JavaFX Application Thread - 	at impl.com.flexganttfx.skin.graphics.RowCanvas.drawModelLayers(RowCanvas.java:371) - JavaFX Application Thread
2026-04-20 14:51:21,206 [ERROR] in JavaFX Application Thread - 	at impl.com.flexganttfx.skin.graphics.RowCanvas.draw(RowCanvas.java:300) - JavaFX Application Thread
2026-04-20 14:51:21,206 [ERROR] in JavaFX Application Thread - 	at com.flexganttfx.view.graphics.GraphicsBase.lambda$new$23(GraphicsBase.java:635) - JavaFX Application Thread
2026-04-20 14:51:21,206 [ERROR] in JavaFX Application Thread - 	at javafx.scene.Scene$ScenePulseListener.pulse(Scene.java:2728) - JavaFX Application Thread
2026-04-20 14:51:21,206 [ERROR] in JavaFX Application Thread - 	at com.sun.javafx.tk.Toolkit.runPulse(Toolkit.java:382) - JavaFX Application Thread
2026-04-20 14:51:21,206 [ERROR] in JavaFX Application Thread - 	at com.sun.javafx.tk.Toolkit.firePulse(Toolkit.java:407) - JavaFX Application Thread
2026-04-20 14:51:21,206 [ERROR] in JavaFX Application Thread - 	at com.sun.javafx.tk.quantum.QuantumToolkit.pulse(QuantumToolkit.java:601) - JavaFX Application Thread
2026-04-20 14:51:21,206 [ERROR] in JavaFX Application Thread - 	at com.sun.javafx.tk.quantum.QuantumToolkit.pulse(QuantumToolkit.java:581) - JavaFX Application Thread
2026-04-20 14:51:21,206 [ERROR] in JavaFX Application Thread - 	at com.sun.javafx.tk.quantum.QuantumToolkit.pulseFromQueue(QuantumToolkit.java:574) - JavaFX Application Thread
2026-04-20 14:51:21,206 [ERROR] in JavaFX Application Thread - 	at com.sun.javafx.tk.quantum.QuantumToolkit.lambda$runToolkit$0(QuantumToolkit.java:351) - JavaFX Application Thread
2026-04-20 14:51:21,206 [ERROR] in JavaFX Application Thread - 	at com.sun.glass.ui.monocle.RunnableProcessor.runLoop(RunnableProcessor.java:92) - JavaFX Application Thread
2026-04-20 14:51:21,206 [ERROR] in JavaFX Application Thread - 	at com.sun.glass.ui.monocle.RunnableProcessor.run(RunnableProcessor.java:51) - JavaFX Application Thread
2026-04-20 14:51:21,206 [ERROR] in JavaFX Application Thread - 	at java.base/java.lang.Thread.run(Thread.java:1474) - JavaFX Application Thread
2026-04-20 14:51:21,215 [ERROR] in JavaFX Application Thread - Exception in thread "JavaFX Application Thread" java.lang.ClassCastException: class com.flexganttfx.sprint.model.TaskActivity cannot be cast to class com.flexganttfx.sprint.model.UserStory (com.flexganttfx.sprint.model.TaskActivity and com.flexganttfx.sprint.model.UserStory are in unnamed module of loader 'app') - JavaFX Application Thread
2026-04-20 14:51:21,215 [ERROR] in JavaFX Application Thread - 	at com.flexganttfx.sprint.renderer.UserStoryRenderer.drawActivity(UserStoryRenderer.java:38) - JavaFX Application Thread
2026-04-20 14:51:21,215 [ERROR] in JavaFX Application Thread - 	at com.flexganttfx.view.graphics.renderer.ActivityRenderer.draw(ActivityRenderer.java:70) - JavaFX Application Thread
2026-04-20 14:51:21,215 [ERROR] in JavaFX Application Thread - 	at impl.com.flexganttfx.skin.graphics.RowCanvas.drawActivity(RowCanvas.java:772) - JavaFX Application Thread
2026-04-20 14:51:21,215 [ERROR] in JavaFX Application Thread - 	at impl.com.flexganttfx.skin.graphics.RowCanvas.drawLayer(RowCanvas.java:480) - JavaFX Application Thread
2026-04-20 14:51:21,215 [ERROR] in JavaFX Application Thread - 	at impl.com.flexganttfx.skin.graphics.RowCanvas.drawModelLayers(RowCanvas.java:371) - JavaFX Application Thread
2026-04-20 14:51:21,215 [ERROR] in JavaFX Application Thread - 	at impl.com.flexganttfx.skin.graphics.RowCanvas.draw(RowCanvas.java:300) - JavaFX Application Thread
2026-04-20 14:51:21,215 [ERROR] in JavaFX Application Thread - 	at com.flexganttfx.view.graphics.GraphicsBase.lambda$new$23(GraphicsBase.java:635) - JavaFX Application Thread
2026-04-20 14:51:21,215 [ERROR] in JavaFX Application Thread - 	at javafx.scene.Scene$ScenePulseListener.pulse(Scene.java:2728) - JavaFX Application Thread
2026-04-20 14:51:21,215 [ERROR] in JavaFX Application Thread - 	at com.sun.javafx.tk.Toolkit.runPulse(Toolkit.java:382) - JavaFX Application Thread
2026-04-20 14:51:21,215 [ERROR] in JavaFX Application Thread - 	at com.sun.javafx.tk.Toolkit.firePulse(Toolkit.java:407) - JavaFX Application Thread
2026-04-20 14:51:21,215 [ERROR] in JavaFX Application Thread - 	at com.sun.javafx.tk.quantum.QuantumToolkit.pulse(QuantumToolkit.java:601) - JavaFX Application Thread
2026-04-20 14:51:21,215 [ERROR] in JavaFX Application Thread - 	at com.sun.javafx.tk.quantum.QuantumToolkit.pulse(QuantumToolkit.java:581) - JavaFX Application Thread
2026-04-20 14:51:21,215 [ERROR] in JavaFX Application Thread - 	at com.sun.javafx.tk.quantum.QuantumToolkit.pulseFromQueue(QuantumToolkit.java:574) - JavaFX Application Thread
2026-04-20 14:51:21,215 [ERROR] in JavaFX Application Thread - 	at com.sun.javafx.tk.quantum.QuantumToolkit.lambda$runToolkit$0(QuantumToolkit.java:351) - JavaFX Application Thread
2026-04-20 14:51:21,215 [ERROR] in JavaFX Application Thread - 	at com.sun.glass.ui.monocle.RunnableProcessor.runLoop(RunnableProcessor.java:92) - JavaFX Application Thread
2026-04-20 14:51:21,215 [ERROR] in JavaFX Application Thread - 	at com.sun.glass.ui.monocle.RunnableProcessor.run(RunnableProcessor.java:51) - JavaFX Application Thread
2026-04-20 14:51:21,215 [ERROR] in JavaFX Application Thread - 	at java.base/java.lang.Thread.run(Thread.java:1474) - JavaFX Application Thread
2026-04-20 14:51:21,231 [ERROR] in JavaFX Application Thread - Exception in thread "JavaFX Application Thread" java.lang.ClassCastException: class com.flexganttfx.sprint.model.TaskActivity cannot be cast to class com.flexganttfx.sprint.model.UserStory (com.flexganttfx.sprint.model.TaskActivity and com.flexganttfx.sprint.model.UserStory are in unnamed module of loader 'app') - JavaFX Application Thread
2026-04-20 14:51:21,231 [ERROR] in JavaFX Application Thread - 	at com.flexganttfx.sprint.renderer.UserStoryRenderer.drawActivity(UserStoryRenderer.java:38) - JavaFX Application Thread
2026-04-20 14:51:21,231 [ERROR] in JavaFX Application Thread - 	at com.flexganttfx.view.graphics.renderer.ActivityRenderer.draw(ActivityRenderer.java:70) - JavaFX Application Thread
2026-04-20 14:51:21,231 [ERROR] in JavaFX Application Thread - 	at impl.com.flexganttfx.skin.graphics.RowCanvas.drawActivity(RowCanvas.java:772) - JavaFX Application Thread
2026-04-20 14:51:21,231 [ERROR] in JavaFX Application Thread - 	at impl.com.flexganttfx.skin.graphics.RowCanvas.drawLayer(RowCanvas.java:480) - JavaFX Application Thread
2026-04-20 14:51:21,231 [ERROR] in JavaFX Application Thread - 	at impl.com.flexganttfx.skin.graphics.RowCanvas.drawModelLayers(RowCanvas.java:371) - JavaFX Application Thread
2026-04-20 14:51:21,231 [ERROR] in JavaFX Application Thread - 	at impl.com.flexganttfx.skin.graphics.RowCanvas.draw(RowCanvas.java:300) - JavaFX Application Thread
2026-04-20 14:51:21,231 [ERROR] in JavaFX Application Thread - 	at com.flexganttfx.view.graphics.GraphicsBase.lambda$new$23(GraphicsBase.java:635) - JavaFX Application Thread
2026-04-20 14:51:21,231 [ERROR] in JavaFX Application Thread - 	at javafx.scene.Scene$ScenePulseListener.pulse(Scene.java:2728) - JavaFX Application Thread
2026-04-20 14:51:21,231 [ERROR] in JavaFX Application Thread - 	at com.sun.javafx.tk.Toolkit.runPulse(Toolkit.java:382) - JavaFX Application Thread
2026-04-20 14:51:21,231 [ERROR] in JavaFX Application Thread - 	at com.sun.javafx.tk.Toolkit.firePulse(Toolkit.java:407) - JavaFX Application Thread
2026-04-20 14:51:21,231 [ERROR] in JavaFX Application Thread - 	at com.sun.javafx.tk.quantum.QuantumToolkit.pulse(QuantumToolkit.java:601) - JavaFX Application Thread
2026-04-20 14:51:21,231 [ERROR] in JavaFX Application Thread - 	at com.sun.javafx.tk.quantum.QuantumToolkit.pulse(QuantumToolkit.java:581) - JavaFX Application Thread
2026-04-20 14:51:21,231 [ERROR] in JavaFX Application Thread - 	at com.sun.javafx.tk.quantum.QuantumToolkit.pulseFromQueue(QuantumToolkit.java:574) - JavaFX Application Thread
2026-04-20 14:51:21,231 [ERROR] in JavaFX Application Thread - 	at com.sun.javafx.tk.quantum.QuantumToolkit.lambda$runToolkit$0(QuantumToolkit.java:351) - JavaFX Application Thread
2026-04-20 14:51:21,231 [ERROR] in JavaFX Application Thread - 	at com.sun.glass.ui.monocle.RunnableProcessor.runLoop(RunnableProcessor.java:92) - JavaFX Application Thread
2026-04-20 14:51:21,231 [ERROR] in JavaFX Application Thread - 	at com.sun.glass.ui.monocle.RunnableProcessor.run(RunnableProcessor.java:51) - JavaFX Application Thread
2026-04-20 14:51:21,231 [ERROR] in JavaFX Application Thread - 	at java.base/java.lang.Thread.run(Thread.java:1474) - JavaFX Application Thread
2026-04-20 14:51:21,245 [ERROR] in JavaFX Application Thread - Exception in thread "JavaFX Application Thread" java.lang.ClassCastException: class com.flexganttfx.sprint.model.TaskActivity cannot be cast to class com.flexganttfx.sprint.model.UserStory (com.flexganttfx.sprint.model.TaskActivity and com.flexganttfx.sprint.model.UserStory are in unnamed module of loader 'app') - JavaFX Application Thread
2026-04-20 14:51:21,245 [ERROR] in JavaFX Application Thread - 	at com.flexganttfx.sprint.renderer.UserStoryRenderer.drawActivity(UserStoryRenderer.java:38) - JavaFX Application Thread
2026-04-20 14:51:21,245 [ERROR] in JavaFX Application Thread - 	at com.flexganttfx.view.graphics.renderer.ActivityRenderer.draw(ActivityRenderer.java:70) - JavaFX Application Thread
2026-04-20 14:51:21,245 [ERROR] in JavaFX Application Thread - 	at impl.com.flexganttfx.skin.graphics.RowCanvas.drawActivity(RowCanvas.java:772) - JavaFX Application Thread
2026-04-20 14:51:21,245 [ERROR] in JavaFX Application Thread - 	at impl.com.flexganttfx.skin.graphics.RowCanvas.drawLayer(RowCanvas.java:480) - JavaFX Application Thread
2026-04-20 14:51:21,245 [ERROR] in JavaFX Application Thread - 	at impl.com.flexganttfx.skin.graphics.RowCanvas.drawModelLayers(RowCanvas.java:371) - JavaFX Application Thread
2026-04-20 14:51:21,245 [ERROR] in JavaFX Application Thread - 	at impl.com.flexganttfx.skin.graphics.RowCanvas.draw(RowCanvas.java:300) - JavaFX Application Thread
2026-04-20 14:51:21,245 [ERROR] in JavaFX Application Thread - 	at com.flexganttfx.view.graphics.GraphicsBase.lambda$new$23(GraphicsBase.java:635) - JavaFX Application Thread
2026-04-20 14:51:21,245 [ERROR] in JavaFX Application Thread - 	at javafx.scene.Scene$ScenePulseListener.pulse(Scene.java:2728) - JavaFX Application Thread
2026-04-20 14:51:21,245 [ERROR] in JavaFX Application Thread - 	at com.sun.javafx.tk.Toolkit.runPulse(Toolkit.java:382) - JavaFX Application Thread
2026-04-20 14:51:21,245 [ERROR] in JavaFX Application Thread - 	at com.sun.javafx.tk.Toolkit.firePulse(Toolkit.java:407) - JavaFX Application Thread
2026-04-20 14:51:21,245 [ERROR] in JavaFX Application Thread - 	at com.sun.javafx.tk.quantum.QuantumToolkit.pulse(QuantumToolkit.java:601) - JavaFX Application Thread
2026-04-20 14:51:21,245 [ERROR] in JavaFX Application Thread - 	at com.sun.javafx.tk.quantum.QuantumToolkit.pulse(QuantumToolkit.java:581) - JavaFX Application Thread
2026-04-20 14:51:21,246 [ERROR] in JavaFX Application Thread - 	at com.sun.javafx.tk.quantum.QuantumToolkit.pulseFromQueue(QuantumToolkit.java:574) - JavaFX Application Thread
2026-04-20 14:51:21,246 [ERROR] in JavaFX Application Thread - 	at com.sun.javafx.tk.quantum.QuantumToolkit.lambda$runToolkit$0(QuantumToolkit.java:351) - JavaFX Application Thread
2026-04-20 14:51:21,246 [ERROR] in JavaFX Application Thread - 	at com.sun.glass.ui.monocle.RunnableProcessor.runLoop(RunnableProcessor.java:92) - JavaFX Application Thread
2026-04-20 14:51:21,246 [ERROR] in JavaFX Application Thread - 	at com.sun.glass.ui.monocle.RunnableProcessor.run(RunnableProcessor.java:51) - JavaFX Application Thread
2026-04-20 14:51:21,246 [ERROR] in JavaFX Application Thread - 	at java.base/java.lang.Thread.run(Thread.java:1474) - JavaFX Application Thread
2026-04-20 14:51:21,263 [ERROR] in JavaFX Application Thread - Exception in thread "JavaFX Application Thread" java.lang.ClassCastException: class com.flexganttfx.sprint.model.TaskActivity cannot be cast to class com.flexganttfx.sprint.model.UserStory (com.flexganttfx.sprint.model.TaskActivity and com.flexganttfx.sprint.model.UserStory are in unnamed module of loader 'app') - JavaFX Application Thread
2026-04-20 14:51:21,263 [ERROR] in JavaFX Application Thread - 	at com.flexganttfx.sprint.renderer.UserStoryRenderer.drawActivity(UserStoryRenderer.java:38) - JavaFX Application Thread
2026-04-20 14:51:21,263 [ERROR] in JavaFX Application Thread - 	at com.flexganttfx.view.graphics.renderer.ActivityRenderer.draw(ActivityRenderer.java:70) - JavaFX Application Thread
2026-04-20 14:51:21,263 [ERROR] in JavaFX Application Thread - 	at impl.com.flexganttfx.skin.graphics.RowCanvas.drawActivity(RowCanvas.java:772) - JavaFX Application Thread
2026-04-20 14:51:21,263 [ERROR] in JavaFX Application Thread - 	at impl.com.flexganttfx.skin.graphics.RowCanvas.drawLayer(RowCanvas.java:480) - JavaFX Application Thread
2026-04-20 14:51:21,263 [ERROR] in JavaFX Application Thread - 	at impl.com.flexganttfx.skin.graphics.RowCanvas.drawModelLayers(RowCanvas.java:371) - JavaFX Application Thread
2026-04-20 14:51:21,263 [ERROR] in JavaFX Application Thread - 	at impl.com.flexganttfx.skin.graphics.RowCanvas.draw(RowCanvas.java:300) - JavaFX Application Thread
2026-04-20 14:51:21,263 [ERROR] in JavaFX Application Thread - 	at com.flexganttfx.view.graphics.GraphicsBase.lambda$new$23(GraphicsBase.java:635) - JavaFX Application Thread
2026-04-20 14:51:21,263 [ERROR] in JavaFX Application Thread - 	at javafx.scene.Scene$ScenePulseListener.pulse(Scene.java:2728) - JavaFX Application Thread
2026-04-20 14:51:21,263 [ERROR] in JavaFX Application Thread - 	at com.sun.javafx.tk.Toolkit.runPulse(Toolkit.java:382) - JavaFX Application Thread
2026-04-20 14:51:21,263 [ERROR] in JavaFX Application Thread - 	at com.sun.javafx.tk.Toolkit.firePulse(Toolkit.java:407) - JavaFX Application Thread
2026-04-20 14:51:21,263 [ERROR] in JavaFX Application Thread - 	at com.sun.javafx.tk.quantum.QuantumToolkit.pulse(QuantumToolkit.java:601) - JavaFX Application Thread
2026-04-20 14:51:21,263 [ERROR] in JavaFX Application Thread - 	at com.sun.javafx.tk.quantum.QuantumToolkit.pulse(QuantumToolkit.java:581) - JavaFX Application Thread
2026-04-20 14:51:21,263 [ERROR] in JavaFX Application Thread - 	at com.sun.javafx.tk.quantum.QuantumToolkit.pulseFromQueue(QuantumToolkit.java:574) - JavaFX Application Thread
2026-04-20 14:51:21,263 [ERROR] in JavaFX Application Thread - 	at com.sun.javafx.tk.quantum.QuantumToolkit.lambda$runToolkit$0(QuantumToolkit.java:351) - JavaFX Application Thread
2026-04-20 14:51:21,264 [ERROR] in JavaFX Application Thread - 	at com.sun.glass.ui.monocle.RunnableProcessor.runLoop(RunnableProcessor.java:92) - JavaFX Application Thread
2026-04-20 14:51:21,264 [ERROR] in JavaFX Application Thread - 	at com.sun.glass.ui.monocle.RunnableProcessor.run(RunnableProcessor.java:51) - JavaFX Application Thread
2026-04-20 14:51:21,264 [ERROR] in JavaFX Application Thread - 	at java.base/java.lang.Thread.run(Thread.java:1474) - JavaFX Application Thread
2026-04-20 14:51:24,678 [ERROR] in JavaFX Application Thread - Exception in thread "JavaFX Application Thread" java.lang.ClassCastException: class com.flexganttfx.sprint.model.TaskActivity cannot be cast to class com.flexganttfx.sprint.model.UserStory (com.flexganttfx.sprint.model.TaskActivity and com.flexganttfx.sprint.model.UserStory are in unnamed module of loader 'app') - JavaFX Application Thread
2026-04-20 14:51:24,678 [ERROR] in JavaFX Application Thread - 	at com.flexganttfx.sprint.renderer.UserStoryRenderer.drawActivity(UserStoryRenderer.java:38) - JavaFX Application Thread
2026-04-20 14:51:24,678 [ERROR] in JavaFX Application Thread - 	at com.flexganttfx.view.graphics.renderer.ActivityRenderer.draw(ActivityRenderer.java:70) - JavaFX Application Thread
2026-04-20 14:51:24,678 [ERROR] in JavaFX Application Thread - 	at impl.com.flexganttfx.skin.graphics.RowCanvas.drawActivity(RowCanvas.java:772) - JavaFX Application Thread
2026-04-20 14:51:24,678 [ERROR] in JavaFX Application Thread - 	at impl.com.flexganttfx.skin.graphics.RowCanvas.drawLayer(RowCanvas.java:480) - JavaFX Application Thread
2026-04-20 14:51:24,678 [ERROR] in JavaFX Application Thread - 	at impl.com.flexganttfx.skin.graphics.RowCanvas.drawModelLayers(RowCanvas.java:371) - JavaFX Application Thread
2026-04-20 14:51:24,678 [ERROR] in JavaFX Application Thread - 	at impl.com.flexganttfx.skin.graphics.RowCanvas.draw(RowCanvas.java:300) - JavaFX Application Thread
2026-04-20 14:51:24,678 [ERROR] in JavaFX Application Thread - 	at com.flexganttfx.view.graphics.GraphicsBase.lambda$new$23(GraphicsBase.java:635) - JavaFX Application Thread
2026-04-20 14:51:24,678 [ERROR] in JavaFX Application Thread - 	at javafx.scene.Scene$ScenePulseListener.pulse(Scene.java:2728) - JavaFX Application Thread
2026-04-20 14:51:24,678 [ERROR] in JavaFX Application Thread - 	at com.sun.javafx.tk.Toolkit.runPulse(Toolkit.java:382) - JavaFX Application Thread
2026-04-20 14:51:24,678 [ERROR] in JavaFX Application Thread - 	at com.sun.javafx.tk.Toolkit.firePulse(Toolkit.java:407) - JavaFX Application Thread
2026-04-20 14:51:24,678 [ERROR] in JavaFX Application Thread - 	at com.sun.javafx.tk.quantum.QuantumToolkit.pulse(QuantumToolkit.java:601) - JavaFX Application Thread
2026-04-20 14:51:24,678 [ERROR] in JavaFX Application Thread - 	at com.sun.javafx.tk.quantum.QuantumToolkit.pulse(QuantumToolkit.java:581) - JavaFX Application Thread
2026-04-20 14:51:24,678 [ERROR] in JavaFX Application Thread - 	at com.sun.javafx.tk.quantum.QuantumToolkit.pulseFromQueue(QuantumToolkit.java:574) - JavaFX Application Thread
2026-04-20 14:51:24,678 [ERROR] in JavaFX Application Thread - 	at com.sun.javafx.tk.quantum.QuantumToolkit.lambda$runToolkit$0(QuantumToolkit.java:351) - JavaFX Application Thread
2026-04-20 14:51:24,678 [ERROR] in JavaFX Application Thread - 	at com.sun.glass.ui.monocle.RunnableProcessor.runLoop(RunnableProcessor.java:92) - JavaFX Application Thread
2026-04-20 14:51:24,678 [ERROR] in JavaFX Application Thread - 	at com.sun.glass.ui.monocle.RunnableProcessor.run(RunnableProcessor.java:51) - JavaFX Application Thread
2026-04-20 14:51:24,678 [ERROR] in JavaFX Application Thread - 	at java.base/java.lang.Thread.run(Thread.java:1474) - JavaFX Application Thread
2026-04-20 14:51:24,711 [ERROR] in JavaFX Application Thread - Exception in thread "JavaFX Application Thread" java.lang.ClassCastException: class com.flexganttfx.sprint.model.TaskActivity cannot be cast to class com.flexganttfx.sprint.model.UserStory (com.flexganttfx.sprint.model.TaskActivity and com.flexganttfx.sprint.model.UserStory are in unnamed module of loader 'app') - JavaFX Application Thread
2026-04-20 14:51:24,711 [ERROR] in JavaFX Application Thread - 	at com.flexganttfx.sprint.renderer.UserStoryRenderer.drawActivity(UserStoryRenderer.java:38) - JavaFX Application Thread
2026-04-20 14:51:24,711 [ERROR] in JavaFX Application Thread - 	at com.flexganttfx.view.graphics.renderer.ActivityRenderer.draw(ActivityRenderer.java:70) - JavaFX Application Thread
2026-04-20 14:51:24,711 [ERROR] in JavaFX Application Thread - 	at impl.com.flexganttfx.skin.graphics.RowCanvas.drawActivity(RowCanvas.java:772) - JavaFX Application Thread
2026-04-20 14:51:24,711 [ERROR] in JavaFX Application Thread - 	at impl.com.flexganttfx.skin.graphics.RowCanvas.drawLayer(RowCanvas.java:480) - JavaFX Application Thread
2026-04-20 14:51:24,711 [ERROR] in JavaFX Application Thread - 	at impl.com.flexganttfx.skin.graphics.RowCanvas.drawModelLayers(RowCanvas.java:371) - JavaFX Application Thread
2026-04-20 14:51:24,711 [ERROR] in JavaFX Application Thread - 	at impl.com.flexganttfx.skin.graphics.RowCanvas.draw(RowCanvas.java:300) - JavaFX Application Thread
2026-04-20 14:51:24,711 [ERROR] in JavaFX Application Thread - 	at com.flexganttfx.view.graphics.GraphicsBase.lambda$new$23(GraphicsBase.java:635) - JavaFX Application Thread
2026-04-20 14:51:24,711 [ERROR] in JavaFX Application Thread - 	at javafx.scene.Scene$ScenePulseListener.pulse(Scene.java:2728) - JavaFX Application Thread
2026-04-20 14:51:24,711 [ERROR] in JavaFX Application Thread - 	at com.sun.javafx.tk.Toolkit.runPulse(Toolkit.java:382) - JavaFX Application Thread
2026-04-20 14:51:24,711 [ERROR] in JavaFX Application Thread - 	at com.sun.javafx.tk.Toolkit.firePulse(Toolkit.java:407) - JavaFX Application Thread
2026-04-20 14:51:24,711 [ERROR] in JavaFX Application Thread - 	at com.sun.javafx.tk.quantum.QuantumToolkit.pulse(QuantumToolkit.java:601) - JavaFX Application Thread
2026-04-20 14:51:24,711 [ERROR] in JavaFX Application Thread - 	at com.sun.javafx.tk.quantum.QuantumToolkit.pulse(QuantumToolkit.java:581) - JavaFX Application Thread
2026-04-20 14:51:24,711 [ERROR] in JavaFX Application Thread - 	at com.sun.javafx.tk.quantum.QuantumToolkit.pulseFromQueue(QuantumToolkit.java:574) - JavaFX Application Thread
2026-04-20 14:51:24,711 [ERROR] in JavaFX Application Thread - 	at com.sun.javafx.tk.quantum.QuantumToolkit.lambda$runToolkit$0(QuantumToolkit.java:351) - JavaFX Application Thread
2026-04-20 14:51:24,711 [ERROR] in JavaFX Application Thread - 	at com.sun.glass.ui.monocle.RunnableProcessor.runLoop(RunnableProcessor.java:92) - JavaFX Application Thread
2026-04-20 14:51:24,711 [ERROR] in JavaFX Application Thread - 	at com.sun.glass.ui.monocle.RunnableProcessor.run(RunnableProcessor.java:51) - JavaFX Application Thread
2026-04-20 14:51:24,712 [ERROR] in JavaFX Application Thread - 	at java.base/java.lang.Thread.run(Thread.java:1474) - JavaFX Application Thread
2026-04-20 14:51:24,727 [ERROR] in JavaFX Application Thread - Exception in thread "JavaFX Application Thread" java.lang.ClassCastException: class com.flexganttfx.sprint.model.TaskActivity cannot be cast to class com.flexganttfx.sprint.model.UserStory (com.flexganttfx.sprint.model.TaskActivity and com.flexganttfx.sprint.model.UserStory are in unnamed module of loader 'app') - JavaFX Application Thread
2026-04-20 14:51:24,727 [ERROR] in JavaFX Application Thread - 	at com.flexganttfx.sprint.renderer.UserStoryRenderer.drawActivity(UserStoryRenderer.java:38) - JavaFX Application Thread
2026-04-20 14:51:24,727 [ERROR] in JavaFX Application Thread - 	at com.flexganttfx.view.graphics.renderer.ActivityRenderer.draw(ActivityRenderer.java:70) - JavaFX Application Thread
2026-04-20 14:51:24,727 [ERROR] in JavaFX Application Thread - 	at impl.com.flexganttfx.skin.graphics.RowCanvas.drawActivity(RowCanvas.java:772) - JavaFX Application Thread
2026-04-20 14:51:24,727 [ERROR] in JavaFX Application Thread - 	at impl.com.flexganttfx.skin.graphics.RowCanvas.drawLayer(RowCanvas.java:480) - JavaFX Application Thread
2026-04-20 14:51:24,727 [ERROR] in JavaFX Application Thread - 	at impl.com.flexganttfx.skin.graphics.RowCanvas.drawModelLayers(RowCanvas.java:371) - JavaFX Application Thread
2026-04-20 14:51:24,727 [ERROR] in JavaFX Application Thread - 	at impl.com.flexganttfx.skin.graphics.RowCanvas.draw(RowCanvas.java:300) - JavaFX Application Thread
2026-04-20 14:51:24,727 [ERROR] in JavaFX Application Thread - 	at com.flexganttfx.view.graphics.GraphicsBase.lambda$new$23(GraphicsBase.java:635) - JavaFX Application Thread
2026-04-20 14:51:24,727 [ERROR] in JavaFX Application Thread - 	at javafx.scene.Scene$ScenePulseListener.pulse(Scene.java:2728) - JavaFX Application Thread
2026-04-20 14:51:24,727 [ERROR] in JavaFX Application Thread - 	at com.sun.javafx.tk.Toolkit.runPulse(Toolkit.java:382) - JavaFX Application Thread
2026-04-20 14:51:24,727 [ERROR] in JavaFX Application Thread - 	at com.sun.javafx.tk.Toolkit.firePulse(Toolkit.java:407) - JavaFX Application Thread
2026-04-20 14:51:24,727 [ERROR] in JavaFX Application Thread - 	at com.sun.javafx.tk.quantum.QuantumToolkit.pulse(QuantumToolkit.java:601) - JavaFX Application Thread
2026-04-20 14:51:24,727 [ERROR] in JavaFX Application Thread - 	at com.sun.javafx.tk.quantum.QuantumToolkit.pulse(QuantumToolkit.java:581) - JavaFX Application Thread
2026-04-20 14:51:24,727 [ERROR] in JavaFX Application Thread - 	at com.sun.javafx.tk.quantum.QuantumToolkit.pulseFromQueue(QuantumToolkit.java:574) - JavaFX Application Thread
2026-04-20 14:51:24,727 [ERROR] in JavaFX Application Thread - 	at com.sun.javafx.tk.quantum.QuantumToolkit.lambda$runToolkit$0(QuantumToolkit.java:351) - JavaFX Application Thread
2026-04-20 14:51:24,727 [ERROR] in JavaFX Application Thread - 	at com.sun.glass.ui.monocle.RunnableProcessor.runLoop(RunnableProcessor.java:92) - JavaFX Application Thread
2026-04-20 14:51:24,727 [ERROR] in JavaFX Application Thread - 	at com.sun.glass.ui.monocle.RunnableProcessor.run(RunnableProcessor.java:51) - JavaFX Application Thread
2026-04-20 14:51:24,727 [ERROR] in JavaFX Application Thread - 	at java.base/java.lang.Thread.run(Thread.java:1474) - JavaFX Application Thread
2026-04-20 14:51:24,743 [ERROR] in JavaFX Application Thread - Exception in thread "JavaFX Application Thread" java.lang.ClassCastException: class com.flexganttfx.sprint.model.TaskActivity cannot be cast to class com.flexganttfx.sprint.model.UserStory (com.flexganttfx.sprint.model.TaskActivity and com.flexganttfx.sprint.model.UserStory are in unnamed module of loader 'app') - JavaFX Application Thread
2026-04-20 14:51:24,743 [ERROR] in JavaFX Application Thread - 	at com.flexganttfx.sprint.renderer.UserStoryRenderer.drawActivity(UserStoryRenderer.java:38) - JavaFX Application Thread
2026-04-20 14:51:24,743 [ERROR] in JavaFX Application Thread - 	at com.flexganttfx.view.graphics.renderer.ActivityRenderer.draw(ActivityRenderer.java:70) - JavaFX Application Thread
2026-04-20 14:51:24,743 [ERROR] in JavaFX Application Thread - 	at impl.com.flexganttfx.skin.graphics.RowCanvas.drawActivity(RowCanvas.java:772) - JavaFX Application Thread
2026-04-20 14:51:24,743 [ERROR] in JavaFX Application Thread - 	at impl.com.flexganttfx.skin.graphics.RowCanvas.drawLayer(RowCanvas.java:480) - JavaFX Application Thread
2026-04-20 14:51:24,743 [ERROR] in JavaFX Application Thread - 	at impl.com.flexganttfx.skin.graphics.RowCanvas.drawModelLayers(RowCanvas.java:371) - JavaFX Application Thread
2026-04-20 14:51:24,743 [ERROR] in JavaFX Application Thread - 	at impl.com.flexganttfx.skin.graphics.RowCanvas.draw(RowCanvas.java:300) - JavaFX Application Thread
2026-04-20 14:51:24,743 [ERROR] in JavaFX Application Thread - 	at com.flexganttfx.view.graphics.GraphicsBase.lambda$new$23(GraphicsBase.java:635) - JavaFX Application Thread
2026-04-20 14:51:24,743 [ERROR] in JavaFX Application Thread - 	at javafx.scene.Scene$ScenePulseListener.pulse(Scene.java:2728) - JavaFX Application Thread
2026-04-20 14:51:24,743 [ERROR] in JavaFX Application Thread - 	at com.sun.javafx.tk.Toolkit.runPulse(Toolkit.java:382) - JavaFX Application Thread
2026-04-20 14:51:24,743 [ERROR] in JavaFX Application Thread - 	at com.sun.javafx.tk.Toolkit.firePulse(Toolkit.java:407) - JavaFX Application Thread
2026-04-20 14:51:24,743 [ERROR] in JavaFX Application Thread - 	at com.sun.javafx.tk.quantum.QuantumToolkit.pulse(QuantumToolkit.java:601) - JavaFX Application Thread
2026-04-20 14:51:24,743 [ERROR] in JavaFX Application Thread - 	at com.sun.javafx.tk.quantum.QuantumToolkit.pulse(QuantumToolkit.java:581) - JavaFX Application Thread
2026-04-20 14:51:24,743 [ERROR] in JavaFX Application Thread - 	at com.sun.javafx.tk.quantum.QuantumToolkit.pulseFromQueue(QuantumToolkit.java:574) - JavaFX Application Thread
2026-04-20 14:51:24,743 [ERROR] in JavaFX Application Thread - 	at com.sun.javafx.tk.quantum.QuantumToolkit.lambda$runToolkit$0(QuantumToolkit.java:351) - JavaFX Application Thread
2026-04-20 14:51:24,743 [ERROR] in JavaFX Application Thread - 	at com.sun.glass.ui.monocle.RunnableProcessor.runLoop(RunnableProcessor.java:92) - JavaFX Application Thread
2026-04-20 14:51:24,743 [ERROR] in JavaFX Application Thread - 	at com.sun.glass.ui.monocle.RunnableProcessor.run(RunnableProcessor.java:51) - JavaFX Application Thread
2026-04-20 14:51:24,743 [ERROR] in JavaFX Application Thread - 	at java.base/java.lang.Thread.run(Thread.java:1474) - JavaFX Application Thread
2026-04-20 14:51:24,759 [ERROR] in JavaFX Application Thread - Exception in thread "JavaFX Application Thread" java.lang.ClassCastException: class com.flexganttfx.sprint.model.TaskActivity cannot be cast to class com.flexganttfx.sprint.model.UserStory (com.flexganttfx.sprint.model.TaskActivity and com.flexganttfx.sprint.model.UserStory are in unnamed module of loader 'app') - JavaFX Application Thread
2026-04-20 14:51:24,759 [ERROR] in JavaFX Application Thread - 	at com.flexganttfx.sprint.renderer.UserStoryRenderer.drawActivity(UserStoryRenderer.java:38) - JavaFX Application Thread
2026-04-20 14:51:24,759 [ERROR] in JavaFX Application Thread - 	at com.flexganttfx.view.graphics.renderer.ActivityRenderer.draw(ActivityRenderer.java:70) - JavaFX Application Thread
2026-04-20 14:51:24,759 [ERROR] in JavaFX Application Thread - 	at impl.com.flexganttfx.skin.graphics.RowCanvas.drawActivity(RowCanvas.java:772) - JavaFX Application Thread
2026-04-20 14:51:24,759 [ERROR] in JavaFX Application Thread - 	at impl.com.flexganttfx.skin.graphics.RowCanvas.drawLayer(RowCanvas.java:480) - JavaFX Application Thread
2026-04-20 14:51:24,759 [ERROR] in JavaFX Application Thread - 	at impl.com.flexganttfx.skin.graphics.RowCanvas.drawModelLayers(RowCanvas.java:371) - JavaFX Application Thread
2026-04-20 14:51:24,759 [ERROR] in JavaFX Application Thread - 	at impl.com.flexganttfx.skin.graphics.RowCanvas.draw(RowCanvas.java:300) - JavaFX Application Thread
2026-04-20 14:51:24,759 [ERROR] in JavaFX Application Thread - 	at com.flexganttfx.view.graphics.GraphicsBase.lambda$new$23(GraphicsBase.java:635) - JavaFX Application Thread
2026-04-20 14:51:24,759 [ERROR] in JavaFX Application Thread - 	at javafx.scene.Scene$ScenePulseListener.pulse(Scene.java:2728) - JavaFX Application Thread
2026-04-20 14:51:24,759 [ERROR] in JavaFX Application Thread - 	at com.sun.javafx.tk.Toolkit.runPulse(Toolkit.java:382) - JavaFX Application Thread
2026-04-20 14:51:24,759 [ERROR] in JavaFX Application Thread - 	at com.sun.javafx.tk.Toolkit.firePulse(Toolkit.java:407) - JavaFX Application Thread
2026-04-20 14:51:24,759 [ERROR] in JavaFX Application Thread - 	at com.sun.javafx.tk.quantum.QuantumToolkit.pulse(QuantumToolkit.java:601) - JavaFX Application Thread
2026-04-20 14:51:24,759 [ERROR] in JavaFX Application Thread - 	at com.sun.javafx.tk.quantum.QuantumToolkit.pulse(QuantumToolkit.java:581) - JavaFX Application Thread
2026-04-20 14:51:24,759 [ERROR] in JavaFX Application Thread - 	at com.sun.javafx.tk.quantum.QuantumToolkit.pulseFromQueue(QuantumToolkit.java:574) - JavaFX Application Thread
2026-04-20 14:51:24,759 [ERROR] in JavaFX Application Thread - 	at com.sun.javafx.tk.quantum.QuantumToolkit.lambda$runToolkit$0(QuantumToolkit.java:351) - JavaFX Application Thread
2026-04-20 14:51:24,759 [ERROR] in JavaFX Application Thread - 	at com.sun.glass.ui.monocle.RunnableProcessor.runLoop(RunnableProcessor.java:92) - JavaFX Application Thread
2026-04-20 14:51:24,759 [ERROR] in JavaFX Application Thread - 	at com.sun.glass.ui.monocle.RunnableProcessor.run(RunnableProcessor.java:51) - JavaFX Application Thread
2026-04-20 14:51:24,759 [ERROR] in JavaFX Application Thread - 	at java.base/java.lang.Thread.run(Thread.java:1474) - JavaFX Application Thread
2026-04-20 14:51:24,772 [ERROR] in JavaFX Application Thread - Exception in thread "JavaFX Application Thread" java.lang.ClassCastException: class com.flexganttfx.sprint.model.TaskActivity cannot be cast to class com.flexganttfx.sprint.model.UserStory (com.flexganttfx.sprint.model.TaskActivity and com.flexganttfx.sprint.model.UserStory are in unnamed module of loader 'app') - JavaFX Application Thread
2026-04-20 14:51:24,772 [ERROR] in JavaFX Application Thread - 	at com.flexganttfx.sprint.renderer.UserStoryRenderer.drawActivity(UserStoryRenderer.java:38) - JavaFX Application Thread
2026-04-20 14:51:24,772 [ERROR] in JavaFX Application Thread - 	at com.flexganttfx.view.graphics.renderer.ActivityRenderer.draw(ActivityRenderer.java:70) - JavaFX Application Thread
2026-04-20 14:51:24,772 [ERROR] in JavaFX Application Thread - 	at impl.com.flexganttfx.skin.graphics.RowCanvas.drawActivity(RowCanvas.java:772) - JavaFX Application Thread
2026-04-20 14:51:24,772 [ERROR] in JavaFX Application Thread - 	at impl.com.flexganttfx.skin.graphics.RowCanvas.drawLayer(RowCanvas.java:480) - JavaFX Application Thread
2026-04-20 14:51:24,772 [ERROR] in JavaFX Application Thread - 	at impl.com.flexganttfx.skin.graphics.RowCanvas.drawModelLayers(RowCanvas.java:371) - JavaFX Application Thread
2026-04-20 14:51:24,772 [ERROR] in JavaFX Application Thread - 	at impl.com.flexganttfx.skin.graphics.RowCanvas.draw(RowCanvas.java:300) - JavaFX Application Thread
2026-04-20 14:51:24,772 [ERROR] in JavaFX Application Thread - 	at com.flexganttfx.view.graphics.GraphicsBase.lambda$new$23(GraphicsBase.java:635) - JavaFX Application Thread
2026-04-20 14:51:24,772 [ERROR] in JavaFX Application Thread - 	at javafx.scene.Scene$ScenePulseListener.pulse(Scene.java:2728) - JavaFX Application Thread
2026-04-20 14:51:24,772 [ERROR] in JavaFX Application Thread - 	at com.sun.javafx.tk.Toolkit.runPulse(Toolkit.java:382) - JavaFX Application Thread
2026-04-20 14:51:24,772 [ERROR] in JavaFX Application Thread - 	at com.sun.javafx.tk.Toolkit.firePulse(Toolkit.java:407) - JavaFX Application Thread
2026-04-20 14:51:24,772 [ERROR] in JavaFX Application Thread - 	at com.sun.javafx.tk.quantum.QuantumToolkit.pulse(QuantumToolkit.java:601) - JavaFX Application Thread
2026-04-20 14:51:24,772 [ERROR] in JavaFX Application Thread - 	at com.sun.javafx.tk.quantum.QuantumToolkit.pulse(QuantumToolkit.java:581) - JavaFX Application Thread
2026-04-20 14:51:24,772 [ERROR] in JavaFX Application Thread - 	at com.sun.javafx.tk.quantum.QuantumToolkit.pulseFromQueue(QuantumToolkit.java:574) - JavaFX Application Thread
2026-04-20 14:51:24,772 [ERROR] in JavaFX Application Thread - 	at com.sun.javafx.tk.quantum.QuantumToolkit.lambda$runToolkit$0(QuantumToolkit.java:351) - JavaFX Application Thread
2026-04-20 14:51:24,772 [ERROR] in JavaFX Application Thread - 	at com.sun.glass.ui.monocle.RunnableProcessor.runLoop(RunnableProcessor.java:92) - JavaFX Application Thread
2026-04-20 14:51:24,772 [ERROR] in JavaFX Application Thread - 	at com.sun.glass.ui.monocle.RunnableProcessor.run(RunnableProcessor.java:51) - JavaFX Application Thread
2026-04-20 14:51:24,772 [ERROR] in JavaFX Application Thread - 	at java.base/java.lang.Thread.run(Thread.java:1474) - JavaFX Application Thread
2026-04-20 14:51:24,788 [ERROR] in JavaFX Application Thread - Exception in thread "JavaFX Application Thread" java.lang.ClassCastException: class com.flexganttfx.sprint.model.TaskActivity cannot be cast to class com.flexganttfx.sprint.model.UserStory (com.flexganttfx.sprint.model.TaskActivity and com.flexganttfx.sprint.model.UserStory are in unnamed module of loader 'app') - JavaFX Application Thread
2026-04-20 14:51:24,788 [ERROR] in JavaFX Application Thread - 	at com.flexganttfx.sprint.renderer.UserStoryRenderer.drawActivity(UserStoryRenderer.java:38) - JavaFX Application Thread
2026-04-20 14:51:24,788 [ERROR] in JavaFX Application Thread - 	at com.flexganttfx.view.graphics.renderer.ActivityRenderer.draw(ActivityRenderer.java:70) - JavaFX Application Thread
2026-04-20 14:51:24,788 [ERROR] in JavaFX Application Thread - 	at impl.com.flexganttfx.skin.graphics.RowCanvas.drawActivity(RowCanvas.java:772) - JavaFX Application Thread
2026-04-20 14:51:24,788 [ERROR] in JavaFX Application Thread - 	at impl.com.flexganttfx.skin.graphics.RowCanvas.drawLayer(RowCanvas.java:480) - JavaFX Application Thread
2026-04-20 14:51:24,788 [ERROR] in JavaFX Application Thread - 	at impl.com.flexganttfx.skin.graphics.RowCanvas.drawModelLayers(RowCanvas.java:371) - JavaFX Application Thread
2026-04-20 14:51:24,788 [ERROR] in JavaFX Application Thread - 	at impl.com.flexganttfx.skin.graphics.RowCanvas.draw(RowCanvas.java:300) - JavaFX Application Thread
2026-04-20 14:51:24,788 [ERROR] in JavaFX Application Thread - 	at com.flexganttfx.view.graphics.GraphicsBase.lambda$new$23(GraphicsBase.java:635) - JavaFX Application Thread
2026-04-20 14:51:24,788 [ERROR] in JavaFX Application Thread - 	at javafx.scene.Scene$ScenePulseListener.pulse(Scene.java:2728) - JavaFX Application Thread
2026-04-20 14:51:24,788 [ERROR] in JavaFX Application Thread - 	at com.sun.javafx.tk.Toolkit.runPulse(Toolkit.java:382) - JavaFX Application Thread
2026-04-20 14:51:24,788 [ERROR] in JavaFX Application Thread - 	at com.sun.javafx.tk.Toolkit.firePulse(Toolkit.java:407) - JavaFX Application Thread
2026-04-20 14:51:24,788 [ERROR] in JavaFX Application Thread - 	at com.sun.javafx.tk.quantum.QuantumToolkit.pulse(QuantumToolkit.java:601) - JavaFX Application Thread
2026-04-20 14:51:24,788 [ERROR] in JavaFX Application Thread - 	at com.sun.javafx.tk.quantum.QuantumToolkit.pulse(QuantumToolkit.java:581) - JavaFX Application Thread
2026-04-20 14:51:24,788 [ERROR] in JavaFX Application Thread - 	at com.sun.javafx.tk.quantum.QuantumToolkit.pulseFromQueue(QuantumToolkit.java:574) - JavaFX Application Thread
2026-04-20 14:51:24,788 [ERROR] in JavaFX Application Thread - 	at com.sun.javafx.tk.quantum.QuantumToolkit.lambda$runToolkit$0(QuantumToolkit.java:351) - JavaFX Application Thread
2026-04-20 14:51:24,788 [ERROR] in JavaFX Application Thread - 	at com.sun.glass.ui.monocle.RunnableProcessor.runLoop(RunnableProcessor.java:92) - JavaFX Application Thread
2026-04-20 14:51:24,788 [ERROR] in JavaFX Application Thread - 	at com.sun.glass.ui.monocle.RunnableProcessor.run(RunnableProcessor.java:51) - JavaFX Application Thread
2026-04-20 14:51:24,788 [ERROR] in JavaFX Application Thread - 	at java.base/java.lang.Thread.run(Thread.java:1474) - JavaFX Application Thread
2026-04-20 14:51:24,806 [ERROR] in JavaFX Application Thread - Exception in thread "JavaFX Application Thread" java.lang.ClassCastException: class com.flexganttfx.sprint.model.TaskActivity cannot be cast to class com.flexganttfx.sprint.model.UserStory (com.flexganttfx.sprint.model.TaskActivity and com.flexganttfx.sprint.model.UserStory are in unnamed module of loader 'app') - JavaFX Application Thread
2026-04-20 14:51:24,806 [ERROR] in JavaFX Application Thread - 	at com.flexganttfx.sprint.renderer.UserStoryRenderer.drawActivity(UserStoryRenderer.java:38) - JavaFX Application Thread
2026-04-20 14:51:24,806 [ERROR] in JavaFX Application Thread - 	at com.flexganttfx.view.graphics.renderer.ActivityRenderer.draw(ActivityRenderer.java:70) - JavaFX Application Thread
2026-04-20 14:51:24,806 [ERROR] in JavaFX Application Thread - 	at impl.com.flexganttfx.skin.graphics.RowCanvas.drawActivity(RowCanvas.java:772) - JavaFX Application Thread
2026-04-20 14:51:24,806 [ERROR] in JavaFX Application Thread - 	at impl.com.flexganttfx.skin.graphics.RowCanvas.drawLayer(RowCanvas.java:480) - JavaFX Application Thread
2026-04-20 14:51:24,806 [ERROR] in JavaFX Application Thread - 	at impl.com.flexganttfx.skin.graphics.RowCanvas.drawModelLayers(RowCanvas.java:371) - JavaFX Application Thread
2026-04-20 14:51:24,806 [ERROR] in JavaFX Application Thread - 	at impl.com.flexganttfx.skin.graphics.RowCanvas.draw(RowCanvas.java:300) - JavaFX Application Thread
2026-04-20 14:51:24,806 [ERROR] in JavaFX Application Thread - 	at com.flexganttfx.view.graphics.GraphicsBase.lambda$new$23(GraphicsBase.java:635) - JavaFX Application Thread
2026-04-20 14:51:24,806 [ERROR] in JavaFX Application Thread - 	at javafx.scene.Scene$ScenePulseListener.pulse(Scene.java:2728) - JavaFX Application Thread
2026-04-20 14:51:24,806 [ERROR] in JavaFX Application Thread - 	at com.sun.javafx.tk.Toolkit.runPulse(Toolkit.java:382) - JavaFX Application Thread
2026-04-20 14:51:24,806 [ERROR] in JavaFX Application Thread - 	at com.sun.javafx.tk.Toolkit.firePulse(Toolkit.java:407) - JavaFX Application Thread
2026-04-20 14:51:24,806 [ERROR] in JavaFX Application Thread - 	at com.sun.javafx.tk.quantum.QuantumToolkit.pulse(QuantumToolkit.java:601) - JavaFX Application Thread
2026-04-20 14:51:24,806 [ERROR] in JavaFX Application Thread - 	at com.sun.javafx.tk.quantum.QuantumToolkit.pulse(QuantumToolkit.java:581) - JavaFX Application Thread
2026-04-20 14:51:24,806 [ERROR] in JavaFX Application Thread - 	at com.sun.javafx.tk.quantum.QuantumToolkit.pulseFromQueue(QuantumToolkit.java:574) - JavaFX Application Thread
2026-04-20 14:51:24,806 [ERROR] in JavaFX Application Thread - 	at com.sun.javafx.tk.quantum.QuantumToolkit.lambda$runToolkit$0(QuantumToolkit.java:351) - JavaFX Application Thread
2026-04-20 14:51:24,806 [ERROR] in JavaFX Application Thread - 	at com.sun.glass.ui.monocle.RunnableProcessor.runLoop(RunnableProcessor.java:92) - JavaFX Application Thread
2026-04-20 14:51:24,806 [ERROR] in JavaFX Application Thread - 	at com.sun.glass.ui.monocle.RunnableProcessor.run(RunnableProcessor.java:51) - JavaFX Application Thread
2026-04-20 14:51:24,806 [ERROR] in JavaFX Application Thread - 	at java.base/java.lang.Thread.run(Thread.java:1474) - JavaFX Application Thread
2026-04-20 14:51:24,821 [ERROR] in JavaFX Application Thread - Exception in thread "JavaFX Application Thread" java.lang.ClassCastException: class com.flexganttfx.sprint.model.TaskActivity cannot be cast to class com.flexganttfx.sprint.model.UserStory (com.flexganttfx.sprint.model.TaskActivity and com.flexganttfx.sprint.model.UserStory are in unnamed module of loader 'app') - JavaFX Application Thread
2026-04-20 14:51:24,822 [ERROR] in JavaFX Application Thread - 	at com.flexganttfx.sprint.renderer.UserStoryRenderer.drawActivity(UserStoryRenderer.java:38) - JavaFX Application Thread
2026-04-20 14:51:24,822 [ERROR] in JavaFX Application Thread - 	at com.flexganttfx.view.graphics.renderer.ActivityRenderer.draw(ActivityRenderer.java:70) - JavaFX Application Thread
2026-04-20 14:51:24,822 [ERROR] in JavaFX Application Thread - 	at impl.com.flexganttfx.skin.graphics.RowCanvas.drawActivity(RowCanvas.java:772) - JavaFX Application Thread
2026-04-20 14:51:24,822 [ERROR] in JavaFX Application Thread - 	at impl.com.flexganttfx.skin.graphics.RowCanvas.drawLayer(RowCanvas.java:480) - JavaFX Application Thread
2026-04-20 14:51:24,822 [ERROR] in JavaFX Application Thread - 	at impl.com.flexganttfx.skin.graphics.RowCanvas.drawModelLayers(RowCanvas.java:371) - JavaFX Application Thread
2026-04-20 14:51:24,822 [ERROR] in JavaFX Application Thread - 	at impl.com.flexganttfx.skin.graphics.RowCanvas.draw(RowCanvas.java:300) - JavaFX Application Thread
2026-04-20 14:51:24,822 [ERROR] in JavaFX Application Thread - 	at com.flexganttfx.view.graphics.GraphicsBase.lambda$new$23(GraphicsBase.java:635) - JavaFX Application Thread
2026-04-20 14:51:24,822 [ERROR] in JavaFX Application Thread - 	at javafx.scene.Scene$ScenePulseListener.pulse(Scene.java:2728) - JavaFX Application Thread
2026-04-20 14:51:24,822 [ERROR] in JavaFX Application Thread - 	at com.sun.javafx.tk.Toolkit.runPulse(Toolkit.java:382) - JavaFX Application Thread
2026-04-20 14:51:24,822 [ERROR] in JavaFX Application Thread - 	at com.sun.javafx.tk.Toolkit.firePulse(Toolkit.java:407) - JavaFX Application Thread
2026-04-20 14:51:24,822 [ERROR] in JavaFX Application Thread - 	at com.sun.javafx.tk.quantum.QuantumToolkit.pulse(QuantumToolkit.java:601) - JavaFX Application Thread
2026-04-20 14:51:24,822 [ERROR] in JavaFX Application Thread - 	at com.sun.javafx.tk.quantum.QuantumToolkit.pulse(QuantumToolkit.java:581) - JavaFX Application Thread
2026-04-20 14:51:24,822 [ERROR] in JavaFX Application Thread - 	at com.sun.javafx.tk.quantum.QuantumToolkit.pulseFromQueue(QuantumToolkit.java:574) - JavaFX Application Thread
2026-04-20 14:51:24,822 [ERROR] in JavaFX Application Thread - 	at com.sun.javafx.tk.quantum.QuantumToolkit.lambda$runToolkit$0(QuantumToolkit.java:351) - JavaFX Application Thread
2026-04-20 14:51:24,822 [ERROR] in JavaFX Application Thread - 	at com.sun.glass.ui.monocle.RunnableProcessor.runLoop(RunnableProcessor.java:92) - JavaFX Application Thread
2026-04-20 14:51:24,822 [ERROR] in JavaFX Application Thread - 	at com.sun.glass.ui.monocle.RunnableProcessor.run(RunnableProcessor.java:51) - JavaFX Application Thread
2026-04-20 14:51:24,822 [ERROR] in JavaFX Application Thread - 	at java.base/java.lang.Thread.run(Thread.java:1474) - JavaFX Application Thread
2026-04-20 14:51:24,837 [ERROR] in JavaFX Application Thread - Exception in thread "JavaFX Application Thread" java.lang.ClassCastException: class com.flexganttfx.sprint.model.TaskActivity cannot be cast to class com.flexganttfx.sprint.model.UserStory (com.flexganttfx.sprint.model.TaskActivity and com.flexganttfx.sprint.model.UserStory are in unnamed module of loader 'app') - JavaFX Application Thread
2026-04-20 14:51:24,837 [ERROR] in JavaFX Application Thread - 	at com.flexganttfx.sprint.renderer.UserStoryRenderer.drawActivity(UserStoryRenderer.java:38) - JavaFX Application Thread
2026-04-20 14:51:24,837 [ERROR] in JavaFX Application Thread - 	at com.flexganttfx.view.graphics.renderer.ActivityRenderer.draw(ActivityRenderer.java:70) - JavaFX Application Thread
2026-04-20 14:51:24,837 [ERROR] in JavaFX Application Thread - 	at impl.com.flexganttfx.skin.graphics.RowCanvas.drawActivity(RowCanvas.java:772) - JavaFX Application Thread
2026-04-20 14:51:24,837 [ERROR] in JavaFX Application Thread - 	at impl.com.flexganttfx.skin.graphics.RowCanvas.drawLayer(RowCanvas.java:480) - JavaFX Application Thread
2026-04-20 14:51:24,837 [ERROR] in JavaFX Application Thread - 	at impl.com.flexganttfx.skin.graphics.RowCanvas.drawModelLayers(RowCanvas.java:371) - JavaFX Application Thread
2026-04-20 14:51:24,837 [ERROR] in JavaFX Application Thread - 	at impl.com.flexganttfx.skin.graphics.RowCanvas.draw(RowCanvas.java:300) - JavaFX Application Thread
2026-04-20 14:51:24,837 [ERROR] in JavaFX Application Thread - 	at com.flexganttfx.view.graphics.GraphicsBase.lambda$new$23(GraphicsBase.java:635) - JavaFX Application Thread
2026-04-20 14:51:24,837 [ERROR] in JavaFX Application Thread - 	at javafx.scene.Scene$ScenePulseListener.pulse(Scene.java:2728) - JavaFX Application Thread
2026-04-20 14:51:24,837 [ERROR] in JavaFX Application Thread - 	at com.sun.javafx.tk.Toolkit.runPulse(Toolkit.java:382) - JavaFX Application Thread
2026-04-20 14:51:24,837 [ERROR] in JavaFX Application Thread - 	at com.sun.javafx.tk.Toolkit.firePulse(Toolkit.java:407) - JavaFX Application Thread
2026-04-20 14:51:24,837 [ERROR] in JavaFX Application Thread - 	at com.sun.javafx.tk.quantum.QuantumToolkit.pulse(QuantumToolkit.java:601) - JavaFX Application Thread
2026-04-20 14:51:24,837 [ERROR] in JavaFX Application Thread - 	at com.sun.javafx.tk.quantum.QuantumToolkit.pulse(QuantumToolkit.java:581) - JavaFX Application Thread
2026-04-20 14:51:24,837 [ERROR] in JavaFX Application Thread - 	at com.sun.javafx.tk.quantum.QuantumToolkit.pulseFromQueue(QuantumToolkit.java:574) - JavaFX Application Thread
2026-04-20 14:51:24,837 [ERROR] in JavaFX Application Thread - 	at com.sun.javafx.tk.quantum.QuantumToolkit.lambda$runToolkit$0(QuantumToolkit.java:351) - JavaFX Application Thread
2026-04-20 14:51:24,837 [ERROR] in JavaFX Application Thread - 	at com.sun.glass.ui.monocle.RunnableProcessor.runLoop(RunnableProcessor.java:92) - JavaFX Application Thread
2026-04-20 14:51:24,837 [ERROR] in JavaFX Application Thread - 	at com.sun.glass.ui.monocle.RunnableProcessor.run(RunnableProcessor.java:51) - JavaFX Application Thread
2026-04-20 14:51:24,837 [ERROR] in JavaFX Application Thread - 	at java.base/java.lang.Thread.run(Thread.java:1474) - JavaFX Application Thread
2026-04-20 14:51:24,851 [ERROR] in JavaFX Application Thread - Exception in thread "JavaFX Application Thread" java.lang.ClassCastException: class com.flexganttfx.sprint.model.TaskActivity cannot be cast to class com.flexganttfx.sprint.model.UserStory (com.flexganttfx.sprint.model.TaskActivity and com.flexganttfx.sprint.model.UserStory are in unnamed module of loader 'app') - JavaFX Application Thread
2026-04-20 14:51:24,851 [ERROR] in JavaFX Application Thread - 	at com.flexganttfx.sprint.renderer.UserStoryRenderer.drawActivity(UserStoryRenderer.java:38) - JavaFX Application Thread
2026-04-20 14:51:24,851 [ERROR] in JavaFX Application Thread - 	at com.flexganttfx.view.graphics.renderer.ActivityRenderer.draw(ActivityRenderer.java:70) - JavaFX Application Thread
2026-04-20 14:51:24,851 [ERROR] in JavaFX Application Thread - 	at impl.com.flexganttfx.skin.graphics.RowCanvas.drawActivity(RowCanvas.java:772) - JavaFX Application Thread
2026-04-20 14:51:24,851 [ERROR] in JavaFX Application Thread - 	at impl.com.flexganttfx.skin.graphics.RowCanvas.drawLayer(RowCanvas.java:480) - JavaFX Application Thread
2026-04-20 14:51:24,851 [ERROR] in JavaFX Application Thread - 	at impl.com.flexganttfx.skin.graphics.RowCanvas.drawModelLayers(RowCanvas.java:371) - JavaFX Application Thread
2026-04-20 14:51:24,851 [ERROR] in JavaFX Application Thread - 	at impl.com.flexganttfx.skin.graphics.RowCanvas.draw(RowCanvas.java:300) - JavaFX Application Thread
2026-04-20 14:51:24,851 [ERROR] in JavaFX Application Thread - 	at com.flexganttfx.view.graphics.GraphicsBase.lambda$new$23(GraphicsBase.java:635) - JavaFX Application Thread
2026-04-20 14:51:24,851 [ERROR] in JavaFX Application Thread - 	at javafx.scene.Scene$ScenePulseListener.pulse(Scene.java:2728) - JavaFX Application Thread
2026-04-20 14:51:24,851 [ERROR] in JavaFX Application Thread - 	at com.sun.javafx.tk.Toolkit.runPulse(Toolkit.java:382) - JavaFX Application Thread
2026-04-20 14:51:24,851 [ERROR] in JavaFX Application Thread - 	at com.sun.javafx.tk.Toolkit.firePulse(Toolkit.java:407) - JavaFX Application Thread
2026-04-20 14:51:24,851 [ERROR] in JavaFX Application Thread - 	at com.sun.javafx.tk.quantum.QuantumToolkit.pulse(QuantumToolkit.java:601) - JavaFX Application Thread
2026-04-20 14:51:24,851 [ERROR] in JavaFX Application Thread - 	at com.sun.javafx.tk.quantum.QuantumToolkit.pulse(QuantumToolkit.java:581) - JavaFX Application Thread
2026-04-20 14:51:24,851 [ERROR] in JavaFX Application Thread - 	at com.sun.javafx.tk.quantum.QuantumToolkit.pulseFromQueue(QuantumToolkit.java:574) - JavaFX Application Thread
2026-04-20 14:51:24,851 [ERROR] in JavaFX Application Thread - 	at com.sun.javafx.tk.quantum.QuantumToolkit.lambda$runToolkit$0(QuantumToolkit.java:351) - JavaFX Application Thread
2026-04-20 14:51:24,851 [ERROR] in JavaFX Application Thread - 	at com.sun.glass.ui.monocle.RunnableProcessor.runLoop(RunnableProcessor.java:92) - JavaFX Application Thread
2026-04-20 14:51:24,851 [ERROR] in JavaFX Application Thread - 	at com.sun.glass.ui.monocle.RunnableProcessor.run(RunnableProcessor.java:51) - JavaFX Application Thread
2026-04-20 14:51:24,851 [ERROR] in JavaFX Application Thread - 	at java.base/java.lang.Thread.run(Thread.java:1474) - JavaFX Application Thread
2026-04-20 14:51:24,871 [ERROR] in JavaFX Application Thread - Exception in thread "JavaFX Application Thread" java.lang.ClassCastException: class com.flexganttfx.sprint.model.TaskActivity cannot be cast to class com.flexganttfx.sprint.model.UserStory (com.flexganttfx.sprint.model.TaskActivity and com.flexganttfx.sprint.model.UserStory are in unnamed module of loader 'app') - JavaFX Application Thread
2026-04-20 14:51:24,871 [ERROR] in JavaFX Application Thread - 	at com.flexganttfx.sprint.renderer.UserStoryRenderer.drawActivity(UserStoryRenderer.java:38) - JavaFX Application Thread
2026-04-20 14:51:24,871 [ERROR] in JavaFX Application Thread - 	at com.flexganttfx.view.graphics.renderer.ActivityRenderer.draw(ActivityRenderer.java:70) - JavaFX Application Thread
2026-04-20 14:51:24,871 [ERROR] in JavaFX Application Thread - 	at impl.com.flexganttfx.skin.graphics.RowCanvas.drawActivity(RowCanvas.java:772) - JavaFX Application Thread
2026-04-20 14:51:24,871 [ERROR] in JavaFX Application Thread - 	at impl.com.flexganttfx.skin.graphics.RowCanvas.drawLayer(RowCanvas.java:480) - JavaFX Application Thread
2026-04-20 14:51:24,871 [ERROR] in JavaFX Application Thread - 	at impl.com.flexganttfx.skin.graphics.RowCanvas.drawModelLayers(RowCanvas.java:371) - JavaFX Application Thread
2026-04-20 14:51:24,871 [ERROR] in JavaFX Application Thread - 	at impl.com.flexganttfx.skin.graphics.RowCanvas.draw(RowCanvas.java:300) - JavaFX Application Thread
2026-04-20 14:51:24,871 [ERROR] in JavaFX Application Thread - 	at com.flexganttfx.view.graphics.GraphicsBase.lambda$new$23(GraphicsBase.java:635) - JavaFX Application Thread
2026-04-20 14:51:24,871 [ERROR] in JavaFX Application Thread - 	at javafx.scene.Scene$ScenePulseListener.pulse(Scene.java:2728) - JavaFX Application Thread
2026-04-20 14:51:24,871 [ERROR] in JavaFX Application Thread - 	at com.sun.javafx.tk.Toolkit.runPulse(Toolkit.java:382) - JavaFX Application Thread
2026-04-20 14:51:24,871 [ERROR] in JavaFX Application Thread - 	at com.sun.javafx.tk.Toolkit.firePulse(Toolkit.java:407) - JavaFX Application Thread
2026-04-20 14:51:24,871 [ERROR] in JavaFX Application Thread - 	at com.sun.javafx.tk.quantum.QuantumToolkit.pulse(QuantumToolkit.java:601) - JavaFX Application Thread
2026-04-20 14:51:24,871 [ERROR] in JavaFX Application Thread - 	at com.sun.javafx.tk.quantum.QuantumToolkit.pulse(QuantumToolkit.java:581) - JavaFX Application Thread
2026-04-20 14:51:24,871 [ERROR] in JavaFX Application Thread - 	at com.sun.javafx.tk.quantum.QuantumToolkit.pulseFromQueue(QuantumToolkit.java:574) - JavaFX Application Thread
2026-04-20 14:51:24,871 [ERROR] in JavaFX Application Thread - 	at com.sun.javafx.tk.quantum.QuantumToolkit.lambda$runToolkit$0(QuantumToolkit.java:351) - JavaFX Application Thread
2026-04-20 14:51:24,871 [ERROR] in JavaFX Application Thread - 	at com.sun.glass.ui.monocle.RunnableProcessor.runLoop(RunnableProcessor.java:92) - JavaFX Application Thread
2026-04-20 14:51:24,871 [ERROR] in JavaFX Application Thread - 	at com.sun.glass.ui.monocle.RunnableProcessor.run(RunnableProcessor.java:51) - JavaFX Application Thread
2026-04-20 14:51:24,871 [ERROR] in JavaFX Application Thread - 	at java.base/java.lang.Thread.run(Thread.java:1474) - JavaFX Application Thread
2026-04-20 14:51:24,879 [ERROR] in JavaFX Application Thread - Exception in thread "JavaFX Application Thread" java.lang.ClassCastException: class com.flexganttfx.sprint.model.TaskActivity cannot be cast to class com.flexganttfx.sprint.model.UserStory (com.flexganttfx.sprint.model.TaskActivity and com.flexganttfx.sprint.model.UserStory are in unnamed module of loader 'app') - JavaFX Application Thread
2026-04-20 14:51:24,879 [ERROR] in JavaFX Application Thread - 	at com.flexganttfx.sprint.renderer.UserStoryRenderer.drawActivity(UserStoryRenderer.java:38) - JavaFX Application Thread
2026-04-20 14:51:24,879 [ERROR] in JavaFX Application Thread - 	at com.flexganttfx.view.graphics.renderer.ActivityRenderer.draw(ActivityRenderer.java:70) - JavaFX Application Thread
2026-04-20 14:51:24,879 [ERROR] in JavaFX Application Thread - 	at impl.com.flexganttfx.skin.graphics.RowCanvas.drawActivity(RowCanvas.java:772) - JavaFX Application Thread
2026-04-20 14:51:24,879 [ERROR] in JavaFX Application Thread - 	at impl.com.flexganttfx.skin.graphics.RowCanvas.drawLayer(RowCanvas.java:480) - JavaFX Application Thread
2026-04-20 14:51:24,879 [ERROR] in JavaFX Application Thread - 	at impl.com.flexganttfx.skin.graphics.RowCanvas.drawModelLayers(RowCanvas.java:371) - JavaFX Application Thread
2026-04-20 14:51:24,879 [ERROR] in JavaFX Application Thread - 	at impl.com.flexganttfx.skin.graphics.RowCanvas.draw(RowCanvas.java:300) - JavaFX Application Thread
2026-04-20 14:51:24,879 [ERROR] in JavaFX Application Thread - 	at com.flexganttfx.view.graphics.GraphicsBase.lambda$new$23(GraphicsBase.java:635) - JavaFX Application Thread
2026-04-20 14:51:24,879 [ERROR] in JavaFX Application Thread - 	at javafx.scene.Scene$ScenePulseListener.pulse(Scene.java:2728) - JavaFX Application Thread
2026-04-20 14:51:24,879 [ERROR] in JavaFX Application Thread - 	at com.sun.javafx.tk.Toolkit.runPulse(Toolkit.java:382) - JavaFX Application Thread
2026-04-20 14:51:24,879 [ERROR] in JavaFX Application Thread - 	at com.sun.javafx.tk.Toolkit.firePulse(Toolkit.java:407) - JavaFX Application Thread
2026-04-20 14:51:24,879 [ERROR] in JavaFX Application Thread - 	at com.sun.javafx.tk.quantum.QuantumToolkit.pulse(QuantumToolkit.java:601) - JavaFX Application Thread
2026-04-20 14:51:24,879 [ERROR] in JavaFX Application Thread - 	at com.sun.javafx.tk.quantum.QuantumToolkit.pulse(QuantumToolkit.java:581) - JavaFX Application Thread
2026-04-20 14:51:24,879 [ERROR] in JavaFX Application Thread - 	at com.sun.javafx.tk.quantum.QuantumToolkit.pulseFromQueue(QuantumToolkit.java:574) - JavaFX Application Thread
2026-04-20 14:51:24,879 [ERROR] in JavaFX Application Thread - 	at com.sun.javafx.tk.quantum.QuantumToolkit.lambda$runToolkit$0(QuantumToolkit.java:351) - JavaFX Application Thread
2026-04-20 14:51:24,879 [ERROR] in JavaFX Application Thread - 	at com.sun.glass.ui.monocle.RunnableProcessor.runLoop(RunnableProcessor.java:92) - JavaFX Application Thread
2026-04-20 14:51:24,879 [ERROR] in JavaFX Application Thread - 	at com.sun.glass.ui.monocle.RunnableProcessor.run(RunnableProcessor.java:51) - JavaFX Application Thread
2026-04-20 14:51:24,879 [ERROR] in JavaFX Application Thread - 	at java.base/java.lang.Thread.run(Thread.java:1474) - JavaFX Application Thread
2026-04-20 14:51:24,895 [ERROR] in JavaFX Application Thread - Exception in thread "JavaFX Application Thread" java.lang.ClassCastException: class com.flexganttfx.sprint.model.TaskActivity cannot be cast to class com.flexganttfx.sprint.model.UserStory (com.flexganttfx.sprint.model.TaskActivity and com.flexganttfx.sprint.model.UserStory are in unnamed module of loader 'app') - JavaFX Application Thread
2026-04-20 14:51:24,895 [ERROR] in JavaFX Application Thread - 	at com.flexganttfx.sprint.renderer.UserStoryRenderer.drawActivity(UserStoryRenderer.java:38) - JavaFX Application Thread
2026-04-20 14:51:24,895 [ERROR] in JavaFX Application Thread - 	at com.flexganttfx.view.graphics.renderer.ActivityRenderer.draw(ActivityRenderer.java:70) - JavaFX Application Thread
2026-04-20 14:51:24,895 [ERROR] in JavaFX Application Thread - 	at impl.com.flexganttfx.skin.graphics.RowCanvas.drawActivity(RowCanvas.java:772) - JavaFX Application Thread
2026-04-20 14:51:24,895 [ERROR] in JavaFX Application Thread - 	at impl.com.flexganttfx.skin.graphics.RowCanvas.drawLayer(RowCanvas.java:480) - JavaFX Application Thread
2026-04-20 14:51:24,895 [ERROR] in JavaFX Application Thread - 	at impl.com.flexganttfx.skin.graphics.RowCanvas.drawModelLayers(RowCanvas.java:371) - JavaFX Application Thread
2026-04-20 14:51:24,895 [ERROR] in JavaFX Application Thread - 	at impl.com.flexganttfx.skin.graphics.RowCanvas.draw(RowCanvas.java:300) - JavaFX Application Thread
2026-04-20 14:51:24,895 [ERROR] in JavaFX Application Thread - 	at com.flexganttfx.view.graphics.GraphicsBase.lambda$new$23(GraphicsBase.java:635) - JavaFX Application Thread
2026-04-20 14:51:24,895 [ERROR] in JavaFX Application Thread - 	at javafx.scene.Scene$ScenePulseListener.pulse(Scene.java:2728) - JavaFX Application Thread
2026-04-20 14:51:24,895 [ERROR] in JavaFX Application Thread - 	at com.sun.javafx.tk.Toolkit.runPulse(Toolkit.java:382) - JavaFX Application Thread
2026-04-20 14:51:24,895 [ERROR] in JavaFX Application Thread - 	at com.sun.javafx.tk.Toolkit.firePulse(Toolkit.java:407) - JavaFX Application Thread
2026-04-20 14:51:24,895 [ERROR] in JavaFX Application Thread - 	at com.sun.javafx.tk.quantum.QuantumToolkit.pulse(QuantumToolkit.java:601) - JavaFX Application Thread
2026-04-20 14:51:24,895 [ERROR] in JavaFX Application Thread - 	at com.sun.javafx.tk.quantum.QuantumToolkit.pulse(QuantumToolkit.java:581) - JavaFX Application Thread
2026-04-20 14:51:24,895 [ERROR] in JavaFX Application Thread - 	at com.sun.javafx.tk.quantum.QuantumToolkit.pulseFromQueue(QuantumToolkit.java:574) - JavaFX Application Thread
2026-04-20 14:51:24,895 [ERROR] in JavaFX Application Thread - 	at com.sun.javafx.tk.quantum.QuantumToolkit.lambda$runToolkit$0(QuantumToolkit.java:351) - JavaFX Application Thread
2026-04-20 14:51:24,895 [ERROR] in JavaFX Application Thread - 	at com.sun.glass.ui.monocle.RunnableProcessor.runLoop(RunnableProcessor.java:92) - JavaFX Application Thread
2026-04-20 14:51:24,895 [ERROR] in JavaFX Application Thread - 	at com.sun.glass.ui.monocle.RunnableProcessor.run(RunnableProcessor.java:51) - JavaFX Application Thread
2026-04-20 14:51:24,895 [ERROR] in JavaFX Application Thread - 	at java.base/java.lang.Thread.run(Thread.java:1474) - JavaFX Application Thread
2026-04-20 14:51:24,911 [ERROR] in JavaFX Application Thread - Exception in thread "JavaFX Application Thread" java.lang.ClassCastException: class com.flexganttfx.sprint.model.TaskActivity cannot be cast to class com.flexganttfx.sprint.model.UserStory (com.flexganttfx.sprint.model.TaskActivity and com.flexganttfx.sprint.model.UserStory are in unnamed module of loader 'app') - JavaFX Application Thread
2026-04-20 14:51:24,911 [ERROR] in JavaFX Application Thread - 	at com.flexganttfx.sprint.renderer.UserStoryRenderer.drawActivity(UserStoryRenderer.java:38) - JavaFX Application Thread
2026-04-20 14:51:24,911 [ERROR] in JavaFX Application Thread - 	at com.flexganttfx.view.graphics.renderer.ActivityRenderer.draw(ActivityRenderer.java:70) - JavaFX Application Thread
2026-04-20 14:51:24,911 [ERROR] in JavaFX Application Thread - 	at impl.com.flexganttfx.skin.graphics.RowCanvas.drawActivity(RowCanvas.java:772) - JavaFX Application Thread
2026-04-20 14:51:24,911 [ERROR] in JavaFX Application Thread - 	at impl.com.flexganttfx.skin.graphics.RowCanvas.drawLayer(RowCanvas.java:480) - JavaFX Application Thread
2026-04-20 14:51:24,911 [ERROR] in JavaFX Application Thread - 	at impl.com.flexganttfx.skin.graphics.RowCanvas.drawModelLayers(RowCanvas.java:371) - JavaFX Application Thread
2026-04-20 14:51:24,911 [ERROR] in JavaFX Application Thread - 	at impl.com.flexganttfx.skin.graphics.RowCanvas.draw(RowCanvas.java:300) - JavaFX Application Thread
2026-04-20 14:51:24,911 [ERROR] in JavaFX Application Thread - 	at com.flexganttfx.view.graphics.GraphicsBase.lambda$new$23(GraphicsBase.java:635) - JavaFX Application Thread
2026-04-20 14:51:24,911 [ERROR] in JavaFX Application Thread - 	at javafx.scene.Scene$ScenePulseListener.pulse(Scene.java:2728) - JavaFX Application Thread
2026-04-20 14:51:24,911 [ERROR] in JavaFX Application Thread - 	at com.sun.javafx.tk.Toolkit.runPulse(Toolkit.java:382) - JavaFX Application Thread
2026-04-20 14:51:24,911 [ERROR] in JavaFX Application Thread - 	at com.sun.javafx.tk.Toolkit.firePulse(Toolkit.java:407) - JavaFX Application Thread
2026-04-20 14:51:24,911 [ERROR] in JavaFX Application Thread - 	at com.sun.javafx.tk.quantum.QuantumToolkit.pulse(QuantumToolkit.java:601) - JavaFX Application Thread
2026-04-20 14:51:24,911 [ERROR] in JavaFX Application Thread - 	at com.sun.javafx.tk.quantum.QuantumToolkit.pulse(QuantumToolkit.java:581) - JavaFX Application Thread
2026-04-20 14:51:24,911 [ERROR] in JavaFX Application Thread - 	at com.sun.javafx.tk.quantum.QuantumToolkit.pulseFromQueue(QuantumToolkit.java:574) - JavaFX Application Thread
2026-04-20 14:51:24,911 [ERROR] in JavaFX Application Thread - 	at com.sun.javafx.tk.quantum.QuantumToolkit.lambda$runToolkit$0(QuantumToolkit.java:351) - JavaFX Application Thread
2026-04-20 14:51:24,911 [ERROR] in JavaFX Application Thread - 	at com.sun.glass.ui.monocle.RunnableProcessor.runLoop(RunnableProcessor.java:92) - JavaFX Application Thread
2026-04-20 14:51:24,911 [ERROR] in JavaFX Application Thread - 	at com.sun.glass.ui.monocle.RunnableProcessor.run(RunnableProcessor.java:51) - JavaFX Application Thread
2026-04-20 14:51:24,911 [ERROR] in JavaFX Application Thread - 	at java.base/java.lang.Thread.run(Thread.java:1474) - JavaFX Application Thread
2026-04-20 14:51:24,927 [ERROR] in JavaFX Application Thread - Exception in thread "JavaFX Application Thread" java.lang.ClassCastException: class com.flexganttfx.sprint.model.TaskActivity cannot be cast to class com.flexganttfx.sprint.model.UserStory (com.flexganttfx.sprint.model.TaskActivity and com.flexganttfx.sprint.model.UserStory are in unnamed module of loader 'app') - JavaFX Application Thread
2026-04-20 14:51:24,927 [ERROR] in JavaFX Application Thread - 	at com.flexganttfx.sprint.renderer.UserStoryRenderer.drawActivity(UserStoryRenderer.java:38) - JavaFX Application Thread
2026-04-20 14:51:24,927 [ERROR] in JavaFX Application Thread - 	at com.flexganttfx.view.graphics.renderer.ActivityRenderer.draw(ActivityRenderer.java:70) - JavaFX Application Thread
2026-04-20 14:51:24,927 [ERROR] in JavaFX Application Thread - 	at impl.com.flexganttfx.skin.graphics.RowCanvas.drawActivity(RowCanvas.java:772) - JavaFX Application Thread
2026-04-20 14:51:24,927 [ERROR] in JavaFX Application Thread - 	at impl.com.flexganttfx.skin.graphics.RowCanvas.drawLayer(RowCanvas.java:480) - JavaFX Application Thread
2026-04-20 14:51:24,927 [ERROR] in JavaFX Application Thread - 	at impl.com.flexganttfx.skin.graphics.RowCanvas.drawModelLayers(RowCanvas.java:371) - JavaFX Application Thread
2026-04-20 14:51:24,927 [ERROR] in JavaFX Application Thread - 	at impl.com.flexganttfx.skin.graphics.RowCanvas.draw(RowCanvas.java:300) - JavaFX Application Thread
2026-04-20 14:51:24,927 [ERROR] in JavaFX Application Thread - 	at com.flexganttfx.view.graphics.GraphicsBase.lambda$new$23(GraphicsBase.java:635) - JavaFX Application Thread
2026-04-20 14:51:24,927 [ERROR] in JavaFX Application Thread - 	at javafx.scene.Scene$ScenePulseListener.pulse(Scene.java:2728) - JavaFX Application Thread
2026-04-20 14:51:24,927 [ERROR] in JavaFX Application Thread - 	at com.sun.javafx.tk.Toolkit.runPulse(Toolkit.java:382) - JavaFX Application Thread
2026-04-20 14:51:24,927 [ERROR] in JavaFX Application Thread - 	at com.sun.javafx.tk.Toolkit.firePulse(Toolkit.java:407) - JavaFX Application Thread
2026-04-20 14:51:24,927 [ERROR] in JavaFX Application Thread - 	at com.sun.javafx.tk.quantum.QuantumToolkit.pulse(QuantumToolkit.java:601) - JavaFX Application Thread
2026-04-20 14:51:24,927 [ERROR] in JavaFX Application Thread - 	at com.sun.javafx.tk.quantum.QuantumToolkit.pulse(QuantumToolkit.java:581) - JavaFX Application Thread
2026-04-20 14:51:24,927 [ERROR] in JavaFX Application Thread - 	at com.sun.javafx.tk.quantum.QuantumToolkit.pulseFromQueue(QuantumToolkit.java:574) - JavaFX Application Thread
2026-04-20 14:51:24,927 [ERROR] in JavaFX Application Thread - 	at com.sun.javafx.tk.quantum.QuantumToolkit.lambda$runToolkit$0(QuantumToolkit.java:351) - JavaFX Application Thread
2026-04-20 14:51:24,927 [ERROR] in JavaFX Application Thread - 	at com.sun.glass.ui.monocle.RunnableProcessor.runLoop(RunnableProcessor.java:92) - JavaFX Application Thread
2026-04-20 14:51:24,927 [ERROR] in JavaFX Application Thread - 	at com.sun.glass.ui.monocle.RunnableProcessor.run(RunnableProcessor.java:51) - JavaFX Application Thread
2026-04-20 14:51:24,927 [ERROR] in JavaFX Application Thread - 	at java.base/java.lang.Thread.run(Thread.java:1474) - JavaFX Application Thread
2026-04-20 14:58:30,699 [ERROR] in JavaFX Application Thread - Exception in thread "JavaFX Application Thread" java.lang.ClassCastException: class com.flexganttfx.sprint.model.TaskActivity cannot be cast to class com.flexganttfx.sprint.model.UserStory (com.flexganttfx.sprint.model.TaskActivity and com.flexganttfx.sprint.model.UserStory are in unnamed module of loader 'app') - JavaFX Application Thread
2026-04-20 14:58:30,700 [ERROR] in JavaFX Application Thread - 	at com.flexganttfx.sprint.renderer.UserStoryRenderer.drawActivity(UserStoryRenderer.java:38) - JavaFX Application Thread
2026-04-20 14:58:30,700 [ERROR] in JavaFX Application Thread - 	at com.flexganttfx.view.graphics.renderer.ActivityRenderer.draw(ActivityRenderer.java:70) - JavaFX Application Thread
2026-04-20 14:58:30,700 [ERROR] in JavaFX Application Thread - 	at impl.com.flexganttfx.skin.graphics.RowCanvas.drawActivity(RowCanvas.java:772) - JavaFX Application Thread
2026-04-20 14:58:30,700 [ERROR] in JavaFX Application Thread - 	at impl.com.flexganttfx.skin.graphics.RowCanvas.drawLayer(RowCanvas.java:480) - JavaFX Application Thread
2026-04-20 14:58:30,700 [ERROR] in JavaFX Application Thread - 	at impl.com.flexganttfx.skin.graphics.RowCanvas.drawModelLayers(RowCanvas.java:371) - JavaFX Application Thread
2026-04-20 14:58:30,700 [ERROR] in JavaFX Application Thread - 	at impl.com.flexganttfx.skin.graphics.RowCanvas.draw(RowCanvas.java:300) - JavaFX Application Thread
2026-04-20 14:58:30,700 [ERROR] in JavaFX Application Thread - 	at com.flexganttfx.view.graphics.GraphicsBase.lambda$new$23(GraphicsBase.java:635) - JavaFX Application Thread
2026-04-20 14:58:30,700 [ERROR] in JavaFX Application Thread - 	at javafx.scene.Scene$ScenePulseListener.pulse(Scene.java:2728) - JavaFX Application Thread
2026-04-20 14:58:30,700 [ERROR] in JavaFX Application Thread - 	at com.sun.javafx.tk.Toolkit.runPulse(Toolkit.java:382) - JavaFX Application Thread
2026-04-20 14:58:30,700 [ERROR] in JavaFX Application Thread - 	at com.sun.javafx.tk.Toolkit.firePulse(Toolkit.java:407) - JavaFX Application Thread
2026-04-20 14:58:30,700 [ERROR] in JavaFX Application Thread - 	at com.sun.javafx.tk.quantum.QuantumToolkit.pulse(QuantumToolkit.java:601) - JavaFX Application Thread
2026-04-20 14:58:30,700 [ERROR] in JavaFX Application Thread - 	at com.sun.javafx.tk.quantum.QuantumToolkit.pulse(QuantumToolkit.java:581) - JavaFX Application Thread
2026-04-20 14:58:30,700 [ERROR] in JavaFX Application Thread - 	at com.sun.javafx.tk.quantum.QuantumToolkit.pulseFromQueue(QuantumToolkit.java:574) - JavaFX Application Thread
2026-04-20 14:58:30,700 [ERROR] in JavaFX Application Thread - 	at com.sun.javafx.tk.quantum.QuantumToolkit.lambda$runToolkit$0(QuantumToolkit.java:351) - JavaFX Application Thread
2026-04-20 14:58:30,700 [ERROR] in JavaFX Application Thread - 	at com.sun.glass.ui.monocle.RunnableProcessor.runLoop(RunnableProcessor.java:92) - JavaFX Application Thread
2026-04-20 14:58:30,700 [ERROR] in JavaFX Application Thread - 	at com.sun.glass.ui.monocle.RunnableProcessor.run(RunnableProcessor.java:51) - JavaFX Application Thread
2026-04-20 14:58:30,700 [ERROR] in JavaFX Application Thread - 	at java.base/java.lang.Thread.run(Thread.java:1474) - JavaFX Application Thread
2026-04-20 14:58:30,734 [ERROR] in JavaFX Application Thread - Exception in thread "JavaFX Application Thread" java.lang.ClassCastException: class com.flexganttfx.sprint.model.TaskActivity cannot be cast to class com.flexganttfx.sprint.model.UserStory (com.flexganttfx.sprint.model.TaskActivity and com.flexganttfx.sprint.model.UserStory are in unnamed module of loader 'app') - JavaFX Application Thread
2026-04-20 14:58:30,734 [ERROR] in JavaFX Application Thread - 	at com.flexganttfx.sprint.renderer.UserStoryRenderer.drawActivity(UserStoryRenderer.java:38) - JavaFX Application Thread
2026-04-20 14:58:30,734 [ERROR] in JavaFX Application Thread - 	at com.flexganttfx.view.graphics.renderer.ActivityRenderer.draw(ActivityRenderer.java:70) - JavaFX Application Thread
2026-04-20 14:58:30,734 [ERROR] in JavaFX Application Thread - 	at impl.com.flexganttfx.skin.graphics.RowCanvas.drawActivity(RowCanvas.java:772) - JavaFX Application Thread
2026-04-20 14:58:30,734 [ERROR] in JavaFX Application Thread - 	at impl.com.flexganttfx.skin.graphics.RowCanvas.drawLayer(RowCanvas.java:480) - JavaFX Application Thread
2026-04-20 14:58:30,734 [ERROR] in JavaFX Application Thread - 	at impl.com.flexganttfx.skin.graphics.RowCanvas.drawModelLayers(RowCanvas.java:371) - JavaFX Application Thread
2026-04-20 14:58:30,734 [ERROR] in JavaFX Application Thread - 	at impl.com.flexganttfx.skin.graphics.RowCanvas.draw(RowCanvas.java:300) - JavaFX Application Thread
2026-04-20 14:58:30,734 [ERROR] in JavaFX Application Thread - 	at com.flexganttfx.view.graphics.GraphicsBase.lambda$new$23(GraphicsBase.java:635) - JavaFX Application Thread
2026-04-20 14:58:30,734 [ERROR] in JavaFX Application Thread - 	at javafx.scene.Scene$ScenePulseListener.pulse(Scene.java:2728) - JavaFX Application Thread
2026-04-20 14:58:30,734 [ERROR] in JavaFX Application Thread - 	at com.sun.javafx.tk.Toolkit.runPulse(Toolkit.java:382) - JavaFX Application Thread
2026-04-20 14:58:30,734 [ERROR] in JavaFX Application Thread - 	at com.sun.javafx.tk.Toolkit.firePulse(Toolkit.java:407) - JavaFX Application Thread
2026-04-20 14:58:30,734 [ERROR] in JavaFX Application Thread - 	at com.sun.javafx.tk.quantum.QuantumToolkit.pulse(QuantumToolkit.java:601) - JavaFX Application Thread
2026-04-20 14:58:30,735 [ERROR] in JavaFX Application Thread - 	at com.sun.javafx.tk.quantum.QuantumToolkit.pulse(QuantumToolkit.java:581) - JavaFX Application Thread
2026-04-20 14:58:30,735 [ERROR] in JavaFX Application Thread - 	at com.sun.javafx.tk.quantum.QuantumToolkit.pulseFromQueue(QuantumToolkit.java:574) - JavaFX Application Thread
2026-04-20 14:58:30,735 [ERROR] in JavaFX Application Thread - 	at com.sun.javafx.tk.quantum.QuantumToolkit.lambda$runToolkit$0(QuantumToolkit.java:351) - JavaFX Application Thread
2026-04-20 14:58:30,735 [ERROR] in JavaFX Application Thread - 	at com.sun.glass.ui.monocle.RunnableProcessor.runLoop(RunnableProcessor.java:92) - JavaFX Application Thread
2026-04-20 14:58:30,735 [ERROR] in JavaFX Application Thread - 	at com.sun.glass.ui.monocle.RunnableProcessor.run(RunnableProcessor.java:51) - JavaFX Application Thread
2026-04-20 14:58:30,735 [ERROR] in JavaFX Application Thread - 	at java.base/java.lang.Thread.run(Thread.java:1474) - JavaFX Application Thread
2026-04-20 14:58:30,751 [ERROR] in JavaFX Application Thread - Exception in thread "JavaFX Application Thread" java.lang.ClassCastException: class com.flexganttfx.sprint.model.TaskActivity cannot be cast to class com.flexganttfx.sprint.model.UserStory (com.flexganttfx.sprint.model.TaskActivity and com.flexganttfx.sprint.model.UserStory are in unnamed module of loader 'app') - JavaFX Application Thread
2026-04-20 14:58:30,751 [ERROR] in JavaFX Application Thread - 	at com.flexganttfx.sprint.renderer.UserStoryRenderer.drawActivity(UserStoryRenderer.java:38) - JavaFX Application Thread
2026-04-20 14:58:30,751 [ERROR] in JavaFX Application Thread - 	at com.flexganttfx.view.graphics.renderer.ActivityRenderer.draw(ActivityRenderer.java:70) - JavaFX Application Thread
2026-04-20 14:58:30,751 [ERROR] in JavaFX Application Thread - 	at impl.com.flexganttfx.skin.graphics.RowCanvas.drawActivity(RowCanvas.java:772) - JavaFX Application Thread
2026-04-20 14:58:30,751 [ERROR] in JavaFX Application Thread - 	at impl.com.flexganttfx.skin.graphics.RowCanvas.drawLayer(RowCanvas.java:480) - JavaFX Application Thread
2026-04-20 14:58:30,751 [ERROR] in JavaFX Application Thread - 	at impl.com.flexganttfx.skin.graphics.RowCanvas.drawModelLayers(RowCanvas.java:371) - JavaFX Application Thread
2026-04-20 14:58:30,751 [ERROR] in JavaFX Application Thread - 	at impl.com.flexganttfx.skin.graphics.RowCanvas.draw(RowCanvas.java:300) - JavaFX Application Thread
2026-04-20 14:58:30,751 [ERROR] in JavaFX Application Thread - 	at com.flexganttfx.view.graphics.GraphicsBase.lambda$new$23(GraphicsBase.java:635) - JavaFX Application Thread
2026-04-20 14:58:30,751 [ERROR] in JavaFX Application Thread - 	at javafx.scene.Scene$ScenePulseListener.pulse(Scene.java:2728) - JavaFX Application Thread
2026-04-20 14:58:30,751 [ERROR] in JavaFX Application Thread - 	at com.sun.javafx.tk.Toolkit.runPulse(Toolkit.java:382) - JavaFX Application Thread
2026-04-20 14:58:30,751 [ERROR] in JavaFX Application Thread - 	at com.sun.javafx.tk.Toolkit.firePulse(Toolkit.java:407) - JavaFX Application Thread
2026-04-20 14:58:30,751 [ERROR] in JavaFX Application Thread - 	at com.sun.javafx.tk.quantum.QuantumToolkit.pulse(QuantumToolkit.java:601) - JavaFX Application Thread
2026-04-20 14:58:30,751 [ERROR] in JavaFX Application Thread - 	at com.sun.javafx.tk.quantum.QuantumToolkit.pulse(QuantumToolkit.java:581) - JavaFX Application Thread
2026-04-20 14:58:30,751 [ERROR] in JavaFX Application Thread - 	at com.sun.javafx.tk.quantum.QuantumToolkit.pulseFromQueue(QuantumToolkit.java:574) - JavaFX Application Thread
2026-04-20 14:58:30,751 [ERROR] in JavaFX Application Thread - 	at com.sun.javafx.tk.quantum.QuantumToolkit.lambda$runToolkit$0(QuantumToolkit.java:351) - JavaFX Application Thread
2026-04-20 14:58:30,751 [ERROR] in JavaFX Application Thread - 	at com.sun.glass.ui.monocle.RunnableProcessor.runLoop(RunnableProcessor.java:92) - JavaFX Application Thread
2026-04-20 14:58:30,751 [ERROR] in JavaFX Application Thread - 	at com.sun.glass.ui.monocle.RunnableProcessor.run(RunnableProcessor.java:51) - JavaFX Application Thread
2026-04-20 14:58:30,751 [ERROR] in JavaFX Application Thread - 	at java.base/java.lang.Thread.run(Thread.java:1474) - JavaFX Application Thread
2026-04-20 14:58:30,765 [ERROR] in JavaFX Application Thread - Exception in thread "JavaFX Application Thread" java.lang.ClassCastException: class com.flexganttfx.sprint.model.TaskActivity cannot be cast to class com.flexganttfx.sprint.model.UserStory (com.flexganttfx.sprint.model.TaskActivity and com.flexganttfx.sprint.model.UserStory are in unnamed module of loader 'app') - JavaFX Application Thread
2026-04-20 14:58:30,765 [ERROR] in JavaFX Application Thread - 	at com.flexganttfx.sprint.renderer.UserStoryRenderer.drawActivity(UserStoryRenderer.java:38) - JavaFX Application Thread
2026-04-20 14:58:30,765 [ERROR] in JavaFX Application Thread - 	at com.flexganttfx.view.graphics.renderer.ActivityRenderer.draw(ActivityRenderer.java:70) - JavaFX Application Thread
2026-04-20 14:58:30,765 [ERROR] in JavaFX Application Thread - 	at impl.com.flexganttfx.skin.graphics.RowCanvas.drawActivity(RowCanvas.java:772) - JavaFX Application Thread
2026-04-20 14:58:30,765 [ERROR] in JavaFX Application Thread - 	at impl.com.flexganttfx.skin.graphics.RowCanvas.drawLayer(RowCanvas.java:480) - JavaFX Application Thread
2026-04-20 14:58:30,765 [ERROR] in JavaFX Application Thread - 	at impl.com.flexganttfx.skin.graphics.RowCanvas.drawModelLayers(RowCanvas.java:371) - JavaFX Application Thread
2026-04-20 14:58:30,765 [ERROR] in JavaFX Application Thread - 	at impl.com.flexganttfx.skin.graphics.RowCanvas.draw(RowCanvas.java:300) - JavaFX Application Thread
2026-04-20 14:58:30,765 [ERROR] in JavaFX Application Thread - 	at com.flexganttfx.view.graphics.GraphicsBase.lambda$new$23(GraphicsBase.java:635) - JavaFX Application Thread
2026-04-20 14:58:30,765 [ERROR] in JavaFX Application Thread - 	at javafx.scene.Scene$ScenePulseListener.pulse(Scene.java:2728) - JavaFX Application Thread
2026-04-20 14:58:30,765 [ERROR] in JavaFX Application Thread - 	at com.sun.javafx.tk.Toolkit.runPulse(Toolkit.java:382) - JavaFX Application Thread
2026-04-20 14:58:30,765 [ERROR] in JavaFX Application Thread - 	at com.sun.javafx.tk.Toolkit.firePulse(Toolkit.java:407) - JavaFX Application Thread
2026-04-20 14:58:30,765 [ERROR] in JavaFX Application Thread - 	at com.sun.javafx.tk.quantum.QuantumToolkit.pulse(QuantumToolkit.java:601) - JavaFX Application Thread
2026-04-20 14:58:30,765 [ERROR] in JavaFX Application Thread - 	at com.sun.javafx.tk.quantum.QuantumToolkit.pulse(QuantumToolkit.java:581) - JavaFX Application Thread
2026-04-20 14:58:30,765 [ERROR] in JavaFX Application Thread - 	at com.sun.javafx.tk.quantum.QuantumToolkit.pulseFromQueue(QuantumToolkit.java:574) - JavaFX Application Thread
2026-04-20 14:58:30,765 [ERROR] in JavaFX Application Thread - 	at com.sun.javafx.tk.quantum.QuantumToolkit.lambda$runToolkit$0(QuantumToolkit.java:351) - JavaFX Application Thread
2026-04-20 14:58:30,765 [ERROR] in JavaFX Application Thread - 	at com.sun.glass.ui.monocle.RunnableProcessor.runLoop(RunnableProcessor.java:92) - JavaFX Application Thread
2026-04-20 14:58:30,766 [ERROR] in JavaFX Application Thread - 	at com.sun.glass.ui.monocle.RunnableProcessor.run(RunnableProcessor.java:51) - JavaFX Application Thread
2026-04-20 14:58:30,766 [ERROR] in JavaFX Application Thread - 	at java.base/java.lang.Thread.run(Thread.java:1474) - JavaFX Application Thread
2026-04-20 14:58:30,782 [ERROR] in JavaFX Application Thread - Exception in thread "JavaFX Application Thread" java.lang.ClassCastException: class com.flexganttfx.sprint.model.TaskActivity cannot be cast to class com.flexganttfx.sprint.model.UserStory (com.flexganttfx.sprint.model.TaskActivity and com.flexganttfx.sprint.model.UserStory are in unnamed module of loader 'app') - JavaFX Application Thread
2026-04-20 14:58:30,782 [ERROR] in JavaFX Application Thread - 	at com.flexganttfx.sprint.renderer.UserStoryRenderer.drawActivity(UserStoryRenderer.java:38) - JavaFX Application Thread
2026-04-20 14:58:30,782 [ERROR] in JavaFX Application Thread - 	at com.flexganttfx.view.graphics.renderer.ActivityRenderer.draw(ActivityRenderer.java:70) - JavaFX Application Thread
2026-04-20 14:58:30,782 [ERROR] in JavaFX Application Thread - 	at impl.com.flexganttfx.skin.graphics.RowCanvas.drawActivity(RowCanvas.java:772) - JavaFX Application Thread
2026-04-20 14:58:30,782 [ERROR] in JavaFX Application Thread - 	at impl.com.flexganttfx.skin.graphics.RowCanvas.drawLayer(RowCanvas.java:480) - JavaFX Application Thread
2026-04-20 14:58:30,782 [ERROR] in JavaFX Application Thread - 	at impl.com.flexganttfx.skin.graphics.RowCanvas.drawModelLayers(RowCanvas.java:371) - JavaFX Application Thread
2026-04-20 14:58:30,782 [ERROR] in JavaFX Application Thread - 	at impl.com.flexganttfx.skin.graphics.RowCanvas.draw(RowCanvas.java:300) - JavaFX Application Thread
2026-04-20 14:58:30,782 [ERROR] in JavaFX Application Thread - 	at com.flexganttfx.view.graphics.GraphicsBase.lambda$new$23(GraphicsBase.java:635) - JavaFX Application Thread
2026-04-20 14:58:30,782 [ERROR] in JavaFX Application Thread - 	at javafx.scene.Scene$ScenePulseListener.pulse(Scene.java:2728) - JavaFX Application Thread
2026-04-20 14:58:30,782 [ERROR] in JavaFX Application Thread - 	at com.sun.javafx.tk.Toolkit.runPulse(Toolkit.java:382) - JavaFX Application Thread
2026-04-20 14:58:30,782 [ERROR] in JavaFX Application Thread - 	at com.sun.javafx.tk.Toolkit.firePulse(Toolkit.java:407) - JavaFX Application Thread
2026-04-20 14:58:30,782 [ERROR] in JavaFX Application Thread - 	at com.sun.javafx.tk.quantum.QuantumToolkit.pulse(QuantumToolkit.java:601) - JavaFX Application Thread
2026-04-20 14:58:30,782 [ERROR] in JavaFX Application Thread - 	at com.sun.javafx.tk.quantum.QuantumToolkit.pulse(QuantumToolkit.java:581) - JavaFX Application Thread
2026-04-20 14:58:30,782 [ERROR] in JavaFX Application Thread - 	at com.sun.javafx.tk.quantum.QuantumToolkit.pulseFromQueue(QuantumToolkit.java:574) - JavaFX Application Thread
2026-04-20 14:58:30,782 [ERROR] in JavaFX Application Thread - 	at com.sun.javafx.tk.quantum.QuantumToolkit.lambda$runToolkit$0(QuantumToolkit.java:351) - JavaFX Application Thread
2026-04-20 14:58:30,782 [ERROR] in JavaFX Application Thread - 	at com.sun.glass.ui.monocle.RunnableProcessor.runLoop(RunnableProcessor.java:92) - JavaFX Application Thread
2026-04-20 14:58:30,782 [ERROR] in JavaFX Application Thread - 	at com.sun.glass.ui.monocle.RunnableProcessor.run(RunnableProcessor.java:51) - JavaFX Application Thread
2026-04-20 14:58:30,782 [ERROR] in JavaFX Application Thread - 	at java.base/java.lang.Thread.run(Thread.java:1474) - JavaFX Application Thread
2026-04-20 14:58:30,794 [ERROR] in JavaFX Application Thread - Exception in thread "JavaFX Application Thread" java.lang.ClassCastException: class com.flexganttfx.sprint.model.TaskActivity cannot be cast to class com.flexganttfx.sprint.model.UserStory (com.flexganttfx.sprint.model.TaskActivity and com.flexganttfx.sprint.model.UserStory are in unnamed module of loader 'app') - JavaFX Application Thread
2026-04-20 14:58:30,795 [ERROR] in JavaFX Application Thread - 	at com.flexganttfx.sprint.renderer.UserStoryRenderer.drawActivity(UserStoryRenderer.java:38) - JavaFX Application Thread
2026-04-20 14:58:30,795 [ERROR] in JavaFX Application Thread - 	at com.flexganttfx.view.graphics.renderer.ActivityRenderer.draw(ActivityRenderer.java:70) - JavaFX Application Thread
2026-04-20 14:58:30,795 [ERROR] in JavaFX Application Thread - 	at impl.com.flexganttfx.skin.graphics.RowCanvas.drawActivity(RowCanvas.java:772) - JavaFX Application Thread
2026-04-20 14:58:30,795 [ERROR] in JavaFX Application Thread - 	at impl.com.flexganttfx.skin.graphics.RowCanvas.drawLayer(RowCanvas.java:480) - JavaFX Application Thread
2026-04-20 14:58:30,796 [ERROR] in JavaFX Application Thread - 	at impl.com.flexganttfx.skin.graphics.RowCanvas.drawModelLayers(RowCanvas.java:371) - JavaFX Application Thread
2026-04-20 14:58:30,796 [ERROR] in JavaFX Application Thread - 	at impl.com.flexganttfx.skin.graphics.RowCanvas.draw(RowCanvas.java:300) - JavaFX Application Thread
2026-04-20 14:58:30,797 [ERROR] in JavaFX Application Thread - 	at com.flexganttfx.view.graphics.GraphicsBase.lambda$new$23(GraphicsBase.java:635) - JavaFX Application Thread
2026-04-20 14:58:30,798 [ERROR] in JavaFX Application Thread - 	at javafx.scene.Scene$ScenePulseListener.pulse(Scene.java:2728) - JavaFX Application Thread
2026-04-20 14:58:30,798 [ERROR] in JavaFX Application Thread - 	at com.sun.javafx.tk.Toolkit.runPulse(Toolkit.java:382) - JavaFX Application Thread
2026-04-20 14:58:30,798 [ERROR] in JavaFX Application Thread - 	at com.sun.javafx.tk.Toolkit.firePulse(Toolkit.java:407) - JavaFX Application Thread
2026-04-20 14:58:30,798 [ERROR] in JavaFX Application Thread - 	at com.sun.javafx.tk.quantum.QuantumToolkit.pulse(QuantumToolkit.java:601) - JavaFX Application Thread
2026-04-20 14:58:30,798 [ERROR] in JavaFX Application Thread - 	at com.sun.javafx.tk.quantum.QuantumToolkit.pulse(QuantumToolkit.java:581) - JavaFX Application Thread
2026-04-20 14:58:30,798 [ERROR] in JavaFX Application Thread - 	at com.sun.javafx.tk.quantum.QuantumToolkit.pulseFromQueue(QuantumToolkit.java:574) - JavaFX Application Thread
2026-04-20 14:58:30,798 [ERROR] in JavaFX Application Thread - 	at com.sun.javafx.tk.quantum.QuantumToolkit.lambda$runToolkit$0(QuantumToolkit.java:351) - JavaFX Application Thread
2026-04-20 14:58:30,798 [ERROR] in JavaFX Application Thread - 	at com.sun.glass.ui.monocle.RunnableProcessor.runLoop(RunnableProcessor.java:92) - JavaFX Application Thread
2026-04-20 14:58:30,798 [ERROR] in JavaFX Application Thread - 	at com.sun.glass.ui.monocle.RunnableProcessor.run(RunnableProcessor.java:51) - JavaFX Application Thread
2026-04-20 14:58:30,798 [ERROR] in JavaFX Application Thread - 	at java.base/java.lang.Thread.run(Thread.java:1474) - JavaFX Application Thread
2026-04-20 14:58:30,807 [ERROR] in JavaFX Application Thread - Exception in thread "JavaFX Application Thread" java.lang.ClassCastException: class com.flexganttfx.sprint.model.TaskActivity cannot be cast to class com.flexganttfx.sprint.model.UserStory (com.flexganttfx.sprint.model.TaskActivity and com.flexganttfx.sprint.model.UserStory are in unnamed module of loader 'app') - JavaFX Application Thread
2026-04-20 14:58:30,807 [ERROR] in JavaFX Application Thread - 	at com.flexganttfx.sprint.renderer.UserStoryRenderer.drawActivity(UserStoryRenderer.java:38) - JavaFX Application Thread
2026-04-20 14:58:30,807 [ERROR] in JavaFX Application Thread - 	at com.flexganttfx.view.graphics.renderer.ActivityRenderer.draw(ActivityRenderer.java:70) - JavaFX Application Thread
2026-04-20 14:58:30,807 [ERROR] in JavaFX Application Thread - 	at impl.com.flexganttfx.skin.graphics.RowCanvas.drawActivity(RowCanvas.java:772) - JavaFX Application Thread
2026-04-20 14:58:30,807 [ERROR] in JavaFX Application Thread - 	at impl.com.flexganttfx.skin.graphics.RowCanvas.drawLayer(RowCanvas.java:480) - JavaFX Application Thread
2026-04-20 14:58:30,807 [ERROR] in JavaFX Application Thread - 	at impl.com.flexganttfx.skin.graphics.RowCanvas.drawModelLayers(RowCanvas.java:371) - JavaFX Application Thread
2026-04-20 14:58:30,807 [ERROR] in JavaFX Application Thread - 	at impl.com.flexganttfx.skin.graphics.RowCanvas.draw(RowCanvas.java:300) - JavaFX Application Thread
2026-04-20 14:58:30,807 [ERROR] in JavaFX Application Thread - 	at com.flexganttfx.view.graphics.GraphicsBase.lambda$new$23(GraphicsBase.java:635) - JavaFX Application Thread
2026-04-20 14:58:30,807 [ERROR] in JavaFX Application Thread - 	at javafx.scene.Scene$ScenePulseListener.pulse(Scene.java:2728) - JavaFX Application Thread
2026-04-20 14:58:30,807 [ERROR] in JavaFX Application Thread - 	at com.sun.javafx.tk.Toolkit.runPulse(Toolkit.java:382) - JavaFX Application Thread
2026-04-20 14:58:30,807 [ERROR] in JavaFX Application Thread - 	at com.sun.javafx.tk.Toolkit.firePulse(Toolkit.java:407) - JavaFX Application Thread
2026-04-20 14:58:30,807 [ERROR] in JavaFX Application Thread - 	at com.sun.javafx.tk.quantum.QuantumToolkit.pulse(QuantumToolkit.java:601) - JavaFX Application Thread
2026-04-20 14:58:30,807 [ERROR] in JavaFX Application Thread - 	at com.sun.javafx.tk.quantum.QuantumToolkit.pulse(QuantumToolkit.java:581) - JavaFX Application Thread
2026-04-20 14:58:30,808 [ERROR] in JavaFX Application Thread - 	at com.sun.javafx.tk.quantum.QuantumToolkit.pulseFromQueue(QuantumToolkit.java:574) - JavaFX Application Thread
2026-04-20 14:58:30,808 [ERROR] in JavaFX Application Thread - 	at com.sun.javafx.tk.quantum.QuantumToolkit.lambda$runToolkit$0(QuantumToolkit.java:351) - JavaFX Application Thread
2026-04-20 14:58:30,808 [ERROR] in JavaFX Application Thread - 	at com.sun.glass.ui.monocle.RunnableProcessor.runLoop(RunnableProcessor.java:92) - JavaFX Application Thread
2026-04-20 14:58:30,808 [ERROR] in JavaFX Application Thread - 	at com.sun.glass.ui.monocle.RunnableProcessor.run(RunnableProcessor.java:51) - JavaFX Application Thread
2026-04-20 14:58:30,808 [ERROR] in JavaFX Application Thread - 	at java.base/java.lang.Thread.run(Thread.java:1474) - JavaFX Application Thread
2026-04-20 14:58:30,829 [ERROR] in JavaFX Application Thread - Exception in thread "JavaFX Application Thread" java.lang.ClassCastException: class com.flexganttfx.sprint.model.TaskActivity cannot be cast to class com.flexganttfx.sprint.model.UserStory (com.flexganttfx.sprint.model.TaskActivity and com.flexganttfx.sprint.model.UserStory are in unnamed module of loader 'app') - JavaFX Application Thread
2026-04-20 14:58:30,829 [ERROR] in JavaFX Application Thread - 	at com.flexganttfx.sprint.renderer.UserStoryRenderer.drawActivity(UserStoryRenderer.java:38) - JavaFX Application Thread
2026-04-20 14:58:30,829 [ERROR] in JavaFX Application Thread - 	at com.flexganttfx.view.graphics.renderer.ActivityRenderer.draw(ActivityRenderer.java:70) - JavaFX Application Thread
2026-04-20 14:58:30,829 [ERROR] in JavaFX Application Thread - 	at impl.com.flexganttfx.skin.graphics.RowCanvas.drawActivity(RowCanvas.java:772) - JavaFX Application Thread
2026-04-20 14:58:30,829 [ERROR] in JavaFX Application Thread - 	at impl.com.flexganttfx.skin.graphics.RowCanvas.drawLayer(RowCanvas.java:480) - JavaFX Application Thread
2026-04-20 14:58:30,829 [ERROR] in JavaFX Application Thread - 	at impl.com.flexganttfx.skin.graphics.RowCanvas.drawModelLayers(RowCanvas.java:371) - JavaFX Application Thread
2026-04-20 14:58:30,829 [ERROR] in JavaFX Application Thread - 	at impl.com.flexganttfx.skin.graphics.RowCanvas.draw(RowCanvas.java:300) - JavaFX Application Thread
2026-04-20 14:58:30,829 [ERROR] in JavaFX Application Thread - 	at com.flexganttfx.view.graphics.GraphicsBase.lambda$new$23(GraphicsBase.java:635) - JavaFX Application Thread
2026-04-20 14:58:30,829 [ERROR] in JavaFX Application Thread - 	at javafx.scene.Scene$ScenePulseListener.pulse(Scene.java:2728) - JavaFX Application Thread
2026-04-20 14:58:30,829 [ERROR] in JavaFX Application Thread - 	at com.sun.javafx.tk.Toolkit.runPulse(Toolkit.java:382) - JavaFX Application Thread
2026-04-20 14:58:30,829 [ERROR] in JavaFX Application Thread - 	at com.sun.javafx.tk.Toolkit.firePulse(Toolkit.java:407) - JavaFX Application Thread
2026-04-20 14:58:30,829 [ERROR] in JavaFX Application Thread - 	at com.sun.javafx.tk.quantum.QuantumToolkit.pulse(QuantumToolkit.java:601) - JavaFX Application Thread
2026-04-20 14:58:30,829 [ERROR] in JavaFX Application Thread - 	at com.sun.javafx.tk.quantum.QuantumToolkit.pulse(QuantumToolkit.java:581) - JavaFX Application Thread
2026-04-20 14:58:30,829 [ERROR] in JavaFX Application Thread - 	at com.sun.javafx.tk.quantum.QuantumToolkit.pulseFromQueue(QuantumToolkit.java:574) - JavaFX Application Thread
2026-04-20 14:58:30,829 [ERROR] in JavaFX Application Thread - 	at com.sun.javafx.tk.quantum.QuantumToolkit.lambda$runToolkit$0(QuantumToolkit.java:351) - JavaFX Application Thread
2026-04-20 14:58:30,829 [ERROR] in JavaFX Application Thread - 	at com.sun.glass.ui.monocle.RunnableProcessor.runLoop(RunnableProcessor.java:92) - JavaFX Application Thread
2026-04-20 14:58:30,829 [ERROR] in JavaFX Application Thread - 	at com.sun.glass.ui.monocle.RunnableProcessor.run(RunnableProcessor.java:51) - JavaFX Application Thread
2026-04-20 14:58:30,829 [ERROR] in JavaFX Application Thread - 	at java.base/java.lang.Thread.run(Thread.java:1474) - JavaFX Application Thread
2026-04-20 14:58:30,850 [ERROR] in JavaFX Application Thread - Exception in thread "JavaFX Application Thread" java.lang.ClassCastException: class com.flexganttfx.sprint.model.TaskActivity cannot be cast to class com.flexganttfx.sprint.model.UserStory (com.flexganttfx.sprint.model.TaskActivity and com.flexganttfx.sprint.model.UserStory are in unnamed module of loader 'app') - JavaFX Application Thread
2026-04-20 14:58:30,850 [ERROR] in JavaFX Application Thread - 	at com.flexganttfx.sprint.renderer.UserStoryRenderer.drawActivity(UserStoryRenderer.java:38) - JavaFX Application Thread
2026-04-20 14:58:30,850 [ERROR] in JavaFX Application Thread - 	at com.flexganttfx.view.graphics.renderer.ActivityRenderer.draw(ActivityRenderer.java:70) - JavaFX Application Thread
2026-04-20 14:58:30,850 [ERROR] in JavaFX Application Thread - 	at impl.com.flexganttfx.skin.graphics.RowCanvas.drawActivity(RowCanvas.java:772) - JavaFX Application Thread
2026-04-20 14:58:30,850 [ERROR] in JavaFX Application Thread - 	at impl.com.flexganttfx.skin.graphics.RowCanvas.drawLayer(RowCanvas.java:480) - JavaFX Application Thread
2026-04-20 14:58:30,850 [ERROR] in JavaFX Application Thread - 	at impl.com.flexganttfx.skin.graphics.RowCanvas.drawModelLayers(RowCanvas.java:371) - JavaFX Application Thread
2026-04-20 14:58:30,850 [ERROR] in JavaFX Application Thread - 	at impl.com.flexganttfx.skin.graphics.RowCanvas.draw(RowCanvas.java:300) - JavaFX Application Thread
2026-04-20 14:58:30,850 [ERROR] in JavaFX Application Thread - 	at com.flexganttfx.view.graphics.GraphicsBase.lambda$new$23(GraphicsBase.java:635) - JavaFX Application Thread
2026-04-20 14:58:30,850 [ERROR] in JavaFX Application Thread - 	at javafx.scene.Scene$ScenePulseListener.pulse(Scene.java:2728) - JavaFX Application Thread
2026-04-20 14:58:30,850 [ERROR] in JavaFX Application Thread - 	at com.sun.javafx.tk.Toolkit.runPulse(Toolkit.java:382) - JavaFX Application Thread
2026-04-20 14:58:30,850 [ERROR] in JavaFX Application Thread - 	at com.sun.javafx.tk.Toolkit.firePulse(Toolkit.java:407) - JavaFX Application Thread
2026-04-20 14:58:30,850 [ERROR] in JavaFX Application Thread - 	at com.sun.javafx.tk.quantum.QuantumToolkit.pulse(QuantumToolkit.java:601) - JavaFX Application Thread
2026-04-20 14:58:30,850 [ERROR] in JavaFX Application Thread - 	at com.sun.javafx.tk.quantum.QuantumToolkit.pulse(QuantumToolkit.java:581) - JavaFX Application Thread
2026-04-20 14:58:30,851 [ERROR] in JavaFX Application Thread - 	at com.sun.javafx.tk.quantum.QuantumToolkit.pulseFromQueue(QuantumToolkit.java:574) - JavaFX Application Thread
2026-04-20 14:58:30,851 [ERROR] in JavaFX Application Thread - 	at com.sun.javafx.tk.quantum.QuantumToolkit.lambda$runToolkit$0(QuantumToolkit.java:351) - JavaFX Application Thread
2026-04-20 14:58:30,851 [ERROR] in JavaFX Application Thread - 	at com.sun.glass.ui.monocle.RunnableProcessor.runLoop(RunnableProcessor.java:92) - JavaFX Application Thread
2026-04-20 14:58:30,851 [ERROR] in JavaFX Application Thread - 	at com.sun.glass.ui.monocle.RunnableProcessor.run(RunnableProcessor.java:51) - JavaFX Application Thread
2026-04-20 14:58:30,851 [ERROR] in JavaFX Application Thread - 	at java.base/java.lang.Thread.run(Thread.java:1474) - JavaFX Application Thread
2026-04-20 14:58:30,861 [ERROR] in JavaFX Application Thread - Exception in thread "JavaFX Application Thread" java.lang.ClassCastException: class com.flexganttfx.sprint.model.TaskActivity cannot be cast to class com.flexganttfx.sprint.model.UserStory (com.flexganttfx.sprint.model.TaskActivity and com.flexganttfx.sprint.model.UserStory are in unnamed module of loader 'app') - JavaFX Application Thread
2026-04-20 14:58:30,861 [ERROR] in JavaFX Application Thread - 	at com.flexganttfx.sprint.renderer.UserStoryRenderer.drawActivity(UserStoryRenderer.java:38) - JavaFX Application Thread
2026-04-20 14:58:30,861 [ERROR] in JavaFX Application Thread - 	at com.flexganttfx.view.graphics.renderer.ActivityRenderer.draw(ActivityRenderer.java:70) - JavaFX Application Thread
2026-04-20 14:58:30,861 [ERROR] in JavaFX Application Thread - 	at impl.com.flexganttfx.skin.graphics.RowCanvas.drawActivity(RowCanvas.java:772) - JavaFX Application Thread
2026-04-20 14:58:30,861 [ERROR] in JavaFX Application Thread - 	at impl.com.flexganttfx.skin.graphics.RowCanvas.drawLayer(RowCanvas.java:480) - JavaFX Application Thread
2026-04-20 14:58:30,861 [ERROR] in JavaFX Application Thread - 	at impl.com.flexganttfx.skin.graphics.RowCanvas.drawModelLayers(RowCanvas.java:371) - JavaFX Application Thread
2026-04-20 14:58:30,861 [ERROR] in JavaFX Application Thread - 	at impl.com.flexganttfx.skin.graphics.RowCanvas.draw(RowCanvas.java:300) - JavaFX Application Thread
2026-04-20 14:58:30,861 [ERROR] in JavaFX Application Thread - 	at com.flexganttfx.view.graphics.GraphicsBase.lambda$new$23(GraphicsBase.java:635) - JavaFX Application Thread
2026-04-20 14:58:30,861 [ERROR] in JavaFX Application Thread - 	at javafx.scene.Scene$ScenePulseListener.pulse(Scene.java:2728) - JavaFX Application Thread
2026-04-20 14:58:30,861 [ERROR] in JavaFX Application Thread - 	at com.sun.javafx.tk.Toolkit.runPulse(Toolkit.java:382) - JavaFX Application Thread
2026-04-20 14:58:30,861 [ERROR] in JavaFX Application Thread - 	at com.sun.javafx.tk.Toolkit.firePulse(Toolkit.java:407) - JavaFX Application Thread
2026-04-20 14:58:30,861 [ERROR] in JavaFX Application Thread - 	at com.sun.javafx.tk.quantum.QuantumToolkit.pulse(QuantumToolkit.java:601) - JavaFX Application Thread
2026-04-20 14:58:30,861 [ERROR] in JavaFX Application Thread - 	at com.sun.javafx.tk.quantum.QuantumToolkit.pulse(QuantumToolkit.java:581) - JavaFX Application Thread
2026-04-20 14:58:30,861 [ERROR] in JavaFX Application Thread - 	at com.sun.javafx.tk.quantum.QuantumToolkit.pulseFromQueue(QuantumToolkit.java:574) - JavaFX Application Thread
2026-04-20 14:58:30,861 [ERROR] in JavaFX Application Thread - 	at com.sun.javafx.tk.quantum.QuantumToolkit.lambda$runToolkit$0(QuantumToolkit.java:351) - JavaFX Application Thread
2026-04-20 14:58:30,861 [ERROR] in JavaFX Application Thread - 	at com.sun.glass.ui.monocle.RunnableProcessor.runLoop(RunnableProcessor.java:92) - JavaFX Application Thread
2026-04-20 14:58:30,861 [ERROR] in JavaFX Application Thread - 	at com.sun.glass.ui.monocle.RunnableProcessor.run(RunnableProcessor.java:51) - JavaFX Application Thread
2026-04-20 14:58:30,861 [ERROR] in JavaFX Application Thread - 	at java.base/java.lang.Thread.run(Thread.java:1474) - JavaFX Application Thread
2026-04-20 14:58:30,876 [ERROR] in JavaFX Application Thread - Exception in thread "JavaFX Application Thread" java.lang.ClassCastException: class com.flexganttfx.sprint.model.TaskActivity cannot be cast to class com.flexganttfx.sprint.model.UserStory (com.flexganttfx.sprint.model.TaskActivity and com.flexganttfx.sprint.model.UserStory are in unnamed module of loader 'app') - JavaFX Application Thread
2026-04-20 14:58:30,876 [ERROR] in JavaFX Application Thread - 	at com.flexganttfx.sprint.renderer.UserStoryRenderer.drawActivity(UserStoryRenderer.java:38) - JavaFX Application Thread
2026-04-20 14:58:30,876 [ERROR] in JavaFX Application Thread - 	at com.flexganttfx.view.graphics.renderer.ActivityRenderer.draw(ActivityRenderer.java:70) - JavaFX Application Thread
2026-04-20 14:58:30,876 [ERROR] in JavaFX Application Thread - 	at impl.com.flexganttfx.skin.graphics.RowCanvas.drawActivity(RowCanvas.java:772) - JavaFX Application Thread
2026-04-20 14:58:30,876 [ERROR] in JavaFX Application Thread - 	at impl.com.flexganttfx.skin.graphics.RowCanvas.drawLayer(RowCanvas.java:480) - JavaFX Application Thread
2026-04-20 14:58:30,876 [ERROR] in JavaFX Application Thread - 	at impl.com.flexganttfx.skin.graphics.RowCanvas.drawModelLayers(RowCanvas.java:371) - JavaFX Application Thread
2026-04-20 14:58:30,876 [ERROR] in JavaFX Application Thread - 	at impl.com.flexganttfx.skin.graphics.RowCanvas.draw(RowCanvas.java:300) - JavaFX Application Thread
2026-04-20 14:58:30,876 [ERROR] in JavaFX Application Thread - 	at com.flexganttfx.view.graphics.GraphicsBase.lambda$new$23(GraphicsBase.java:635) - JavaFX Application Thread
2026-04-20 14:58:30,876 [ERROR] in JavaFX Application Thread - 	at javafx.scene.Scene$ScenePulseListener.pulse(Scene.java:2728) - JavaFX Application Thread
2026-04-20 14:58:30,877 [ERROR] in JavaFX Application Thread - 	at com.sun.javafx.tk.Toolkit.runPulse(Toolkit.java:382) - JavaFX Application Thread
2026-04-20 14:58:30,877 [ERROR] in JavaFX Application Thread - 	at com.sun.javafx.tk.Toolkit.firePulse(Toolkit.java:407) - JavaFX Application Thread
2026-04-20 14:58:30,877 [ERROR] in JavaFX Application Thread - 	at com.sun.javafx.tk.quantum.QuantumToolkit.pulse(QuantumToolkit.java:601) - JavaFX Application Thread
2026-04-20 14:58:30,877 [ERROR] in JavaFX Application Thread - 	at com.sun.javafx.tk.quantum.QuantumToolkit.pulse(QuantumToolkit.java:581) - JavaFX Application Thread
2026-04-20 14:58:30,877 [ERROR] in JavaFX Application Thread - 	at com.sun.javafx.tk.quantum.QuantumToolkit.pulseFromQueue(QuantumToolkit.java:574) - JavaFX Application Thread
2026-04-20 14:58:30,877 [ERROR] in JavaFX Application Thread - 	at com.sun.javafx.tk.quantum.QuantumToolkit.lambda$runToolkit$0(QuantumToolkit.java:351) - JavaFX Application Thread
2026-04-20 14:58:30,877 [ERROR] in JavaFX Application Thread - 	at com.sun.glass.ui.monocle.RunnableProcessor.runLoop(RunnableProcessor.java:92) - JavaFX Application Thread
2026-04-20 14:58:30,877 [ERROR] in JavaFX Application Thread - 	at com.sun.glass.ui.monocle.RunnableProcessor.run(RunnableProcessor.java:51) - JavaFX Application Thread
2026-04-20 14:58:30,877 [ERROR] in JavaFX Application Thread - 	at java.base/java.lang.Thread.run(Thread.java:1474) - JavaFX Application Thread
2026-04-20 14:58:30,882 [ERROR] in JavaFX Application Thread - Exception in thread "JavaFX Application Thread" java.lang.ClassCastException: class com.flexganttfx.sprint.model.TaskActivity cannot be cast to class com.flexganttfx.sprint.model.UserStory (com.flexganttfx.sprint.model.TaskActivity and com.flexganttfx.sprint.model.UserStory are in unnamed module of loader 'app') - JavaFX Application Thread
2026-04-20 14:58:30,882 [ERROR] in JavaFX Application Thread - 	at com.flexganttfx.sprint.renderer.UserStoryRenderer.drawActivity(UserStoryRenderer.java:38) - JavaFX Application Thread
2026-04-20 14:58:30,882 [ERROR] in JavaFX Application Thread - 	at com.flexganttfx.view.graphics.renderer.ActivityRenderer.draw(ActivityRenderer.java:70) - JavaFX Application Thread
2026-04-20 14:58:30,882 [ERROR] in JavaFX Application Thread - 	at impl.com.flexganttfx.skin.graphics.RowCanvas.drawActivity(RowCanvas.java:772) - JavaFX Application Thread
2026-04-20 14:58:30,882 [ERROR] in JavaFX Application Thread - 	at impl.com.flexganttfx.skin.graphics.RowCanvas.drawLayer(RowCanvas.java:480) - JavaFX Application Thread
2026-04-20 14:58:30,882 [ERROR] in JavaFX Application Thread - 	at impl.com.flexganttfx.skin.graphics.RowCanvas.drawModelLayers(RowCanvas.java:371) - JavaFX Application Thread
2026-04-20 14:58:30,882 [ERROR] in JavaFX Application Thread - 	at impl.com.flexganttfx.skin.graphics.RowCanvas.draw(RowCanvas.java:300) - JavaFX Application Thread
2026-04-20 14:58:30,882 [ERROR] in JavaFX Application Thread - 	at com.flexganttfx.view.graphics.GraphicsBase.lambda$new$23(GraphicsBase.java:635) - JavaFX Application Thread
2026-04-20 14:58:30,882 [ERROR] in JavaFX Application Thread - 	at javafx.scene.Scene$ScenePulseListener.pulse(Scene.java:2728) - JavaFX Application Thread
2026-04-20 14:58:30,882 [ERROR] in JavaFX Application Thread - 	at com.sun.javafx.tk.Toolkit.runPulse(Toolkit.java:382) - JavaFX Application Thread
2026-04-20 14:58:30,882 [ERROR] in JavaFX Application Thread - 	at com.sun.javafx.tk.Toolkit.firePulse(Toolkit.java:407) - JavaFX Application Thread
2026-04-20 14:58:30,882 [ERROR] in JavaFX Application Thread - 	at com.sun.javafx.tk.quantum.QuantumToolkit.pulse(QuantumToolkit.java:601) - JavaFX Application Thread
2026-04-20 14:58:30,882 [ERROR] in JavaFX Application Thread - 	at com.sun.javafx.tk.quantum.QuantumToolkit.pulse(QuantumToolkit.java:581) - JavaFX Application Thread
2026-04-20 14:58:30,882 [ERROR] in JavaFX Application Thread - 	at com.sun.javafx.tk.quantum.QuantumToolkit.pulseFromQueue(QuantumToolkit.java:574) - JavaFX Application Thread
2026-04-20 14:58:30,882 [ERROR] in JavaFX Application Thread - 	at com.sun.javafx.tk.quantum.QuantumToolkit.lambda$runToolkit$0(QuantumToolkit.java:351) - JavaFX Application Thread
2026-04-20 14:58:30,882 [ERROR] in JavaFX Application Thread - 	at com.sun.glass.ui.monocle.RunnableProcessor.runLoop(RunnableProcessor.java:92) - JavaFX Application Thread
2026-04-20 14:58:30,882 [ERROR] in JavaFX Application Thread - 	at com.sun.glass.ui.monocle.RunnableProcessor.run(RunnableProcessor.java:51) - JavaFX Application Thread
2026-04-20 14:58:30,882 [ERROR] in JavaFX Application Thread - 	at java.base/java.lang.Thread.run(Thread.java:1474) - JavaFX Application Thread
2026-04-20 14:58:30,897 [ERROR] in JavaFX Application Thread - Exception in thread "JavaFX Application Thread" java.lang.ClassCastException: class com.flexganttfx.sprint.model.TaskActivity cannot be cast to class com.flexganttfx.sprint.model.UserStory (com.flexganttfx.sprint.model.TaskActivity and com.flexganttfx.sprint.model.UserStory are in unnamed module of loader 'app') - JavaFX Application Thread
2026-04-20 14:58:30,897 [ERROR] in JavaFX Application Thread - 	at com.flexganttfx.sprint.renderer.UserStoryRenderer.drawActivity(UserStoryRenderer.java:38) - JavaFX Application Thread
2026-04-20 14:58:30,897 [ERROR] in JavaFX Application Thread - 	at com.flexganttfx.view.graphics.renderer.ActivityRenderer.draw(ActivityRenderer.java:70) - JavaFX Application Thread
2026-04-20 14:58:30,897 [ERROR] in JavaFX Application Thread - 	at impl.com.flexganttfx.skin.graphics.RowCanvas.drawActivity(RowCanvas.java:772) - JavaFX Application Thread
2026-04-20 14:58:30,897 [ERROR] in JavaFX Application Thread - 	at impl.com.flexganttfx.skin.graphics.RowCanvas.drawLayer(RowCanvas.java:480) - JavaFX Application Thread
2026-04-20 14:58:30,897 [ERROR] in JavaFX Application Thread - 	at impl.com.flexganttfx.skin.graphics.RowCanvas.drawModelLayers(RowCanvas.java:371) - JavaFX Application Thread
2026-04-20 14:58:30,898 [ERROR] in JavaFX Application Thread - 	at impl.com.flexganttfx.skin.graphics.RowCanvas.draw(RowCanvas.java:300) - JavaFX Application Thread
2026-04-20 14:58:30,898 [ERROR] in JavaFX Application Thread - 	at com.flexganttfx.view.graphics.GraphicsBase.lambda$new$23(GraphicsBase.java:635) - JavaFX Application Thread
2026-04-20 14:58:30,898 [ERROR] in JavaFX Application Thread - 	at javafx.scene.Scene$ScenePulseListener.pulse(Scene.java:2728) - JavaFX Application Thread
2026-04-20 14:58:30,898 [ERROR] in JavaFX Application Thread - 	at com.sun.javafx.tk.Toolkit.runPulse(Toolkit.java:382) - JavaFX Application Thread
2026-04-20 14:58:30,898 [ERROR] in JavaFX Application Thread - 	at com.sun.javafx.tk.Toolkit.firePulse(Toolkit.java:407) - JavaFX Application Thread
2026-04-20 14:58:30,898 [ERROR] in JavaFX Application Thread - 	at com.sun.javafx.tk.quantum.QuantumToolkit.pulse(QuantumToolkit.java:601) - JavaFX Application Thread
2026-04-20 14:58:30,898 [ERROR] in JavaFX Application Thread - 	at com.sun.javafx.tk.quantum.QuantumToolkit.pulse(QuantumToolkit.java:581) - JavaFX Application Thread
2026-04-20 14:58:30,898 [ERROR] in JavaFX Application Thread - 	at com.sun.javafx.tk.quantum.QuantumToolkit.pulseFromQueue(QuantumToolkit.java:574) - JavaFX Application Thread
2026-04-20 14:58:30,898 [ERROR] in JavaFX Application Thread - 	at com.sun.javafx.tk.quantum.QuantumToolkit.lambda$runToolkit$0(QuantumToolkit.java:351) - JavaFX Application Thread
2026-04-20 14:58:30,898 [ERROR] in JavaFX Application Thread - 	at com.sun.glass.ui.monocle.RunnableProcessor.runLoop(RunnableProcessor.java:92) - JavaFX Application Thread
2026-04-20 14:58:30,898 [ERROR] in JavaFX Application Thread - 	at com.sun.glass.ui.monocle.RunnableProcessor.run(RunnableProcessor.java:51) - JavaFX Application Thread
2026-04-20 14:58:30,898 [ERROR] in JavaFX Application Thread - 	at java.base/java.lang.Thread.run(Thread.java:1474) - JavaFX Application Thread
2026-04-20 14:58:30,913 [ERROR] in JavaFX Application Thread - Exception in thread "JavaFX Application Thread" java.lang.ClassCastException: class com.flexganttfx.sprint.model.TaskActivity cannot be cast to class com.flexganttfx.sprint.model.UserStory (com.flexganttfx.sprint.model.TaskActivity and com.flexganttfx.sprint.model.UserStory are in unnamed module of loader 'app') - JavaFX Application Thread
2026-04-20 14:58:30,913 [ERROR] in JavaFX Application Thread - 	at com.flexganttfx.sprint.renderer.UserStoryRenderer.drawActivity(UserStoryRenderer.java:38) - JavaFX Application Thread
2026-04-20 14:58:30,913 [ERROR] in JavaFX Application Thread - 	at com.flexganttfx.view.graphics.renderer.ActivityRenderer.draw(ActivityRenderer.java:70) - JavaFX Application Thread
2026-04-20 14:58:30,913 [ERROR] in JavaFX Application Thread - 	at impl.com.flexganttfx.skin.graphics.RowCanvas.drawActivity(RowCanvas.java:772) - JavaFX Application Thread
2026-04-20 14:58:30,913 [ERROR] in JavaFX Application Thread - 	at impl.com.flexganttfx.skin.graphics.RowCanvas.drawLayer(RowCanvas.java:480) - JavaFX Application Thread
2026-04-20 14:58:30,913 [ERROR] in JavaFX Application Thread - 	at impl.com.flexganttfx.skin.graphics.RowCanvas.drawModelLayers(RowCanvas.java:371) - JavaFX Application Thread
2026-04-20 14:58:30,913 [ERROR] in JavaFX Application Thread - 	at impl.com.flexganttfx.skin.graphics.RowCanvas.draw(RowCanvas.java:300) - JavaFX Application Thread
2026-04-20 14:58:30,913 [ERROR] in JavaFX Application Thread - 	at com.flexganttfx.view.graphics.GraphicsBase.lambda$new$23(GraphicsBase.java:635) - JavaFX Application Thread
2026-04-20 14:58:30,913 [ERROR] in JavaFX Application Thread - 	at javafx.scene.Scene$ScenePulseListener.pulse(Scene.java:2728) - JavaFX Application Thread
2026-04-20 14:58:30,913 [ERROR] in JavaFX Application Thread - 	at com.sun.javafx.tk.Toolkit.runPulse(Toolkit.java:382) - JavaFX Application Thread
2026-04-20 14:58:30,913 [ERROR] in JavaFX Application Thread - 	at com.sun.javafx.tk.Toolkit.firePulse(Toolkit.java:407) - JavaFX Application Thread
2026-04-20 14:58:30,913 [ERROR] in JavaFX Application Thread - 	at com.sun.javafx.tk.quantum.QuantumToolkit.pulse(QuantumToolkit.java:601) - JavaFX Application Thread
2026-04-20 14:58:30,913 [ERROR] in JavaFX Application Thread - 	at com.sun.javafx.tk.quantum.QuantumToolkit.pulse(QuantumToolkit.java:581) - JavaFX Application Thread
2026-04-20 14:58:30,913 [ERROR] in JavaFX Application Thread - 	at com.sun.javafx.tk.quantum.QuantumToolkit.pulseFromQueue(QuantumToolkit.java:574) - JavaFX Application Thread
2026-04-20 14:58:30,913 [ERROR] in JavaFX Application Thread - 	at com.sun.javafx.tk.quantum.QuantumToolkit.lambda$runToolkit$0(QuantumToolkit.java:351) - JavaFX Application Thread
2026-04-20 14:58:30,913 [ERROR] in JavaFX Application Thread - 	at com.sun.glass.ui.monocle.RunnableProcessor.runLoop(RunnableProcessor.java:92) - JavaFX Application Thread
2026-04-20 14:58:30,913 [ERROR] in JavaFX Application Thread - 	at com.sun.glass.ui.monocle.RunnableProcessor.run(RunnableProcessor.java:51) - JavaFX Application Thread
2026-04-20 14:58:30,913 [ERROR] in JavaFX Application Thread - 	at java.base/java.lang.Thread.run(Thread.java:1474) - JavaFX Application Thread
2026-04-20 14:58:30,930 [ERROR] in JavaFX Application Thread - Exception in thread "JavaFX Application Thread" java.lang.ClassCastException: class com.flexganttfx.sprint.model.TaskActivity cannot be cast to class com.flexganttfx.sprint.model.UserStory (com.flexganttfx.sprint.model.TaskActivity and com.flexganttfx.sprint.model.UserStory are in unnamed module of loader 'app') - JavaFX Application Thread
2026-04-20 14:58:30,930 [ERROR] in JavaFX Application Thread - 	at com.flexganttfx.sprint.renderer.UserStoryRenderer.drawActivity(UserStoryRenderer.java:38) - JavaFX Application Thread
2026-04-20 14:58:30,930 [ERROR] in JavaFX Application Thread - 	at com.flexganttfx.view.graphics.renderer.ActivityRenderer.draw(ActivityRenderer.java:70) - JavaFX Application Thread
2026-04-20 14:58:30,930 [ERROR] in JavaFX Application Thread - 	at impl.com.flexganttfx.skin.graphics.RowCanvas.drawActivity(RowCanvas.java:772) - JavaFX Application Thread
2026-04-20 14:58:30,932 [ERROR] in JavaFX Application Thread - 	at impl.com.flexganttfx.skin.graphics.RowCanvas.drawLayer(RowCanvas.java:480) - JavaFX Application Thread
2026-04-20 14:58:30,932 [ERROR] in JavaFX Application Thread - 	at impl.com.flexganttfx.skin.graphics.RowCanvas.drawModelLayers(RowCanvas.java:371) - JavaFX Application Thread
2026-04-20 14:58:30,932 [ERROR] in JavaFX Application Thread - 	at impl.com.flexganttfx.skin.graphics.RowCanvas.draw(RowCanvas.java:300) - JavaFX Application Thread
2026-04-20 14:58:30,932 [ERROR] in JavaFX Application Thread - 	at com.flexganttfx.view.graphics.GraphicsBase.lambda$new$23(GraphicsBase.java:635) - JavaFX Application Thread
2026-04-20 14:58:30,932 [ERROR] in JavaFX Application Thread - 	at javafx.scene.Scene$ScenePulseListener.pulse(Scene.java:2728) - JavaFX Application Thread
2026-04-20 14:58:30,932 [ERROR] in JavaFX Application Thread - 	at com.sun.javafx.tk.Toolkit.runPulse(Toolkit.java:382) - JavaFX Application Thread
2026-04-20 14:58:30,932 [ERROR] in JavaFX Application Thread - 	at com.sun.javafx.tk.Toolkit.firePulse(Toolkit.java:407) - JavaFX Application Thread
2026-04-20 14:58:30,932 [ERROR] in JavaFX Application Thread - 	at com.sun.javafx.tk.quantum.QuantumToolkit.pulse(QuantumToolkit.java:601) - JavaFX Application Thread
2026-04-20 14:58:30,932 [ERROR] in JavaFX Application Thread - 	at com.sun.javafx.tk.quantum.QuantumToolkit.pulse(QuantumToolkit.java:581) - JavaFX Application Thread
2026-04-20 14:58:30,932 [ERROR] in JavaFX Application Thread - 	at com.sun.javafx.tk.quantum.QuantumToolkit.pulseFromQueue(QuantumToolkit.java:574) - JavaFX Application Thread
2026-04-20 14:58:30,932 [ERROR] in JavaFX Application Thread - 	at com.sun.javafx.tk.quantum.QuantumToolkit.lambda$runToolkit$0(QuantumToolkit.java:351) - JavaFX Application Thread
2026-04-20 14:58:30,932 [ERROR] in JavaFX Application Thread - 	at com.sun.glass.ui.monocle.RunnableProcessor.runLoop(RunnableProcessor.java:92) - JavaFX Application Thread
2026-04-20 14:58:30,932 [ERROR] in JavaFX Application Thread - 	at com.sun.glass.ui.monocle.RunnableProcessor.run(RunnableProcessor.java:51) - JavaFX Application Thread
2026-04-20 14:58:30,932 [ERROR] in JavaFX Application Thread - 	at java.base/java.lang.Thread.run(Thread.java:1474) - JavaFX Application Thread
2026-04-20 14:58:32,756 [ERROR] in JavaFX Application Thread - Exception in thread "JavaFX Application Thread" java.lang.ClassCastException: class com.flexganttfx.sprint.model.TaskActivity cannot be cast to class com.flexganttfx.sprint.model.UserStory (com.flexganttfx.sprint.model.TaskActivity and com.flexganttfx.sprint.model.UserStory are in unnamed module of loader 'app') - JavaFX Application Thread
2026-04-20 14:58:32,756 [ERROR] in JavaFX Application Thread - 	at com.flexganttfx.sprint.renderer.UserStoryRenderer.drawActivity(UserStoryRenderer.java:38) - JavaFX Application Thread
2026-04-20 14:58:32,756 [ERROR] in JavaFX Application Thread - 	at com.flexganttfx.view.graphics.renderer.ActivityRenderer.draw(ActivityRenderer.java:70) - JavaFX Application Thread
2026-04-20 14:58:32,756 [ERROR] in JavaFX Application Thread - 	at impl.com.flexganttfx.skin.graphics.RowCanvas.drawActivity(RowCanvas.java:772) - JavaFX Application Thread
2026-04-20 14:58:32,756 [ERROR] in JavaFX Application Thread - 	at impl.com.flexganttfx.skin.graphics.RowCanvas.drawLayer(RowCanvas.java:480) - JavaFX Application Thread
2026-04-20 14:58:32,756 [ERROR] in JavaFX Application Thread - 	at impl.com.flexganttfx.skin.graphics.RowCanvas.drawModelLayers(RowCanvas.java:371) - JavaFX Application Thread
2026-04-20 14:58:32,756 [ERROR] in JavaFX Application Thread - 	at impl.com.flexganttfx.skin.graphics.RowCanvas.draw(RowCanvas.java:300) - JavaFX Application Thread
2026-04-20 14:58:32,756 [ERROR] in JavaFX Application Thread - 	at com.flexganttfx.view.graphics.GraphicsBase.lambda$new$23(GraphicsBase.java:635) - JavaFX Application Thread
2026-04-20 14:58:32,756 [ERROR] in JavaFX Application Thread - 	at javafx.scene.Scene$ScenePulseListener.pulse(Scene.java:2728) - JavaFX Application Thread
2026-04-20 14:58:32,756 [ERROR] in JavaFX Application Thread - 	at com.sun.javafx.tk.Toolkit.runPulse(Toolkit.java:382) - JavaFX Application Thread
2026-04-20 14:58:32,756 [ERROR] in JavaFX Application Thread - 	at com.sun.javafx.tk.Toolkit.firePulse(Toolkit.java:407) - JavaFX Application Thread
2026-04-20 14:58:32,756 [ERROR] in JavaFX Application Thread - 	at com.sun.javafx.tk.quantum.QuantumToolkit.pulse(QuantumToolkit.java:601) - JavaFX Application Thread
2026-04-20 14:58:32,756 [ERROR] in JavaFX Application Thread - 	at com.sun.javafx.tk.quantum.QuantumToolkit.pulse(QuantumToolkit.java:581) - JavaFX Application Thread
2026-04-20 14:58:32,756 [ERROR] in JavaFX Application Thread - 	at com.sun.javafx.tk.quantum.QuantumToolkit.pulseFromQueue(QuantumToolkit.java:574) - JavaFX Application Thread
2026-04-20 14:58:32,756 [ERROR] in JavaFX Application Thread - 	at com.sun.javafx.tk.quantum.QuantumToolkit.lambda$runToolkit$0(QuantumToolkit.java:351) - JavaFX Application Thread
2026-04-20 14:58:32,756 [ERROR] in JavaFX Application Thread - 	at com.sun.glass.ui.monocle.RunnableProcessor.runLoop(RunnableProcessor.java:92) - JavaFX Application Thread
2026-04-20 14:58:32,756 [ERROR] in JavaFX Application Thread - 	at com.sun.glass.ui.monocle.RunnableProcessor.run(RunnableProcessor.java:51) - JavaFX Application Thread
2026-04-20 14:58:32,756 [ERROR] in JavaFX Application Thread - 	at java.base/java.lang.Thread.run(Thread.java:1474) - JavaFX Application Thread
2026-04-20 14:58:32,897 [ERROR] in JavaFX Application Thread - Exception in thread "JavaFX Application Thread" java.lang.ClassCastException: class com.flexganttfx.sprint.model.TaskActivity cannot be cast to class com.flexganttfx.sprint.model.UserStory (com.flexganttfx.sprint.model.TaskActivity and com.flexganttfx.sprint.model.UserStory are in unnamed module of loader 'app') - JavaFX Application Thread
2026-04-20 14:58:32,897 [ERROR] in JavaFX Application Thread - 	at com.flexganttfx.sprint.renderer.UserStoryRenderer.drawActivity(UserStoryRenderer.java:38) - JavaFX Application Thread
2026-04-20 14:58:32,897 [ERROR] in JavaFX Application Thread - 	at com.flexganttfx.view.graphics.renderer.ActivityRenderer.draw(ActivityRenderer.java:70) - JavaFX Application Thread
2026-04-20 14:58:32,897 [ERROR] in JavaFX Application Thread - 	at impl.com.flexganttfx.skin.graphics.RowCanvas.drawActivity(RowCanvas.java:772) - JavaFX Application Thread
2026-04-20 14:58:32,897 [ERROR] in JavaFX Application Thread - 	at impl.com.flexganttfx.skin.graphics.RowCanvas.drawLayer(RowCanvas.java:480) - JavaFX Application Thread
2026-04-20 14:58:32,897 [ERROR] in JavaFX Application Thread - 	at impl.com.flexganttfx.skin.graphics.RowCanvas.drawModelLayers(RowCanvas.java:371) - JavaFX Application Thread
2026-04-20 14:58:32,897 [ERROR] in JavaFX Application Thread - 	at impl.com.flexganttfx.skin.graphics.RowCanvas.draw(RowCanvas.java:300) - JavaFX Application Thread
2026-04-20 14:58:32,897 [ERROR] in JavaFX Application Thread - 	at com.flexganttfx.view.graphics.GraphicsBase.lambda$new$23(GraphicsBase.java:635) - JavaFX Application Thread
2026-04-20 14:58:32,897 [ERROR] in JavaFX Application Thread - 	at javafx.scene.Scene$ScenePulseListener.pulse(Scene.java:2728) - JavaFX Application Thread
2026-04-20 14:58:32,897 [ERROR] in JavaFX Application Thread - 	at com.sun.javafx.tk.Toolkit.runPulse(Toolkit.java:382) - JavaFX Application Thread
2026-04-20 14:58:32,897 [ERROR] in JavaFX Application Thread - 	at com.sun.javafx.tk.Toolkit.firePulse(Toolkit.java:407) - JavaFX Application Thread
2026-04-20 14:58:32,897 [ERROR] in JavaFX Application Thread - 	at com.sun.javafx.tk.quantum.QuantumToolkit.pulse(QuantumToolkit.java:601) - JavaFX Application Thread
2026-04-20 14:58:32,897 [ERROR] in JavaFX Application Thread - 	at com.sun.javafx.tk.quantum.QuantumToolkit.pulse(QuantumToolkit.java:581) - JavaFX Application Thread
2026-04-20 14:58:32,897 [ERROR] in JavaFX Application Thread - 	at com.sun.javafx.tk.quantum.QuantumToolkit.pulseFromQueue(QuantumToolkit.java:574) - JavaFX Application Thread
2026-04-20 14:58:32,897 [ERROR] in JavaFX Application Thread - 	at com.sun.javafx.tk.quantum.QuantumToolkit.lambda$runToolkit$0(QuantumToolkit.java:351) - JavaFX Application Thread
2026-04-20 14:58:32,897 [ERROR] in JavaFX Application Thread - 	at com.sun.glass.ui.monocle.RunnableProcessor.runLoop(RunnableProcessor.java:92) - JavaFX Application Thread
2026-04-20 14:58:32,897 [ERROR] in JavaFX Application Thread - 	at com.sun.glass.ui.monocle.RunnableProcessor.run(RunnableProcessor.java:51) - JavaFX Application Thread
2026-04-20 14:58:32,897 [ERROR] in JavaFX Application Thread - 	at java.base/java.lang.Thread.run(Thread.java:1474) - JavaFX Application Thread
2026-04-20 14:58:32,931 [ERROR] in JavaFX Application Thread - Exception in thread "JavaFX Application Thread" java.lang.ClassCastException: class com.flexganttfx.sprint.model.TaskActivity cannot be cast to class com.flexganttfx.sprint.model.UserStory (com.flexganttfx.sprint.model.TaskActivity and com.flexganttfx.sprint.model.UserStory are in unnamed module of loader 'app') - JavaFX Application Thread
2026-04-20 14:58:32,932 [ERROR] in JavaFX Application Thread - 	at com.flexganttfx.sprint.renderer.UserStoryRenderer.drawActivity(UserStoryRenderer.java:38) - JavaFX Application Thread
2026-04-20 14:58:32,932 [ERROR] in JavaFX Application Thread - 	at com.flexganttfx.view.graphics.renderer.ActivityRenderer.draw(ActivityRenderer.java:70) - JavaFX Application Thread
2026-04-20 14:58:32,932 [ERROR] in JavaFX Application Thread - 	at impl.com.flexganttfx.skin.graphics.RowCanvas.drawActivity(RowCanvas.java:772) - JavaFX Application Thread
2026-04-20 14:58:32,932 [ERROR] in JavaFX Application Thread - 	at impl.com.flexganttfx.skin.graphics.RowCanvas.drawLayer(RowCanvas.java:480) - JavaFX Application Thread
2026-04-20 14:58:32,932 [ERROR] in JavaFX Application Thread - 	at impl.com.flexganttfx.skin.graphics.RowCanvas.drawModelLayers(RowCanvas.java:371) - JavaFX Application Thread
2026-04-20 14:58:32,932 [ERROR] in JavaFX Application Thread - 	at impl.com.flexganttfx.skin.graphics.RowCanvas.draw(RowCanvas.java:300) - JavaFX Application Thread
2026-04-20 14:58:32,932 [ERROR] in JavaFX Application Thread - 	at com.flexganttfx.view.graphics.GraphicsBase.lambda$new$23(GraphicsBase.java:635) - JavaFX Application Thread
2026-04-20 14:58:32,932 [ERROR] in JavaFX Application Thread - 	at javafx.scene.Scene$ScenePulseListener.pulse(Scene.java:2728) - JavaFX Application Thread
2026-04-20 14:58:32,932 [ERROR] in JavaFX Application Thread - 	at com.sun.javafx.tk.Toolkit.runPulse(Toolkit.java:382) - JavaFX Application Thread
2026-04-20 14:58:32,932 [ERROR] in JavaFX Application Thread - 	at com.sun.javafx.tk.Toolkit.firePulse(Toolkit.java:407) - JavaFX Application Thread
2026-04-20 14:58:32,932 [ERROR] in JavaFX Application Thread - 	at com.sun.javafx.tk.quantum.QuantumToolkit.pulse(QuantumToolkit.java:601) - JavaFX Application Thread
2026-04-20 14:58:32,932 [ERROR] in JavaFX Application Thread - 	at com.sun.javafx.tk.quantum.QuantumToolkit.pulse(QuantumToolkit.java:581) - JavaFX Application Thread
2026-04-20 14:58:32,932 [ERROR] in JavaFX Application Thread - 	at com.sun.javafx.tk.quantum.QuantumToolkit.pulseFromQueue(QuantumToolkit.java:574) - JavaFX Application Thread
2026-04-20 14:58:32,932 [ERROR] in JavaFX Application Thread - 	at com.sun.javafx.tk.quantum.QuantumToolkit.lambda$runToolkit$0(QuantumToolkit.java:351) - JavaFX Application Thread
2026-04-20 14:58:32,932 [ERROR] in JavaFX Application Thread - 	at com.sun.glass.ui.monocle.RunnableProcessor.runLoop(RunnableProcessor.java:92) - JavaFX Application Thread
2026-04-20 14:58:32,932 [ERROR] in JavaFX Application Thread - 	at com.sun.glass.ui.monocle.RunnableProcessor.run(RunnableProcessor.java:51) - JavaFX Application Thread
2026-04-20 14:58:32,932 [ERROR] in JavaFX Application Thread - 	at java.base/java.lang.Thread.run(Thread.java:1474) - JavaFX Application Thread
2026-04-20 14:58:32,945 [ERROR] in JavaFX Application Thread - Exception in thread "JavaFX Application Thread" java.lang.ClassCastException: class com.flexganttfx.sprint.model.TaskActivity cannot be cast to class com.flexganttfx.sprint.model.UserStory (com.flexganttfx.sprint.model.TaskActivity and com.flexganttfx.sprint.model.UserStory are in unnamed module of loader 'app') - JavaFX Application Thread
2026-04-20 14:58:32,945 [ERROR] in JavaFX Application Thread - 	at com.flexganttfx.sprint.renderer.UserStoryRenderer.drawActivity(UserStoryRenderer.java:38) - JavaFX Application Thread
2026-04-20 14:58:32,945 [ERROR] in JavaFX Application Thread - 	at com.flexganttfx.view.graphics.renderer.ActivityRenderer.draw(ActivityRenderer.java:70) - JavaFX Application Thread
2026-04-20 14:58:32,945 [ERROR] in JavaFX Application Thread - 	at impl.com.flexganttfx.skin.graphics.RowCanvas.drawActivity(RowCanvas.java:772) - JavaFX Application Thread
2026-04-20 14:58:32,945 [ERROR] in JavaFX Application Thread - 	at impl.com.flexganttfx.skin.graphics.RowCanvas.drawLayer(RowCanvas.java:480) - JavaFX Application Thread
2026-04-20 14:58:32,945 [ERROR] in JavaFX Application Thread - 	at impl.com.flexganttfx.skin.graphics.RowCanvas.drawModelLayers(RowCanvas.java:371) - JavaFX Application Thread
2026-04-20 14:58:32,945 [ERROR] in JavaFX Application Thread - 	at impl.com.flexganttfx.skin.graphics.RowCanvas.draw(RowCanvas.java:300) - JavaFX Application Thread
2026-04-20 14:58:32,945 [ERROR] in JavaFX Application Thread - 	at com.flexganttfx.view.graphics.GraphicsBase.lambda$new$23(GraphicsBase.java:635) - JavaFX Application Thread
2026-04-20 14:58:32,945 [ERROR] in JavaFX Application Thread - 	at javafx.scene.Scene$ScenePulseListener.pulse(Scene.java:2728) - JavaFX Application Thread
2026-04-20 14:58:32,945 [ERROR] in JavaFX Application Thread - 	at com.sun.javafx.tk.Toolkit.runPulse(Toolkit.java:382) - JavaFX Application Thread
2026-04-20 14:58:32,945 [ERROR] in JavaFX Application Thread - 	at com.sun.javafx.tk.Toolkit.firePulse(Toolkit.java:407) - JavaFX Application Thread
2026-04-20 14:58:32,945 [ERROR] in JavaFX Application Thread - 	at com.sun.javafx.tk.quantum.QuantumToolkit.pulse(QuantumToolkit.java:601) - JavaFX Application Thread
2026-04-20 14:58:32,945 [ERROR] in JavaFX Application Thread - 	at com.sun.javafx.tk.quantum.QuantumToolkit.pulse(QuantumToolkit.java:581) - JavaFX Application Thread
2026-04-20 14:58:32,945 [ERROR] in JavaFX Application Thread - 	at com.sun.javafx.tk.quantum.QuantumToolkit.pulseFromQueue(QuantumToolkit.java:574) - JavaFX Application Thread
2026-04-20 14:58:32,945 [ERROR] in JavaFX Application Thread - 	at com.sun.javafx.tk.quantum.QuantumToolkit.lambda$runToolkit$0(QuantumToolkit.java:351) - JavaFX Application Thread
2026-04-20 14:58:32,945 [ERROR] in JavaFX Application Thread - 	at com.sun.glass.ui.monocle.RunnableProcessor.runLoop(RunnableProcessor.java:92) - JavaFX Application Thread
2026-04-20 14:58:32,945 [ERROR] in JavaFX Application Thread - 	at com.sun.glass.ui.monocle.RunnableProcessor.run(RunnableProcessor.java:51) - JavaFX Application Thread
2026-04-20 14:58:32,945 [ERROR] in JavaFX Application Thread - 	at java.base/java.lang.Thread.run(Thread.java:1474) - JavaFX Application Thread
2026-04-20 14:58:37,682 [ERROR] in JavaFX Application Thread - Exception in thread "JavaFX Application Thread" java.lang.ClassCastException: class com.flexganttfx.sprint.model.TaskActivity cannot be cast to class com.flexganttfx.sprint.model.UserStory (com.flexganttfx.sprint.model.TaskActivity and com.flexganttfx.sprint.model.UserStory are in unnamed module of loader 'app') - JavaFX Application Thread
2026-04-20 14:58:37,682 [ERROR] in JavaFX Application Thread - 	at com.flexganttfx.sprint.renderer.UserStoryRenderer.drawActivity(UserStoryRenderer.java:38) - JavaFX Application Thread
2026-04-20 14:58:37,682 [ERROR] in JavaFX Application Thread - 	at com.flexganttfx.view.graphics.renderer.ActivityRenderer.draw(ActivityRenderer.java:70) - JavaFX Application Thread
2026-04-20 14:58:37,682 [ERROR] in JavaFX Application Thread - 	at impl.com.flexganttfx.skin.graphics.RowCanvas.drawActivity(RowCanvas.java:772) - JavaFX Application Thread
2026-04-20 14:58:37,682 [ERROR] in JavaFX Application Thread - 	at impl.com.flexganttfx.skin.graphics.RowCanvas.drawLayer(RowCanvas.java:480) - JavaFX Application Thread
2026-04-20 14:58:37,682 [ERROR] in JavaFX Application Thread - 	at impl.com.flexganttfx.skin.graphics.RowCanvas.drawModelLayers(RowCanvas.java:371) - JavaFX Application Thread
2026-04-20 14:58:37,682 [ERROR] in JavaFX Application Thread - 	at impl.com.flexganttfx.skin.graphics.RowCanvas.draw(RowCanvas.java:300) - JavaFX Application Thread
2026-04-20 14:58:37,682 [ERROR] in JavaFX Application Thread - 	at com.flexganttfx.view.graphics.GraphicsBase.lambda$new$23(GraphicsBase.java:635) - JavaFX Application Thread
2026-04-20 14:58:37,682 [ERROR] in JavaFX Application Thread - 	at javafx.scene.Scene$ScenePulseListener.pulse(Scene.java:2728) - JavaFX Application Thread
2026-04-20 14:58:37,682 [ERROR] in JavaFX Application Thread - 	at com.sun.javafx.tk.Toolkit.runPulse(Toolkit.java:382) - JavaFX Application Thread
2026-04-20 14:58:37,682 [ERROR] in JavaFX Application Thread - 	at com.sun.javafx.tk.Toolkit.firePulse(Toolkit.java:407) - JavaFX Application Thread
2026-04-20 14:58:37,682 [ERROR] in JavaFX Application Thread - 	at com.sun.javafx.tk.quantum.QuantumToolkit.pulse(QuantumToolkit.java:601) - JavaFX Application Thread
2026-04-20 14:58:37,683 [ERROR] in JavaFX Application Thread - 	at com.sun.javafx.tk.quantum.QuantumToolkit.pulse(QuantumToolkit.java:581) - JavaFX Application Thread
2026-04-20 14:58:37,683 [ERROR] in JavaFX Application Thread - 	at com.sun.javafx.tk.quantum.QuantumToolkit.pulseFromQueue(QuantumToolkit.java:574) - JavaFX Application Thread
2026-04-20 14:58:37,683 [ERROR] in JavaFX Application Thread - 	at com.sun.javafx.tk.quantum.QuantumToolkit.lambda$runToolkit$0(QuantumToolkit.java:351) - JavaFX Application Thread
2026-04-20 14:58:37,683 [ERROR] in JavaFX Application Thread - 	at com.sun.glass.ui.monocle.RunnableProcessor.runLoop(RunnableProcessor.java:92) - JavaFX Application Thread
2026-04-20 14:58:37,683 [ERROR] in JavaFX Application Thread - 	at com.sun.glass.ui.monocle.RunnableProcessor.run(RunnableProcessor.java:51) - JavaFX Application Thread
2026-04-20 14:58:37,683 [ERROR] in JavaFX Application Thread - 	at java.base/java.lang.Thread.run(Thread.java:1474) - JavaFX Application Thread
2026-04-20 14:58:37,698 [ERROR] in JavaFX Application Thread - Exception in thread "JavaFX Application Thread" java.lang.ClassCastException: class com.flexganttfx.sprint.model.TaskActivity cannot be cast to class com.flexganttfx.sprint.model.UserStory (com.flexganttfx.sprint.model.TaskActivity and com.flexganttfx.sprint.model.UserStory are in unnamed module of loader 'app') - JavaFX Application Thread
2026-04-20 14:58:37,699 [ERROR] in JavaFX Application Thread - 	at com.flexganttfx.sprint.renderer.UserStoryRenderer.drawActivity(UserStoryRenderer.java:38) - JavaFX Application Thread
2026-04-20 14:58:37,699 [ERROR] in JavaFX Application Thread - 	at com.flexganttfx.view.graphics.renderer.ActivityRenderer.draw(ActivityRenderer.java:70) - JavaFX Application Thread
2026-04-20 14:58:37,699 [ERROR] in JavaFX Application Thread - 	at impl.com.flexganttfx.skin.graphics.RowCanvas.drawActivity(RowCanvas.java:772) - JavaFX Application Thread
2026-04-20 14:58:37,699 [ERROR] in JavaFX Application Thread - 	at impl.com.flexganttfx.skin.graphics.RowCanvas.drawLayer(RowCanvas.java:480) - JavaFX Application Thread
2026-04-20 14:58:37,699 [ERROR] in JavaFX Application Thread - 	at impl.com.flexganttfx.skin.graphics.RowCanvas.drawModelLayers(RowCanvas.java:371) - JavaFX Application Thread
2026-04-20 14:58:37,699 [ERROR] in JavaFX Application Thread - 	at impl.com.flexganttfx.skin.graphics.RowCanvas.draw(RowCanvas.java:300) - JavaFX Application Thread
2026-04-20 14:58:37,699 [ERROR] in JavaFX Application Thread - 	at com.flexganttfx.view.graphics.GraphicsBase.lambda$new$23(GraphicsBase.java:635) - JavaFX Application Thread
2026-04-20 14:58:37,699 [ERROR] in JavaFX Application Thread - 	at javafx.scene.Scene$ScenePulseListener.pulse(Scene.java:2728) - JavaFX Application Thread
2026-04-20 14:58:37,699 [ERROR] in JavaFX Application Thread - 	at com.sun.javafx.tk.Toolkit.runPulse(Toolkit.java:382) - JavaFX Application Thread
2026-04-20 14:58:37,699 [ERROR] in JavaFX Application Thread - 	at com.sun.javafx.tk.Toolkit.firePulse(Toolkit.java:407) - JavaFX Application Thread
2026-04-20 14:58:37,699 [ERROR] in JavaFX Application Thread - 	at com.sun.javafx.tk.quantum.QuantumToolkit.pulse(QuantumToolkit.java:601) - JavaFX Application Thread
2026-04-20 14:58:37,699 [ERROR] in JavaFX Application Thread - 	at com.sun.javafx.tk.quantum.QuantumToolkit.pulse(QuantumToolkit.java:581) - JavaFX Application Thread
2026-04-20 14:58:37,699 [ERROR] in JavaFX Application Thread - 	at com.sun.javafx.tk.quantum.QuantumToolkit.pulseFromQueue(QuantumToolkit.java:574) - JavaFX Application Thread
2026-04-20 14:58:37,699 [ERROR] in JavaFX Application Thread - 	at com.sun.javafx.tk.quantum.QuantumToolkit.lambda$runToolkit$0(QuantumToolkit.java:351) - JavaFX Application Thread
2026-04-20 14:58:37,699 [ERROR] in JavaFX Application Thread - 	at com.sun.glass.ui.monocle.RunnableProcessor.runLoop(RunnableProcessor.java:92) - JavaFX Application Thread
2026-04-20 14:58:37,699 [ERROR] in JavaFX Application Thread - 	at com.sun.glass.ui.monocle.RunnableProcessor.run(RunnableProcessor.java:51) - JavaFX Application Thread
2026-04-20 14:58:37,699 [ERROR] in JavaFX Application Thread - 	at java.base/java.lang.Thread.run(Thread.java:1474) - JavaFX Application Thread
2026-04-20 14:58:37,716 [ERROR] in JavaFX Application Thread - Exception in thread "JavaFX Application Thread" java.lang.ClassCastException: class com.flexganttfx.sprint.model.TaskActivity cannot be cast to class com.flexganttfx.sprint.model.UserStory (com.flexganttfx.sprint.model.TaskActivity and com.flexganttfx.sprint.model.UserStory are in unnamed module of loader 'app') - JavaFX Application Thread
2026-04-20 14:58:37,716 [ERROR] in JavaFX Application Thread - 	at com.flexganttfx.sprint.renderer.UserStoryRenderer.drawActivity(UserStoryRenderer.java:38) - JavaFX Application Thread
2026-04-20 14:58:37,716 [ERROR] in JavaFX Application Thread - 	at com.flexganttfx.view.graphics.renderer.ActivityRenderer.draw(ActivityRenderer.java:70) - JavaFX Application Thread
2026-04-20 14:58:37,716 [ERROR] in JavaFX Application Thread - 	at impl.com.flexganttfx.skin.graphics.RowCanvas.drawActivity(RowCanvas.java:772) - JavaFX Application Thread
2026-04-20 14:58:37,716 [ERROR] in JavaFX Application Thread - 	at impl.com.flexganttfx.skin.graphics.RowCanvas.drawLayer(RowCanvas.java:480) - JavaFX Application Thread
2026-04-20 14:58:37,716 [ERROR] in JavaFX Application Thread - 	at impl.com.flexganttfx.skin.graphics.RowCanvas.drawModelLayers(RowCanvas.java:371) - JavaFX Application Thread
2026-04-20 14:58:37,716 [ERROR] in JavaFX Application Thread - 	at impl.com.flexganttfx.skin.graphics.RowCanvas.draw(RowCanvas.java:300) - JavaFX Application Thread
2026-04-20 14:58:37,716 [ERROR] in JavaFX Application Thread - 	at com.flexganttfx.view.graphics.GraphicsBase.lambda$new$23(GraphicsBase.java:635) - JavaFX Application Thread
2026-04-20 14:58:37,716 [ERROR] in JavaFX Application Thread - 	at javafx.scene.Scene$ScenePulseListener.pulse(Scene.java:2728) - JavaFX Application Thread
2026-04-20 14:58:37,716 [ERROR] in JavaFX Application Thread - 	at com.sun.javafx.tk.Toolkit.runPulse(Toolkit.java:382) - JavaFX Application Thread
2026-04-20 14:58:37,716 [ERROR] in JavaFX Application Thread - 	at com.sun.javafx.tk.Toolkit.firePulse(Toolkit.java:407) - JavaFX Application Thread
2026-04-20 14:58:37,716 [ERROR] in JavaFX Application Thread - 	at com.sun.javafx.tk.quantum.QuantumToolkit.pulse(QuantumToolkit.java:601) - JavaFX Application Thread
2026-04-20 14:58:37,716 [ERROR] in JavaFX Application Thread - 	at com.sun.javafx.tk.quantum.QuantumToolkit.pulse(QuantumToolkit.java:581) - JavaFX Application Thread
2026-04-20 14:58:37,716 [ERROR] in JavaFX Application Thread - 	at com.sun.javafx.tk.quantum.QuantumToolkit.pulseFromQueue(QuantumToolkit.java:574) - JavaFX Application Thread
2026-04-20 14:58:37,716 [ERROR] in JavaFX Application Thread - 	at com.sun.javafx.tk.quantum.QuantumToolkit.lambda$runToolkit$0(QuantumToolkit.java:351) - JavaFX Application Thread
2026-04-20 14:58:37,716 [ERROR] in JavaFX Application Thread - 	at com.sun.glass.ui.monocle.RunnableProcessor.runLoop(RunnableProcessor.java:92) - JavaFX Application Thread
2026-04-20 14:58:37,716 [ERROR] in JavaFX Application Thread - 	at com.sun.glass.ui.monocle.RunnableProcessor.run(RunnableProcessor.java:51) - JavaFX Application Thread
2026-04-20 14:58:37,716 [ERROR] in JavaFX Application Thread - 	at java.base/java.lang.Thread.run(Thread.java:1474) - JavaFX Application Thread
2026-04-20 14:58:37,729 [ERROR] in JavaFX Application Thread - Exception in thread "JavaFX Application Thread" java.lang.ClassCastException: class com.flexganttfx.sprint.model.TaskActivity cannot be cast to class com.flexganttfx.sprint.model.UserStory (com.flexganttfx.sprint.model.TaskActivity and com.flexganttfx.sprint.model.UserStory are in unnamed module of loader 'app') - JavaFX Application Thread
2026-04-20 14:58:37,729 [ERROR] in JavaFX Application Thread - 	at com.flexganttfx.sprint.renderer.UserStoryRenderer.drawActivity(UserStoryRenderer.java:38) - JavaFX Application Thread
2026-04-20 14:58:37,729 [ERROR] in JavaFX Application Thread - 	at com.flexganttfx.view.graphics.renderer.ActivityRenderer.draw(ActivityRenderer.java:70) - JavaFX Application Thread
2026-04-20 14:58:37,729 [ERROR] in JavaFX Application Thread - 	at impl.com.flexganttfx.skin.graphics.RowCanvas.drawActivity(RowCanvas.java:772) - JavaFX Application Thread
2026-04-20 14:58:37,729 [ERROR] in JavaFX Application Thread - 	at impl.com.flexganttfx.skin.graphics.RowCanvas.drawLayer(RowCanvas.java:480) - JavaFX Application Thread
2026-04-20 14:58:37,729 [ERROR] in JavaFX Application Thread - 	at impl.com.flexganttfx.skin.graphics.RowCanvas.drawModelLayers(RowCanvas.java:371) - JavaFX Application Thread
2026-04-20 14:58:37,729 [ERROR] in JavaFX Application Thread - 	at impl.com.flexganttfx.skin.graphics.RowCanvas.draw(RowCanvas.java:300) - JavaFX Application Thread
2026-04-20 14:58:37,729 [ERROR] in JavaFX Application Thread - 	at com.flexganttfx.view.graphics.GraphicsBase.lambda$new$23(GraphicsBase.java:635) - JavaFX Application Thread
2026-04-20 14:58:37,730 [ERROR] in JavaFX Application Thread - 	at javafx.scene.Scene$ScenePulseListener.pulse(Scene.java:2728) - JavaFX Application Thread
2026-04-20 14:58:37,730 [ERROR] in JavaFX Application Thread - 	at com.sun.javafx.tk.Toolkit.runPulse(Toolkit.java:382) - JavaFX Application Thread
2026-04-20 14:58:37,730 [ERROR] in JavaFX Application Thread - 	at com.sun.javafx.tk.Toolkit.firePulse(Toolkit.java:407) - JavaFX Application Thread
2026-04-20 14:58:37,730 [ERROR] in JavaFX Application Thread - 	at com.sun.javafx.tk.quantum.QuantumToolkit.pulse(QuantumToolkit.java:601) - JavaFX Application Thread
2026-04-20 14:58:37,730 [ERROR] in JavaFX Application Thread - 	at com.sun.javafx.tk.quantum.QuantumToolkit.pulse(QuantumToolkit.java:581) - JavaFX Application Thread
2026-04-20 14:58:37,730 [ERROR] in JavaFX Application Thread - 	at com.sun.javafx.tk.quantum.QuantumToolkit.pulseFromQueue(QuantumToolkit.java:574) - JavaFX Application Thread
2026-04-20 14:58:37,730 [ERROR] in JavaFX Application Thread - 	at com.sun.javafx.tk.quantum.QuantumToolkit.lambda$runToolkit$0(QuantumToolkit.java:351) - JavaFX Application Thread
2026-04-20 14:58:37,730 [ERROR] in JavaFX Application Thread - 	at com.sun.glass.ui.monocle.RunnableProcessor.runLoop(RunnableProcessor.java:92) - JavaFX Application Thread
2026-04-20 14:58:37,730 [ERROR] in JavaFX Application Thread - 	at com.sun.glass.ui.monocle.RunnableProcessor.run(RunnableProcessor.java:51) - JavaFX Application Thread
2026-04-20 14:58:37,730 [ERROR] in JavaFX Application Thread - 	at java.base/java.lang.Thread.run(Thread.java:1474) - JavaFX Application Thread
2026-04-20 14:58:37,748 [ERROR] in JavaFX Application Thread - Exception in thread "JavaFX Application Thread" java.lang.ClassCastException: class com.flexganttfx.sprint.model.TaskActivity cannot be cast to class com.flexganttfx.sprint.model.UserStory (com.flexganttfx.sprint.model.TaskActivity and com.flexganttfx.sprint.model.UserStory are in unnamed module of loader 'app') - JavaFX Application Thread
2026-04-20 14:58:37,748 [ERROR] in JavaFX Application Thread - 	at com.flexganttfx.sprint.renderer.UserStoryRenderer.drawActivity(UserStoryRenderer.java:38) - JavaFX Application Thread
2026-04-20 14:58:37,748 [ERROR] in JavaFX Application Thread - 	at com.flexganttfx.view.graphics.renderer.ActivityRenderer.draw(ActivityRenderer.java:70) - JavaFX Application Thread
2026-04-20 14:58:37,748 [ERROR] in JavaFX Application Thread - 	at impl.com.flexganttfx.skin.graphics.RowCanvas.drawActivity(RowCanvas.java:772) - JavaFX Application Thread
2026-04-20 14:58:37,748 [ERROR] in JavaFX Application Thread - 	at impl.com.flexganttfx.skin.graphics.RowCanvas.drawLayer(RowCanvas.java:480) - JavaFX Application Thread
2026-04-20 14:58:37,748 [ERROR] in JavaFX Application Thread - 	at impl.com.flexganttfx.skin.graphics.RowCanvas.drawModelLayers(RowCanvas.java:371) - JavaFX Application Thread
2026-04-20 14:58:37,748 [ERROR] in JavaFX Application Thread - 	at impl.com.flexganttfx.skin.graphics.RowCanvas.draw(RowCanvas.java:300) - JavaFX Application Thread
2026-04-20 14:58:37,748 [ERROR] in JavaFX Application Thread - 	at com.flexganttfx.view.graphics.GraphicsBase.lambda$new$23(GraphicsBase.java:635) - JavaFX Application Thread
2026-04-20 14:58:37,748 [ERROR] in JavaFX Application Thread - 	at javafx.scene.Scene$ScenePulseListener.pulse(Scene.java:2728) - JavaFX Application Thread
2026-04-20 14:58:37,748 [ERROR] in JavaFX Application Thread - 	at com.sun.javafx.tk.Toolkit.runPulse(Toolkit.java:382) - JavaFX Application Thread
2026-04-20 14:58:37,748 [ERROR] in JavaFX Application Thread - 	at com.sun.javafx.tk.Toolkit.firePulse(Toolkit.java:407) - JavaFX Application Thread
2026-04-20 14:58:37,748 [ERROR] in JavaFX Application Thread - 	at com.sun.javafx.tk.quantum.QuantumToolkit.pulse(QuantumToolkit.java:601) - JavaFX Application Thread
2026-04-20 14:58:37,748 [ERROR] in JavaFX Application Thread - 	at com.sun.javafx.tk.quantum.QuantumToolkit.pulse(QuantumToolkit.java:581) - JavaFX Application Thread
2026-04-20 14:58:37,748 [ERROR] in JavaFX Application Thread - 	at com.sun.javafx.tk.quantum.QuantumToolkit.pulseFromQueue(QuantumToolkit.java:574) - JavaFX Application Thread
2026-04-20 14:58:37,748 [ERROR] in JavaFX Application Thread - 	at com.sun.javafx.tk.quantum.QuantumToolkit.lambda$runToolkit$0(QuantumToolkit.java:351) - JavaFX Application Thread
2026-04-20 14:58:37,748 [ERROR] in JavaFX Application Thread - 	at com.sun.glass.ui.monocle.RunnableProcessor.runLoop(RunnableProcessor.java:92) - JavaFX Application Thread
2026-04-20 14:58:37,748 [ERROR] in JavaFX Application Thread - 	at com.sun.glass.ui.monocle.RunnableProcessor.run(RunnableProcessor.java:51) - JavaFX Application Thread
2026-04-20 14:58:37,748 [ERROR] in JavaFX Application Thread - 	at java.base/java.lang.Thread.run(Thread.java:1474) - JavaFX Application Thread
2026-04-20 14:58:38,661 [ERROR] in JavaFX Application Thread - Exception in thread "JavaFX Application Thread" java.lang.ClassCastException: class com.flexganttfx.sprint.model.TaskActivity cannot be cast to class com.flexganttfx.sprint.model.UserStory (com.flexganttfx.sprint.model.TaskActivity and com.flexganttfx.sprint.model.UserStory are in unnamed module of loader 'app') - JavaFX Application Thread
2026-04-20 14:58:38,661 [ERROR] in JavaFX Application Thread - 	at com.flexganttfx.sprint.renderer.UserStoryRenderer.drawActivity(UserStoryRenderer.java:38) - JavaFX Application Thread
2026-04-20 14:58:38,661 [ERROR] in JavaFX Application Thread - 	at com.flexganttfx.view.graphics.renderer.ActivityRenderer.draw(ActivityRenderer.java:70) - JavaFX Application Thread
2026-04-20 14:58:38,661 [ERROR] in JavaFX Application Thread - 	at impl.com.flexganttfx.skin.graphics.RowCanvas.drawActivity(RowCanvas.java:772) - JavaFX Application Thread
2026-04-20 14:58:38,661 [ERROR] in JavaFX Application Thread - 	at impl.com.flexganttfx.skin.graphics.RowCanvas.drawLayer(RowCanvas.java:480) - JavaFX Application Thread
2026-04-20 14:58:38,661 [ERROR] in JavaFX Application Thread - 	at impl.com.flexganttfx.skin.graphics.RowCanvas.drawModelLayers(RowCanvas.java:371) - JavaFX Application Thread
2026-04-20 14:58:38,661 [ERROR] in JavaFX Application Thread - 	at impl.com.flexganttfx.skin.graphics.RowCanvas.draw(RowCanvas.java:300) - JavaFX Application Thread
2026-04-20 14:58:38,661 [ERROR] in JavaFX Application Thread - 	at com.flexganttfx.view.graphics.GraphicsBase.lambda$new$23(GraphicsBase.java:635) - JavaFX Application Thread
2026-04-20 14:58:38,661 [ERROR] in JavaFX Application Thread - 	at javafx.scene.Scene$ScenePulseListener.pulse(Scene.java:2728) - JavaFX Application Thread
2026-04-20 14:58:38,661 [ERROR] in JavaFX Application Thread - 	at com.sun.javafx.tk.Toolkit.runPulse(Toolkit.java:382) - JavaFX Application Thread
2026-04-20 14:58:38,661 [ERROR] in JavaFX Application Thread - 	at com.sun.javafx.tk.Toolkit.firePulse(Toolkit.java:407) - JavaFX Application Thread
2026-04-20 14:58:38,661 [ERROR] in JavaFX Application Thread - 	at com.sun.javafx.tk.quantum.QuantumToolkit.pulse(QuantumToolkit.java:601) - JavaFX Application Thread
2026-04-20 14:58:38,661 [ERROR] in JavaFX Application Thread - 	at com.sun.javafx.tk.quantum.QuantumToolkit.pulse(QuantumToolkit.java:581) - JavaFX Application Thread
2026-04-20 14:58:38,661 [ERROR] in JavaFX Application Thread - 	at com.sun.javafx.tk.quantum.QuantumToolkit.pulseFromQueue(QuantumToolkit.java:574) - JavaFX Application Thread
2026-04-20 14:58:38,661 [ERROR] in JavaFX Application Thread - 	at com.sun.javafx.tk.quantum.QuantumToolkit.lambda$runToolkit$0(QuantumToolkit.java:351) - JavaFX Application Thread
2026-04-20 14:58:38,661 [ERROR] in JavaFX Application Thread - 	at com.sun.glass.ui.monocle.RunnableProcessor.runLoop(RunnableProcessor.java:92) - JavaFX Application Thread
2026-04-20 14:58:38,661 [ERROR] in JavaFX Application Thread - 	at com.sun.glass.ui.monocle.RunnableProcessor.run(RunnableProcessor.java:51) - JavaFX Application Thread
2026-04-20 14:58:38,662 [ERROR] in JavaFX Application Thread - 	at java.base/java.lang.Thread.run(Thread.java:1474) - JavaFX Application Thread
2026-04-20 14:58:38,675 [ERROR] in JavaFX Application Thread - Exception in thread "JavaFX Application Thread" java.lang.ClassCastException: class com.flexganttfx.sprint.model.TaskActivity cannot be cast to class com.flexganttfx.sprint.model.UserStory (com.flexganttfx.sprint.model.TaskActivity and com.flexganttfx.sprint.model.UserStory are in unnamed module of loader 'app') - JavaFX Application Thread
2026-04-20 14:58:38,676 [ERROR] in JavaFX Application Thread - 	at com.flexganttfx.sprint.renderer.UserStoryRenderer.drawActivity(UserStoryRenderer.java:38) - JavaFX Application Thread
2026-04-20 14:58:38,676 [ERROR] in JavaFX Application Thread - 	at com.flexganttfx.view.graphics.renderer.ActivityRenderer.draw(ActivityRenderer.java:70) - JavaFX Application Thread
2026-04-20 14:58:38,676 [ERROR] in JavaFX Application Thread - 	at impl.com.flexganttfx.skin.graphics.RowCanvas.drawActivity(RowCanvas.java:772) - JavaFX Application Thread
2026-04-20 14:58:38,676 [ERROR] in JavaFX Application Thread - 	at impl.com.flexganttfx.skin.graphics.RowCanvas.drawLayer(RowCanvas.java:480) - JavaFX Application Thread
2026-04-20 14:58:38,676 [ERROR] in JavaFX Application Thread - 	at impl.com.flexganttfx.skin.graphics.RowCanvas.drawModelLayers(RowCanvas.java:371) - JavaFX Application Thread
2026-04-20 14:58:38,676 [ERROR] in JavaFX Application Thread - 	at impl.com.flexganttfx.skin.graphics.RowCanvas.draw(RowCanvas.java:300) - JavaFX Application Thread
2026-04-20 14:58:38,676 [ERROR] in JavaFX Application Thread - 	at com.flexganttfx.view.graphics.GraphicsBase.lambda$new$23(GraphicsBase.java:635) - JavaFX Application Thread
2026-04-20 14:58:38,676 [ERROR] in JavaFX Application Thread - 	at javafx.scene.Scene$ScenePulseListener.pulse(Scene.java:2728) - JavaFX Application Thread
2026-04-20 14:58:38,676 [ERROR] in JavaFX Application Thread - 	at com.sun.javafx.tk.Toolkit.runPulse(Toolkit.java:382) - JavaFX Application Thread
2026-04-20 14:58:38,676 [ERROR] in JavaFX Application Thread - 	at com.sun.javafx.tk.Toolkit.firePulse(Toolkit.java:407) - JavaFX Application Thread
2026-04-20 14:58:38,676 [ERROR] in JavaFX Application Thread - 	at com.sun.javafx.tk.quantum.QuantumToolkit.pulse(QuantumToolkit.java:601) - JavaFX Application Thread
2026-04-20 14:58:38,676 [ERROR] in JavaFX Application Thread - 	at com.sun.javafx.tk.quantum.QuantumToolkit.pulse(QuantumToolkit.java:581) - JavaFX Application Thread
2026-04-20 14:58:38,676 [ERROR] in JavaFX Application Thread - 	at com.sun.javafx.tk.quantum.QuantumToolkit.pulseFromQueue(QuantumToolkit.java:574) - JavaFX Application Thread
2026-04-20 14:58:38,676 [ERROR] in JavaFX Application Thread - 	at com.sun.javafx.tk.quantum.QuantumToolkit.lambda$runToolkit$0(QuantumToolkit.java:351) - JavaFX Application Thread
2026-04-20 14:58:38,676 [ERROR] in JavaFX Application Thread - 	at com.sun.glass.ui.monocle.RunnableProcessor.runLoop(RunnableProcessor.java:92) - JavaFX Application Thread
2026-04-20 14:58:38,676 [ERROR] in JavaFX Application Thread - 	at com.sun.glass.ui.monocle.RunnableProcessor.run(RunnableProcessor.java:51) - JavaFX Application Thread
2026-04-20 14:58:38,676 [ERROR] in JavaFX Application Thread - 	at java.base/java.lang.Thread.run(Thread.java:1474) - JavaFX Application Thread
2026-04-20 14:58:38,691 [ERROR] in JavaFX Application Thread - Exception in thread "JavaFX Application Thread" java.lang.ClassCastException: class com.flexganttfx.sprint.model.TaskActivity cannot be cast to class com.flexganttfx.sprint.model.UserStory (com.flexganttfx.sprint.model.TaskActivity and com.flexganttfx.sprint.model.UserStory are in unnamed module of loader 'app') - JavaFX Application Thread
2026-04-20 14:58:38,691 [ERROR] in JavaFX Application Thread - 	at com.flexganttfx.sprint.renderer.UserStoryRenderer.drawActivity(UserStoryRenderer.java:38) - JavaFX Application Thread
2026-04-20 14:58:38,691 [ERROR] in JavaFX Application Thread - 	at com.flexganttfx.view.graphics.renderer.ActivityRenderer.draw(ActivityRenderer.java:70) - JavaFX Application Thread
2026-04-20 14:58:38,691 [ERROR] in JavaFX Application Thread - 	at impl.com.flexganttfx.skin.graphics.RowCanvas.drawActivity(RowCanvas.java:772) - JavaFX Application Thread
2026-04-20 14:58:38,691 [ERROR] in JavaFX Application Thread - 	at impl.com.flexganttfx.skin.graphics.RowCanvas.drawLayer(RowCanvas.java:480) - JavaFX Application Thread
2026-04-20 14:58:38,692 [ERROR] in JavaFX Application Thread - 	at impl.com.flexganttfx.skin.graphics.RowCanvas.drawModelLayers(RowCanvas.java:371) - JavaFX Application Thread
2026-04-20 14:58:38,692 [ERROR] in JavaFX Application Thread - 	at impl.com.flexganttfx.skin.graphics.RowCanvas.draw(RowCanvas.java:300) - JavaFX Application Thread
2026-04-20 14:58:38,692 [ERROR] in JavaFX Application Thread - 	at com.flexganttfx.view.graphics.GraphicsBase.lambda$new$23(GraphicsBase.java:635) - JavaFX Application Thread
2026-04-20 14:58:38,692 [ERROR] in JavaFX Application Thread - 	at javafx.scene.Scene$ScenePulseListener.pulse(Scene.java:2728) - JavaFX Application Thread
2026-04-20 14:58:38,692 [ERROR] in JavaFX Application Thread - 	at com.sun.javafx.tk.Toolkit.runPulse(Toolkit.java:382) - JavaFX Application Thread
2026-04-20 14:58:38,692 [ERROR] in JavaFX Application Thread - 	at com.sun.javafx.tk.Toolkit.firePulse(Toolkit.java:407) - JavaFX Application Thread
2026-04-20 14:58:38,692 [ERROR] in JavaFX Application Thread - 	at com.sun.javafx.tk.quantum.QuantumToolkit.pulse(QuantumToolkit.java:601) - JavaFX Application Thread
2026-04-20 14:58:38,692 [ERROR] in JavaFX Application Thread - 	at com.sun.javafx.tk.quantum.QuantumToolkit.pulse(QuantumToolkit.java:581) - JavaFX Application Thread
2026-04-20 14:58:38,692 [ERROR] in JavaFX Application Thread - 	at com.sun.javafx.tk.quantum.QuantumToolkit.pulseFromQueue(QuantumToolkit.java:574) - JavaFX Application Thread
2026-04-20 14:58:38,692 [ERROR] in JavaFX Application Thread - 	at com.sun.javafx.tk.quantum.QuantumToolkit.lambda$runToolkit$0(QuantumToolkit.java:351) - JavaFX Application Thread
2026-04-20 14:58:38,692 [ERROR] in JavaFX Application Thread - 	at com.sun.glass.ui.monocle.RunnableProcessor.runLoop(RunnableProcessor.java:92) - JavaFX Application Thread
2026-04-20 14:58:38,692 [ERROR] in JavaFX Application Thread - 	at com.sun.glass.ui.monocle.RunnableProcessor.run(RunnableProcessor.java:51) - JavaFX Application Thread
2026-04-20 14:58:38,692 [ERROR] in JavaFX Application Thread - 	at java.base/java.lang.Thread.run(Thread.java:1474) - JavaFX Application Thread
2026-04-20 14:58:38,707 [ERROR] in JavaFX Application Thread - Exception in thread "JavaFX Application Thread" java.lang.ClassCastException: class com.flexganttfx.sprint.model.TaskActivity cannot be cast to class com.flexganttfx.sprint.model.UserStory (com.flexganttfx.sprint.model.TaskActivity and com.flexganttfx.sprint.model.UserStory are in unnamed module of loader 'app') - JavaFX Application Thread
2026-04-20 14:58:38,707 [ERROR] in JavaFX Application Thread - 	at com.flexganttfx.sprint.renderer.UserStoryRenderer.drawActivity(UserStoryRenderer.java:38) - JavaFX Application Thread
2026-04-20 14:58:38,707 [ERROR] in JavaFX Application Thread - 	at com.flexganttfx.view.graphics.renderer.ActivityRenderer.draw(ActivityRenderer.java:70) - JavaFX Application Thread
2026-04-20 14:58:38,707 [ERROR] in JavaFX Application Thread - 	at impl.com.flexganttfx.skin.graphics.RowCanvas.drawActivity(RowCanvas.java:772) - JavaFX Application Thread
2026-04-20 14:58:38,707 [ERROR] in JavaFX Application Thread - 	at impl.com.flexganttfx.skin.graphics.RowCanvas.drawLayer(RowCanvas.java:480) - JavaFX Application Thread
2026-04-20 14:58:38,707 [ERROR] in JavaFX Application Thread - 	at impl.com.flexganttfx.skin.graphics.RowCanvas.drawModelLayers(RowCanvas.java:371) - JavaFX Application Thread
2026-04-20 14:58:38,707 [ERROR] in JavaFX Application Thread - 	at impl.com.flexganttfx.skin.graphics.RowCanvas.draw(RowCanvas.java:300) - JavaFX Application Thread
2026-04-20 14:58:38,707 [ERROR] in JavaFX Application Thread - 	at com.flexganttfx.view.graphics.GraphicsBase.lambda$new$23(GraphicsBase.java:635) - JavaFX Application Thread
2026-04-20 14:58:38,707 [ERROR] in JavaFX Application Thread - 	at javafx.scene.Scene$ScenePulseListener.pulse(Scene.java:2728) - JavaFX Application Thread
2026-04-20 14:58:38,707 [ERROR] in JavaFX Application Thread - 	at com.sun.javafx.tk.Toolkit.runPulse(Toolkit.java:382) - JavaFX Application Thread
2026-04-20 14:58:38,707 [ERROR] in JavaFX Application Thread - 	at com.sun.javafx.tk.Toolkit.firePulse(Toolkit.java:407) - JavaFX Application Thread
2026-04-20 14:58:38,707 [ERROR] in JavaFX Application Thread - 	at com.sun.javafx.tk.quantum.QuantumToolkit.pulse(QuantumToolkit.java:601) - JavaFX Application Thread
2026-04-20 14:58:38,707 [ERROR] in JavaFX Application Thread - 	at com.sun.javafx.tk.quantum.QuantumToolkit.pulse(QuantumToolkit.java:581) - JavaFX Application Thread
2026-04-20 14:58:38,707 [ERROR] in JavaFX Application Thread - 	at com.sun.javafx.tk.quantum.QuantumToolkit.pulseFromQueue(QuantumToolkit.java:574) - JavaFX Application Thread
2026-04-20 14:58:38,707 [ERROR] in JavaFX Application Thread - 	at com.sun.javafx.tk.quantum.QuantumToolkit.lambda$runToolkit$0(QuantumToolkit.java:351) - JavaFX Application Thread
2026-04-20 14:58:38,707 [ERROR] in JavaFX Application Thread - 	at com.sun.glass.ui.monocle.RunnableProcessor.runLoop(RunnableProcessor.java:92) - JavaFX Application Thread
2026-04-20 14:58:38,707 [ERROR] in JavaFX Application Thread - 	at com.sun.glass.ui.monocle.RunnableProcessor.run(RunnableProcessor.java:51) - JavaFX Application Thread
2026-04-20 14:58:38,708 [ERROR] in JavaFX Application Thread - 	at java.base/java.lang.Thread.run(Thread.java:1474) - JavaFX Application Thread
2026-04-20 14:58:38,723 [ERROR] in JavaFX Application Thread - Exception in thread "JavaFX Application Thread" java.lang.ClassCastException: class com.flexganttfx.sprint.model.TaskActivity cannot be cast to class com.flexganttfx.sprint.model.UserStory (com.flexganttfx.sprint.model.TaskActivity and com.flexganttfx.sprint.model.UserStory are in unnamed module of loader 'app') - JavaFX Application Thread
2026-04-20 14:58:38,723 [ERROR] in JavaFX Application Thread - 	at com.flexganttfx.sprint.renderer.UserStoryRenderer.drawActivity(UserStoryRenderer.java:38) - JavaFX Application Thread
2026-04-20 14:58:38,723 [ERROR] in JavaFX Application Thread - 	at com.flexganttfx.view.graphics.renderer.ActivityRenderer.draw(ActivityRenderer.java:70) - JavaFX Application Thread
2026-04-20 14:58:38,723 [ERROR] in JavaFX Application Thread - 	at impl.com.flexganttfx.skin.graphics.RowCanvas.drawActivity(RowCanvas.java:772) - JavaFX Application Thread
2026-04-20 14:58:38,723 [ERROR] in JavaFX Application Thread - 	at impl.com.flexganttfx.skin.graphics.RowCanvas.drawLayer(RowCanvas.java:480) - JavaFX Application Thread
2026-04-20 14:58:38,723 [ERROR] in JavaFX Application Thread - 	at impl.com.flexganttfx.skin.graphics.RowCanvas.drawModelLayers(RowCanvas.java:371) - JavaFX Application Thread
2026-04-20 14:58:38,723 [ERROR] in JavaFX Application Thread - 	at impl.com.flexganttfx.skin.graphics.RowCanvas.draw(RowCanvas.java:300) - JavaFX Application Thread
2026-04-20 14:58:38,723 [ERROR] in JavaFX Application Thread - 	at com.flexganttfx.view.graphics.GraphicsBase.lambda$new$23(GraphicsBase.java:635) - JavaFX Application Thread
2026-04-20 14:58:38,723 [ERROR] in JavaFX Application Thread - 	at javafx.scene.Scene$ScenePulseListener.pulse(Scene.java:2728) - JavaFX Application Thread
2026-04-20 14:58:38,723 [ERROR] in JavaFX Application Thread - 	at com.sun.javafx.tk.Toolkit.runPulse(Toolkit.java:382) - JavaFX Application Thread
2026-04-20 14:58:38,723 [ERROR] in JavaFX Application Thread - 	at com.sun.javafx.tk.Toolkit.firePulse(Toolkit.java:407) - JavaFX Application Thread
2026-04-20 14:58:38,723 [ERROR] in JavaFX Application Thread - 	at com.sun.javafx.tk.quantum.QuantumToolkit.pulse(QuantumToolkit.java:601) - JavaFX Application Thread
2026-04-20 14:58:38,723 [ERROR] in JavaFX Application Thread - 	at com.sun.javafx.tk.quantum.QuantumToolkit.pulse(QuantumToolkit.java:581) - JavaFX Application Thread
2026-04-20 14:58:38,723 [ERROR] in JavaFX Application Thread - 	at com.sun.javafx.tk.quantum.QuantumToolkit.pulseFromQueue(QuantumToolkit.java:574) - JavaFX Application Thread
2026-04-20 14:58:38,723 [ERROR] in JavaFX Application Thread - 	at com.sun.javafx.tk.quantum.QuantumToolkit.lambda$runToolkit$0(QuantumToolkit.java:351) - JavaFX Application Thread
2026-04-20 14:58:38,723 [ERROR] in JavaFX Application Thread - 	at com.sun.glass.ui.monocle.RunnableProcessor.runLoop(RunnableProcessor.java:92) - JavaFX Application Thread
2026-04-20 14:58:38,723 [ERROR] in JavaFX Application Thread - 	at com.sun.glass.ui.monocle.RunnableProcessor.run(RunnableProcessor.java:51) - JavaFX Application Thread
2026-04-20 14:58:38,723 [ERROR] in JavaFX Application Thread - 	at java.base/java.lang.Thread.run(Thread.java:1474) - JavaFX Application Thread
2026-04-20 14:58:38,756 [ERROR] in JavaFX Application Thread - Exception in thread "JavaFX Application Thread" java.lang.ClassCastException: class com.flexganttfx.sprint.model.TaskActivity cannot be cast to class com.flexganttfx.sprint.model.UserStory (com.flexganttfx.sprint.model.TaskActivity and com.flexganttfx.sprint.model.UserStory are in unnamed module of loader 'app') - JavaFX Application Thread
2026-04-20 14:58:38,756 [ERROR] in JavaFX Application Thread - 	at com.flexganttfx.sprint.renderer.UserStoryRenderer.drawActivity(UserStoryRenderer.java:38) - JavaFX Application Thread
2026-04-20 14:58:38,756 [ERROR] in JavaFX Application Thread - 	at com.flexganttfx.view.graphics.renderer.ActivityRenderer.draw(ActivityRenderer.java:70) - JavaFX Application Thread
2026-04-20 14:58:38,756 [ERROR] in JavaFX Application Thread - 	at impl.com.flexganttfx.skin.graphics.RowCanvas.drawActivity(RowCanvas.java:772) - JavaFX Application Thread
2026-04-20 14:58:38,756 [ERROR] in JavaFX Application Thread - 	at impl.com.flexganttfx.skin.graphics.RowCanvas.drawLayer(RowCanvas.java:480) - JavaFX Application Thread
2026-04-20 14:58:38,756 [ERROR] in JavaFX Application Thread - 	at impl.com.flexganttfx.skin.graphics.RowCanvas.drawModelLayers(RowCanvas.java:371) - JavaFX Application Thread
2026-04-20 14:58:38,756 [ERROR] in JavaFX Application Thread - 	at impl.com.flexganttfx.skin.graphics.RowCanvas.draw(RowCanvas.java:300) - JavaFX Application Thread
2026-04-20 14:58:38,756 [ERROR] in JavaFX Application Thread - 	at com.flexganttfx.view.graphics.GraphicsBase.lambda$new$23(GraphicsBase.java:635) - JavaFX Application Thread
2026-04-20 14:58:38,756 [ERROR] in JavaFX Application Thread - 	at javafx.scene.Scene$ScenePulseListener.pulse(Scene.java:2728) - JavaFX Application Thread
2026-04-20 14:58:38,756 [ERROR] in JavaFX Application Thread - 	at com.sun.javafx.tk.Toolkit.runPulse(Toolkit.java:382) - JavaFX Application Thread
2026-04-20 14:58:38,756 [ERROR] in JavaFX Application Thread - 	at com.sun.javafx.tk.Toolkit.firePulse(Toolkit.java:407) - JavaFX Application Thread
2026-04-20 14:58:38,756 [ERROR] in JavaFX Application Thread - 	at com.sun.javafx.tk.quantum.QuantumToolkit.pulse(QuantumToolkit.java:601) - JavaFX Application Thread
2026-04-20 14:58:38,756 [ERROR] in JavaFX Application Thread - 	at com.sun.javafx.tk.quantum.QuantumToolkit.pulse(QuantumToolkit.java:581) - JavaFX Application Thread
2026-04-20 14:58:38,756 [ERROR] in JavaFX Application Thread - 	at com.sun.javafx.tk.quantum.QuantumToolkit.pulseFromQueue(QuantumToolkit.java:574) - JavaFX Application Thread
2026-04-20 14:58:38,756 [ERROR] in JavaFX Application Thread - 	at com.sun.javafx.tk.quantum.QuantumToolkit.lambda$runToolkit$0(QuantumToolkit.java:351) - JavaFX Application Thread
2026-04-20 14:58:38,756 [ERROR] in JavaFX Application Thread - 	at com.sun.glass.ui.monocle.RunnableProcessor.runLoop(RunnableProcessor.java:92) - JavaFX Application Thread
2026-04-20 14:58:38,756 [ERROR] in JavaFX Application Thread - 	at com.sun.glass.ui.monocle.RunnableProcessor.run(RunnableProcessor.java:51) - JavaFX Application Thread
2026-04-20 14:58:38,756 [ERROR] in JavaFX Application Thread - 	at java.base/java.lang.Thread.run(Thread.java:1474) - JavaFX Application Thread
2026-04-20 14:58:38,769 [ERROR] in JavaFX Application Thread - Exception in thread "JavaFX Application Thread" java.lang.ClassCastException: class com.flexganttfx.sprint.model.TaskActivity cannot be cast to class com.flexganttfx.sprint.model.UserStory (com.flexganttfx.sprint.model.TaskActivity and com.flexganttfx.sprint.model.UserStory are in unnamed module of loader 'app') - JavaFX Application Thread
2026-04-20 14:58:38,769 [ERROR] in JavaFX Application Thread - 	at com.flexganttfx.sprint.renderer.UserStoryRenderer.drawActivity(UserStoryRenderer.java:38) - JavaFX Application Thread
2026-04-20 14:58:38,769 [ERROR] in JavaFX Application Thread - 	at com.flexganttfx.view.graphics.renderer.ActivityRenderer.draw(ActivityRenderer.java:70) - JavaFX Application Thread
2026-04-20 14:58:38,769 [ERROR] in JavaFX Application Thread - 	at impl.com.flexganttfx.skin.graphics.RowCanvas.drawActivity(RowCanvas.java:772) - JavaFX Application Thread
2026-04-20 14:58:38,769 [ERROR] in JavaFX Application Thread - 	at impl.com.flexganttfx.skin.graphics.RowCanvas.drawLayer(RowCanvas.java:480) - JavaFX Application Thread
2026-04-20 14:58:38,769 [ERROR] in JavaFX Application Thread - 	at impl.com.flexganttfx.skin.graphics.RowCanvas.drawModelLayers(RowCanvas.java:371) - JavaFX Application Thread
2026-04-20 14:58:38,770 [ERROR] in JavaFX Application Thread - 	at impl.com.flexganttfx.skin.graphics.RowCanvas.draw(RowCanvas.java:300) - JavaFX Application Thread
2026-04-20 14:58:38,770 [ERROR] in JavaFX Application Thread - 	at com.flexganttfx.view.graphics.GraphicsBase.lambda$new$23(GraphicsBase.java:635) - JavaFX Application Thread
2026-04-20 14:58:38,770 [ERROR] in JavaFX Application Thread - 	at javafx.scene.Scene$ScenePulseListener.pulse(Scene.java:2728) - JavaFX Application Thread
2026-04-20 14:58:38,770 [ERROR] in JavaFX Application Thread - 	at com.sun.javafx.tk.Toolkit.runPulse(Toolkit.java:382) - JavaFX Application Thread
2026-04-20 14:58:38,770 [ERROR] in JavaFX Application Thread - 	at com.sun.javafx.tk.Toolkit.firePulse(Toolkit.java:407) - JavaFX Application Thread
2026-04-20 14:58:38,770 [ERROR] in JavaFX Application Thread - 	at com.sun.javafx.tk.quantum.QuantumToolkit.pulse(QuantumToolkit.java:601) - JavaFX Application Thread
2026-04-20 14:58:38,770 [ERROR] in JavaFX Application Thread - 	at com.sun.javafx.tk.quantum.QuantumToolkit.pulse(QuantumToolkit.java:581) - JavaFX Application Thread
2026-04-20 14:58:38,770 [ERROR] in JavaFX Application Thread - 	at com.sun.javafx.tk.quantum.QuantumToolkit.pulseFromQueue(QuantumToolkit.java:574) - JavaFX Application Thread
2026-04-20 14:58:38,770 [ERROR] in JavaFX Application Thread - 	at com.sun.javafx.tk.quantum.QuantumToolkit.lambda$runToolkit$0(QuantumToolkit.java:351) - JavaFX Application Thread
2026-04-20 14:58:38,770 [ERROR] in JavaFX Application Thread - 	at com.sun.glass.ui.monocle.RunnableProcessor.runLoop(RunnableProcessor.java:92) - JavaFX Application Thread
2026-04-20 14:58:38,770 [ERROR] in JavaFX Application Thread - 	at com.sun.glass.ui.monocle.RunnableProcessor.run(RunnableProcessor.java:51) - JavaFX Application Thread
2026-04-20 14:58:38,770 [ERROR] in JavaFX Application Thread - 	at java.base/java.lang.Thread.run(Thread.java:1474) - JavaFX Application Thread
2026-04-20 14:58:38,789 [ERROR] in JavaFX Application Thread - Exception in thread "JavaFX Application Thread" java.lang.ClassCastException: class com.flexganttfx.sprint.model.TaskActivity cannot be cast to class com.flexganttfx.sprint.model.UserStory (com.flexganttfx.sprint.model.TaskActivity and com.flexganttfx.sprint.model.UserStory are in unnamed module of loader 'app') - JavaFX Application Thread
2026-04-20 14:58:38,789 [ERROR] in JavaFX Application Thread - 	at com.flexganttfx.sprint.renderer.UserStoryRenderer.drawActivity(UserStoryRenderer.java:38) - JavaFX Application Thread
2026-04-20 14:58:38,789 [ERROR] in JavaFX Application Thread - 	at com.flexganttfx.view.graphics.renderer.ActivityRenderer.draw(ActivityRenderer.java:70) - JavaFX Application Thread
2026-04-20 14:58:38,789 [ERROR] in JavaFX Application Thread - 	at impl.com.flexganttfx.skin.graphics.RowCanvas.drawActivity(RowCanvas.java:772) - JavaFX Application Thread
2026-04-20 14:58:38,789 [ERROR] in JavaFX Application Thread - 	at impl.com.flexganttfx.skin.graphics.RowCanvas.drawLayer(RowCanvas.java:480) - JavaFX Application Thread
2026-04-20 14:58:38,789 [ERROR] in JavaFX Application Thread - 	at impl.com.flexganttfx.skin.graphics.RowCanvas.drawModelLayers(RowCanvas.java:371) - JavaFX Application Thread
2026-04-20 14:58:38,789 [ERROR] in JavaFX Application Thread - 	at impl.com.flexganttfx.skin.graphics.RowCanvas.draw(RowCanvas.java:300) - JavaFX Application Thread
2026-04-20 14:58:38,789 [ERROR] in JavaFX Application Thread - 	at com.flexganttfx.view.graphics.GraphicsBase.lambda$new$23(GraphicsBase.java:635) - JavaFX Application Thread
2026-04-20 14:58:38,789 [ERROR] in JavaFX Application Thread - 	at javafx.scene.Scene$ScenePulseListener.pulse(Scene.java:2728) - JavaFX Application Thread
2026-04-20 14:58:38,789 [ERROR] in JavaFX Application Thread - 	at com.sun.javafx.tk.Toolkit.runPulse(Toolkit.java:382) - JavaFX Application Thread
2026-04-20 14:58:38,789 [ERROR] in JavaFX Application Thread - 	at com.sun.javafx.tk.Toolkit.firePulse(Toolkit.java:407) - JavaFX Application Thread
2026-04-20 14:58:38,789 [ERROR] in JavaFX Application Thread - 	at com.sun.javafx.tk.quantum.QuantumToolkit.pulse(QuantumToolkit.java:601) - JavaFX Application Thread
2026-04-20 14:58:38,789 [ERROR] in JavaFX Application Thread - 	at com.sun.javafx.tk.quantum.QuantumToolkit.pulse(QuantumToolkit.java:581) - JavaFX Application Thread
2026-04-20 14:58:38,789 [ERROR] in JavaFX Application Thread - 	at com.sun.javafx.tk.quantum.QuantumToolkit.pulseFromQueue(QuantumToolkit.java:574) - JavaFX Application Thread
2026-04-20 14:58:38,789 [ERROR] in JavaFX Application Thread - 	at com.sun.javafx.tk.quantum.QuantumToolkit.lambda$runToolkit$0(QuantumToolkit.java:351) - JavaFX Application Thread
2026-04-20 14:58:38,789 [ERROR] in JavaFX Application Thread - 	at com.sun.glass.ui.monocle.RunnableProcessor.runLoop(RunnableProcessor.java:92) - JavaFX Application Thread
2026-04-20 14:58:38,789 [ERROR] in JavaFX Application Thread - 	at com.sun.glass.ui.monocle.RunnableProcessor.run(RunnableProcessor.java:51) - JavaFX Application Thread
2026-04-20 14:58:38,789 [ERROR] in JavaFX Application Thread - 	at java.base/java.lang.Thread.run(Thread.java:1474) - JavaFX Application Thread
2026-04-20 14:58:38,804 [ERROR] in JavaFX Application Thread - Exception in thread "JavaFX Application Thread" java.lang.ClassCastException: class com.flexganttfx.sprint.model.TaskActivity cannot be cast to class com.flexganttfx.sprint.model.UserStory (com.flexganttfx.sprint.model.TaskActivity and com.flexganttfx.sprint.model.UserStory are in unnamed module of loader 'app') - JavaFX Application Thread
2026-04-20 14:58:38,804 [ERROR] in JavaFX Application Thread - 	at com.flexganttfx.sprint.renderer.UserStoryRenderer.drawActivity(UserStoryRenderer.java:38) - JavaFX Application Thread
2026-04-20 14:58:38,804 [ERROR] in JavaFX Application Thread - 	at com.flexganttfx.view.graphics.renderer.ActivityRenderer.draw(ActivityRenderer.java:70) - JavaFX Application Thread
2026-04-20 14:58:38,804 [ERROR] in JavaFX Application Thread - 	at impl.com.flexganttfx.skin.graphics.RowCanvas.drawActivity(RowCanvas.java:772) - JavaFX Application Thread
2026-04-20 14:58:38,804 [ERROR] in JavaFX Application Thread - 	at impl.com.flexganttfx.skin.graphics.RowCanvas.drawLayer(RowCanvas.java:480) - JavaFX Application Thread
2026-04-20 14:58:38,804 [ERROR] in JavaFX Application Thread - 	at impl.com.flexganttfx.skin.graphics.RowCanvas.drawModelLayers(RowCanvas.java:371) - JavaFX Application Thread
2026-04-20 14:58:38,804 [ERROR] in JavaFX Application Thread - 	at impl.com.flexganttfx.skin.graphics.RowCanvas.draw(RowCanvas.java:300) - JavaFX Application Thread
2026-04-20 14:58:38,804 [ERROR] in JavaFX Application Thread - 	at com.flexganttfx.view.graphics.GraphicsBase.lambda$new$23(GraphicsBase.java:635) - JavaFX Application Thread
2026-04-20 14:58:38,804 [ERROR] in JavaFX Application Thread - 	at javafx.scene.Scene$ScenePulseListener.pulse(Scene.java:2728) - JavaFX Application Thread
2026-04-20 14:58:38,804 [ERROR] in JavaFX Application Thread - 	at com.sun.javafx.tk.Toolkit.runPulse(Toolkit.java:382) - JavaFX Application Thread
2026-04-20 14:58:38,804 [ERROR] in JavaFX Application Thread - 	at com.sun.javafx.tk.Toolkit.firePulse(Toolkit.java:407) - JavaFX Application Thread
2026-04-20 14:58:38,804 [ERROR] in JavaFX Application Thread - 	at com.sun.javafx.tk.quantum.QuantumToolkit.pulse(QuantumToolkit.java:601) - JavaFX Application Thread
2026-04-20 14:58:38,804 [ERROR] in JavaFX Application Thread - 	at com.sun.javafx.tk.quantum.QuantumToolkit.pulse(QuantumToolkit.java:581) - JavaFX Application Thread
2026-04-20 14:58:38,804 [ERROR] in JavaFX Application Thread - 	at com.sun.javafx.tk.quantum.QuantumToolkit.pulseFromQueue(QuantumToolkit.java:574) - JavaFX Application Thread
2026-04-20 14:58:38,804 [ERROR] in JavaFX Application Thread - 	at com.sun.javafx.tk.quantum.QuantumToolkit.lambda$runToolkit$0(QuantumToolkit.java:351) - JavaFX Application Thread
2026-04-20 14:58:38,804 [ERROR] in JavaFX Application Thread - 	at com.sun.glass.ui.monocle.RunnableProcessor.runLoop(RunnableProcessor.java:92) - JavaFX Application Thread
2026-04-20 14:58:38,804 [ERROR] in JavaFX Application Thread - 	at com.sun.glass.ui.monocle.RunnableProcessor.run(RunnableProcessor.java:51) - JavaFX Application Thread
2026-04-20 14:58:38,804 [ERROR] in JavaFX Application Thread - 	at java.base/java.lang.Thread.run(Thread.java:1474) - JavaFX Application Thread
2026-04-20 14:58:38,820 [ERROR] in JavaFX Application Thread - Exception in thread "JavaFX Application Thread" java.lang.ClassCastException: class com.flexganttfx.sprint.model.TaskActivity cannot be cast to class com.flexganttfx.sprint.model.UserStory (com.flexganttfx.sprint.model.TaskActivity and com.flexganttfx.sprint.model.UserStory are in unnamed module of loader 'app') - JavaFX Application Thread
2026-04-20 14:58:38,820 [ERROR] in JavaFX Application Thread - 	at com.flexganttfx.sprint.renderer.UserStoryRenderer.drawActivity(UserStoryRenderer.java:38) - JavaFX Application Thread
2026-04-20 14:58:38,820 [ERROR] in JavaFX Application Thread - 	at com.flexganttfx.view.graphics.renderer.ActivityRenderer.draw(ActivityRenderer.java:70) - JavaFX Application Thread
2026-04-20 14:58:38,820 [ERROR] in JavaFX Application Thread - 	at impl.com.flexganttfx.skin.graphics.RowCanvas.drawActivity(RowCanvas.java:772) - JavaFX Application Thread
2026-04-20 14:58:38,820 [ERROR] in JavaFX Application Thread - 	at impl.com.flexganttfx.skin.graphics.RowCanvas.drawLayer(RowCanvas.java:480) - JavaFX Application Thread
2026-04-20 14:58:38,820 [ERROR] in JavaFX Application Thread - 	at impl.com.flexganttfx.skin.graphics.RowCanvas.drawModelLayers(RowCanvas.java:371) - JavaFX Application Thread
2026-04-20 14:58:38,820 [ERROR] in JavaFX Application Thread - 	at impl.com.flexganttfx.skin.graphics.RowCanvas.draw(RowCanvas.java:300) - JavaFX Application Thread
2026-04-20 14:58:38,820 [ERROR] in JavaFX Application Thread - 	at com.flexganttfx.view.graphics.GraphicsBase.lambda$new$23(GraphicsBase.java:635) - JavaFX Application Thread
2026-04-20 14:58:38,820 [ERROR] in JavaFX Application Thread - 	at javafx.scene.Scene$ScenePulseListener.pulse(Scene.java:2728) - JavaFX Application Thread
2026-04-20 14:58:38,820 [ERROR] in JavaFX Application Thread - 	at com.sun.javafx.tk.Toolkit.runPulse(Toolkit.java:382) - JavaFX Application Thread
2026-04-20 14:58:38,820 [ERROR] in JavaFX Application Thread - 	at com.sun.javafx.tk.Toolkit.firePulse(Toolkit.java:407) - JavaFX Application Thread
2026-04-20 14:58:38,820 [ERROR] in JavaFX Application Thread - 	at com.sun.javafx.tk.quantum.QuantumToolkit.pulse(QuantumToolkit.java:601) - JavaFX Application Thread
2026-04-20 14:58:38,820 [ERROR] in JavaFX Application Thread - 	at com.sun.javafx.tk.quantum.QuantumToolkit.pulse(QuantumToolkit.java:581) - JavaFX Application Thread
2026-04-20 14:58:38,820 [ERROR] in JavaFX Application Thread - 	at com.sun.javafx.tk.quantum.QuantumToolkit.pulseFromQueue(QuantumToolkit.java:574) - JavaFX Application Thread
2026-04-20 14:58:38,820 [ERROR] in JavaFX Application Thread - 	at com.sun.javafx.tk.quantum.QuantumToolkit.lambda$runToolkit$0(QuantumToolkit.java:351) - JavaFX Application Thread
2026-04-20 14:58:38,820 [ERROR] in JavaFX Application Thread - 	at com.sun.glass.ui.monocle.RunnableProcessor.runLoop(RunnableProcessor.java:92) - JavaFX Application Thread
2026-04-20 14:58:38,820 [ERROR] in JavaFX Application Thread - 	at com.sun.glass.ui.monocle.RunnableProcessor.run(RunnableProcessor.java:51) - JavaFX Application Thread
2026-04-20 14:58:38,820 [ERROR] in JavaFX Application Thread - 	at java.base/java.lang.Thread.run(Thread.java:1474) - JavaFX Application Thread
2026-04-20 14:58:38,836 [ERROR] in JavaFX Application Thread - Exception in thread "JavaFX Application Thread" java.lang.ClassCastException: class com.flexganttfx.sprint.model.TaskActivity cannot be cast to class com.flexganttfx.sprint.model.UserStory (com.flexganttfx.sprint.model.TaskActivity and com.flexganttfx.sprint.model.UserStory are in unnamed module of loader 'app') - JavaFX Application Thread
2026-04-20 14:58:38,836 [ERROR] in JavaFX Application Thread - 	at com.flexganttfx.sprint.renderer.UserStoryRenderer.drawActivity(UserStoryRenderer.java:38) - JavaFX Application Thread
2026-04-20 14:58:38,836 [ERROR] in JavaFX Application Thread - 	at com.flexganttfx.view.graphics.renderer.ActivityRenderer.draw(ActivityRenderer.java:70) - JavaFX Application Thread
2026-04-20 14:58:38,836 [ERROR] in JavaFX Application Thread - 	at impl.com.flexganttfx.skin.graphics.RowCanvas.drawActivity(RowCanvas.java:772) - JavaFX Application Thread
2026-04-20 14:58:38,836 [ERROR] in JavaFX Application Thread - 	at impl.com.flexganttfx.skin.graphics.RowCanvas.drawLayer(RowCanvas.java:480) - JavaFX Application Thread
2026-04-20 14:58:38,836 [ERROR] in JavaFX Application Thread - 	at impl.com.flexganttfx.skin.graphics.RowCanvas.drawModelLayers(RowCanvas.java:371) - JavaFX Application Thread
2026-04-20 14:58:38,836 [ERROR] in JavaFX Application Thread - 	at impl.com.flexganttfx.skin.graphics.RowCanvas.draw(RowCanvas.java:300) - JavaFX Application Thread
2026-04-20 14:58:38,836 [ERROR] in JavaFX Application Thread - 	at com.flexganttfx.view.graphics.GraphicsBase.lambda$new$23(GraphicsBase.java:635) - JavaFX Application Thread
2026-04-20 14:58:38,836 [ERROR] in JavaFX Application Thread - 	at javafx.scene.Scene$ScenePulseListener.pulse(Scene.java:2728) - JavaFX Application Thread
2026-04-20 14:58:38,836 [ERROR] in JavaFX Application Thread - 	at com.sun.javafx.tk.Toolkit.runPulse(Toolkit.java:382) - JavaFX Application Thread
2026-04-20 14:58:38,836 [ERROR] in JavaFX Application Thread - 	at com.sun.javafx.tk.Toolkit.firePulse(Toolkit.java:407) - JavaFX Application Thread
2026-04-20 14:58:38,836 [ERROR] in JavaFX Application Thread - 	at com.sun.javafx.tk.quantum.QuantumToolkit.pulse(QuantumToolkit.java:601) - JavaFX Application Thread
2026-04-20 14:58:38,836 [ERROR] in JavaFX Application Thread - 	at com.sun.javafx.tk.quantum.QuantumToolkit.pulse(QuantumToolkit.java:581) - JavaFX Application Thread
2026-04-20 14:58:38,836 [ERROR] in JavaFX Application Thread - 	at com.sun.javafx.tk.quantum.QuantumToolkit.pulseFromQueue(QuantumToolkit.java:574) - JavaFX Application Thread
2026-04-20 14:58:38,836 [ERROR] in JavaFX Application Thread - 	at com.sun.javafx.tk.quantum.QuantumToolkit.lambda$runToolkit$0(QuantumToolkit.java:351) - JavaFX Application Thread
2026-04-20 14:58:38,836 [ERROR] in JavaFX Application Thread - 	at com.sun.glass.ui.monocle.RunnableProcessor.runLoop(RunnableProcessor.java:92) - JavaFX Application Thread
2026-04-20 14:58:38,836 [ERROR] in JavaFX Application Thread - 	at com.sun.glass.ui.monocle.RunnableProcessor.run(RunnableProcessor.java:51) - JavaFX Application Thread
2026-04-20 14:58:38,836 [ERROR] in JavaFX Application Thread - 	at java.base/java.lang.Thread.run(Thread.java:1474) - JavaFX Application Thread
2026-04-20 14:58:38,852 [ERROR] in JavaFX Application Thread - Exception in thread "JavaFX Application Thread" java.lang.ClassCastException: class com.flexganttfx.sprint.model.TaskActivity cannot be cast to class com.flexganttfx.sprint.model.UserStory (com.flexganttfx.sprint.model.TaskActivity and com.flexganttfx.sprint.model.UserStory are in unnamed module of loader 'app') - JavaFX Application Thread
2026-04-20 14:58:38,852 [ERROR] in JavaFX Application Thread - 	at com.flexganttfx.sprint.renderer.UserStoryRenderer.drawActivity(UserStoryRenderer.java:38) - JavaFX Application Thread
2026-04-20 14:58:38,852 [ERROR] in JavaFX Application Thread - 	at com.flexganttfx.view.graphics.renderer.ActivityRenderer.draw(ActivityRenderer.java:70) - JavaFX Application Thread
2026-04-20 14:58:38,852 [ERROR] in JavaFX Application Thread - 	at impl.com.flexganttfx.skin.graphics.RowCanvas.drawActivity(RowCanvas.java:772) - JavaFX Application Thread
2026-04-20 14:58:38,852 [ERROR] in JavaFX Application Thread - 	at impl.com.flexganttfx.skin.graphics.RowCanvas.drawLayer(RowCanvas.java:480) - JavaFX Application Thread
2026-04-20 14:58:38,852 [ERROR] in JavaFX Application Thread - 	at impl.com.flexganttfx.skin.graphics.RowCanvas.drawModelLayers(RowCanvas.java:371) - JavaFX Application Thread
2026-04-20 14:58:38,852 [ERROR] in JavaFX Application Thread - 	at impl.com.flexganttfx.skin.graphics.RowCanvas.draw(RowCanvas.java:300) - JavaFX Application Thread
2026-04-20 14:58:38,852 [ERROR] in JavaFX Application Thread - 	at com.flexganttfx.view.graphics.GraphicsBase.lambda$new$23(GraphicsBase.java:635) - JavaFX Application Thread
2026-04-20 14:58:38,852 [ERROR] in JavaFX Application Thread - 	at javafx.scene.Scene$ScenePulseListener.pulse(Scene.java:2728) - JavaFX Application Thread
2026-04-20 14:58:38,852 [ERROR] in JavaFX Application Thread - 	at com.sun.javafx.tk.Toolkit.runPulse(Toolkit.java:382) - JavaFX Application Thread
2026-04-20 14:58:38,852 [ERROR] in JavaFX Application Thread - 	at com.sun.javafx.tk.Toolkit.firePulse(Toolkit.java:407) - JavaFX Application Thread
2026-04-20 14:58:38,852 [ERROR] in JavaFX Application Thread - 	at com.sun.javafx.tk.quantum.QuantumToolkit.pulse(QuantumToolkit.java:601) - JavaFX Application Thread
2026-04-20 14:58:38,852 [ERROR] in JavaFX Application Thread - 	at com.sun.javafx.tk.quantum.QuantumToolkit.pulse(QuantumToolkit.java:581) - JavaFX Application Thread
2026-04-20 14:58:38,852 [ERROR] in JavaFX Application Thread - 	at com.sun.javafx.tk.quantum.QuantumToolkit.pulseFromQueue(QuantumToolkit.java:574) - JavaFX Application Thread
2026-04-20 14:58:38,852 [ERROR] in JavaFX Application Thread - 	at com.sun.javafx.tk.quantum.QuantumToolkit.lambda$runToolkit$0(QuantumToolkit.java:351) - JavaFX Application Thread
2026-04-20 14:58:38,852 [ERROR] in JavaFX Application Thread - 	at com.sun.glass.ui.monocle.RunnableProcessor.runLoop(RunnableProcessor.java:92) - JavaFX Application Thread
2026-04-20 14:58:38,852 [ERROR] in JavaFX Application Thread - 	at com.sun.glass.ui.monocle.RunnableProcessor.run(RunnableProcessor.java:51) - JavaFX Application Thread
2026-04-20 14:58:38,852 [ERROR] in JavaFX Application Thread - 	at java.base/java.lang.Thread.run(Thread.java:1474) - JavaFX Application Thread
2026-04-20 14:58:38,868 [ERROR] in JavaFX Application Thread - Exception in thread "JavaFX Application Thread" java.lang.ClassCastException: class com.flexganttfx.sprint.model.TaskActivity cannot be cast to class com.flexganttfx.sprint.model.UserStory (com.flexganttfx.sprint.model.TaskActivity and com.flexganttfx.sprint.model.UserStory are in unnamed module of loader 'app') - JavaFX Application Thread
2026-04-20 14:58:38,868 [ERROR] in JavaFX Application Thread - 	at com.flexganttfx.sprint.renderer.UserStoryRenderer.drawActivity(UserStoryRenderer.java:38) - JavaFX Application Thread
2026-04-20 14:58:38,868 [ERROR] in JavaFX Application Thread - 	at com.flexganttfx.view.graphics.renderer.ActivityRenderer.draw(ActivityRenderer.java:70) - JavaFX Application Thread
2026-04-20 14:58:38,868 [ERROR] in JavaFX Application Thread - 	at impl.com.flexganttfx.skin.graphics.RowCanvas.drawActivity(RowCanvas.java:772) - JavaFX Application Thread
2026-04-20 14:58:38,868 [ERROR] in JavaFX Application Thread - 	at impl.com.flexganttfx.skin.graphics.RowCanvas.drawLayer(RowCanvas.java:480) - JavaFX Application Thread
2026-04-20 14:58:38,868 [ERROR] in JavaFX Application Thread - 	at impl.com.flexganttfx.skin.graphics.RowCanvas.drawModelLayers(RowCanvas.java:371) - JavaFX Application Thread
2026-04-20 14:58:38,868 [ERROR] in JavaFX Application Thread - 	at impl.com.flexganttfx.skin.graphics.RowCanvas.draw(RowCanvas.java:300) - JavaFX Application Thread
2026-04-20 14:58:38,868 [ERROR] in JavaFX Application Thread - 	at com.flexganttfx.view.graphics.GraphicsBase.lambda$new$23(GraphicsBase.java:635) - JavaFX Application Thread
2026-04-20 14:58:38,868 [ERROR] in JavaFX Application Thread - 	at javafx.scene.Scene$ScenePulseListener.pulse(Scene.java:2728) - JavaFX Application Thread
2026-04-20 14:58:38,868 [ERROR] in JavaFX Application Thread - 	at com.sun.javafx.tk.Toolkit.runPulse(Toolkit.java:382) - JavaFX Application Thread
2026-04-20 14:58:38,868 [ERROR] in JavaFX Application Thread - 	at com.sun.javafx.tk.Toolkit.firePulse(Toolkit.java:407) - JavaFX Application Thread
2026-04-20 14:58:38,868 [ERROR] in JavaFX Application Thread - 	at com.sun.javafx.tk.quantum.QuantumToolkit.pulse(QuantumToolkit.java:601) - JavaFX Application Thread
2026-04-20 14:58:38,868 [ERROR] in JavaFX Application Thread - 	at com.sun.javafx.tk.quantum.QuantumToolkit.pulse(QuantumToolkit.java:581) - JavaFX Application Thread
2026-04-20 14:58:38,868 [ERROR] in JavaFX Application Thread - 	at com.sun.javafx.tk.quantum.QuantumToolkit.pulseFromQueue(QuantumToolkit.java:574) - JavaFX Application Thread
2026-04-20 14:58:38,868 [ERROR] in JavaFX Application Thread - 	at com.sun.javafx.tk.quantum.QuantumToolkit.lambda$runToolkit$0(QuantumToolkit.java:351) - JavaFX Application Thread
2026-04-20 14:58:38,868 [ERROR] in JavaFX Application Thread - 	at com.sun.glass.ui.monocle.RunnableProcessor.runLoop(RunnableProcessor.java:92) - JavaFX Application Thread
2026-04-20 14:58:38,868 [ERROR] in JavaFX Application Thread - 	at com.sun.glass.ui.monocle.RunnableProcessor.run(RunnableProcessor.java:51) - JavaFX Application Thread
2026-04-20 14:58:38,868 [ERROR] in JavaFX Application Thread - 	at java.base/java.lang.Thread.run(Thread.java:1474) - JavaFX Application Thread
2026-04-20 14:58:38,883 [ERROR] in JavaFX Application Thread - Exception in thread "JavaFX Application Thread" java.lang.ClassCastException: class com.flexganttfx.sprint.model.TaskActivity cannot be cast to class com.flexganttfx.sprint.model.UserStory (com.flexganttfx.sprint.model.TaskActivity and com.flexganttfx.sprint.model.UserStory are in unnamed module of loader 'app') - JavaFX Application Thread
2026-04-20 14:58:38,883 [ERROR] in JavaFX Application Thread - 	at com.flexganttfx.sprint.renderer.UserStoryRenderer.drawActivity(UserStoryRenderer.java:38) - JavaFX Application Thread
2026-04-20 14:58:38,884 [ERROR] in JavaFX Application Thread - 	at com.flexganttfx.view.graphics.renderer.ActivityRenderer.draw(ActivityRenderer.java:70) - JavaFX Application Thread
2026-04-20 14:58:38,884 [ERROR] in JavaFX Application Thread - 	at impl.com.flexganttfx.skin.graphics.RowCanvas.drawActivity(RowCanvas.java:772) - JavaFX Application Thread
2026-04-20 14:58:38,884 [ERROR] in JavaFX Application Thread - 	at impl.com.flexganttfx.skin.graphics.RowCanvas.drawLayer(RowCanvas.java:480) - JavaFX Application Thread
2026-04-20 14:58:38,884 [ERROR] in JavaFX Application Thread - 	at impl.com.flexganttfx.skin.graphics.RowCanvas.drawModelLayers(RowCanvas.java:371) - JavaFX Application Thread
2026-04-20 14:58:38,884 [ERROR] in JavaFX Application Thread - 	at impl.com.flexganttfx.skin.graphics.RowCanvas.draw(RowCanvas.java:300) - JavaFX Application Thread
2026-04-20 14:58:38,884 [ERROR] in JavaFX Application Thread - 	at com.flexganttfx.view.graphics.GraphicsBase.lambda$new$23(GraphicsBase.java:635) - JavaFX Application Thread
2026-04-20 14:58:38,884 [ERROR] in JavaFX Application Thread - 	at javafx.scene.Scene$ScenePulseListener.pulse(Scene.java:2728) - JavaFX Application Thread
2026-04-20 14:58:38,884 [ERROR] in JavaFX Application Thread - 	at com.sun.javafx.tk.Toolkit.runPulse(Toolkit.java:382) - JavaFX Application Thread
2026-04-20 14:58:38,884 [ERROR] in JavaFX Application Thread - 	at com.sun.javafx.tk.Toolkit.firePulse(Toolkit.java:407) - JavaFX Application Thread
2026-04-20 14:58:38,884 [ERROR] in JavaFX Application Thread - 	at com.sun.javafx.tk.quantum.QuantumToolkit.pulse(QuantumToolkit.java:601) - JavaFX Application Thread
2026-04-20 14:58:38,884 [ERROR] in JavaFX Application Thread - 	at com.sun.javafx.tk.quantum.QuantumToolkit.pulse(QuantumToolkit.java:581) - JavaFX Application Thread
2026-04-20 14:58:38,884 [ERROR] in JavaFX Application Thread - 	at com.sun.javafx.tk.quantum.QuantumToolkit.pulseFromQueue(QuantumToolkit.java:574) - JavaFX Application Thread
2026-04-20 14:58:38,884 [ERROR] in JavaFX Application Thread - 	at com.sun.javafx.tk.quantum.QuantumToolkit.lambda$runToolkit$0(QuantumToolkit.java:351) - JavaFX Application Thread
2026-04-20 14:58:38,884 [ERROR] in JavaFX Application Thread - 	at com.sun.glass.ui.monocle.RunnableProcessor.runLoop(RunnableProcessor.java:92) - JavaFX Application Thread
2026-04-20 14:58:38,884 [ERROR] in JavaFX Application Thread - 	at com.sun.glass.ui.monocle.RunnableProcessor.run(RunnableProcessor.java:51) - JavaFX Application Thread
2026-04-20 14:58:38,884 [ERROR] in JavaFX Application Thread - 	at java.base/java.lang.Thread.run(Thread.java:1474) - JavaFX Application Thread
2026-04-20 14:58:38,900 [ERROR] in JavaFX Application Thread - Exception in thread "JavaFX Application Thread" java.lang.ClassCastException: class com.flexganttfx.sprint.model.TaskActivity cannot be cast to class com.flexganttfx.sprint.model.UserStory (com.flexganttfx.sprint.model.TaskActivity and com.flexganttfx.sprint.model.UserStory are in unnamed module of loader 'app') - JavaFX Application Thread
2026-04-20 14:58:38,900 [ERROR] in JavaFX Application Thread - 	at com.flexganttfx.sprint.renderer.UserStoryRenderer.drawActivity(UserStoryRenderer.java:38) - JavaFX Application Thread
2026-04-20 14:58:38,900 [ERROR] in JavaFX Application Thread - 	at com.flexganttfx.view.graphics.renderer.ActivityRenderer.draw(ActivityRenderer.java:70) - JavaFX Application Thread
2026-04-20 14:58:38,900 [ERROR] in JavaFX Application Thread - 	at impl.com.flexganttfx.skin.graphics.RowCanvas.drawActivity(RowCanvas.java:772) - JavaFX Application Thread
2026-04-20 14:58:38,900 [ERROR] in JavaFX Application Thread - 	at impl.com.flexganttfx.skin.graphics.RowCanvas.drawLayer(RowCanvas.java:480) - JavaFX Application Thread
2026-04-20 14:58:38,900 [ERROR] in JavaFX Application Thread - 	at impl.com.flexganttfx.skin.graphics.RowCanvas.drawModelLayers(RowCanvas.java:371) - JavaFX Application Thread
2026-04-20 14:58:38,900 [ERROR] in JavaFX Application Thread - 	at impl.com.flexganttfx.skin.graphics.RowCanvas.draw(RowCanvas.java:300) - JavaFX Application Thread
2026-04-20 14:58:38,900 [ERROR] in JavaFX Application Thread - 	at com.flexganttfx.view.graphics.GraphicsBase.lambda$new$23(GraphicsBase.java:635) - JavaFX Application Thread
2026-04-20 14:58:38,900 [ERROR] in JavaFX Application Thread - 	at javafx.scene.Scene$ScenePulseListener.pulse(Scene.java:2728) - JavaFX Application Thread
2026-04-20 14:58:38,900 [ERROR] in JavaFX Application Thread - 	at com.sun.javafx.tk.Toolkit.runPulse(Toolkit.java:382) - JavaFX Application Thread
2026-04-20 14:58:38,900 [ERROR] in JavaFX Application Thread - 	at com.sun.javafx.tk.Toolkit.firePulse(Toolkit.java:407) - JavaFX Application Thread
2026-04-20 14:58:38,900 [ERROR] in JavaFX Application Thread - 	at com.sun.javafx.tk.quantum.QuantumToolkit.pulse(QuantumToolkit.java:601) - JavaFX Application Thread
2026-04-20 14:58:38,900 [ERROR] in JavaFX Application Thread - 	at com.sun.javafx.tk.quantum.QuantumToolkit.pulse(QuantumToolkit.java:581) - JavaFX Application Thread
2026-04-20 14:58:38,900 [ERROR] in JavaFX Application Thread - 	at com.sun.javafx.tk.quantum.QuantumToolkit.pulseFromQueue(QuantumToolkit.java:574) - JavaFX Application Thread
2026-04-20 14:58:38,900 [ERROR] in JavaFX Application Thread - 	at com.sun.javafx.tk.quantum.QuantumToolkit.lambda$runToolkit$0(QuantumToolkit.java:351) - JavaFX Application Thread
2026-04-20 14:58:38,900 [ERROR] in JavaFX Application Thread - 	at com.sun.glass.ui.monocle.RunnableProcessor.runLoop(RunnableProcessor.java:92) - JavaFX Application Thread
2026-04-20 14:58:38,900 [ERROR] in JavaFX Application Thread - 	at com.sun.glass.ui.monocle.RunnableProcessor.run(RunnableProcessor.java:51) - JavaFX Application Thread
2026-04-20 14:58:38,900 [ERROR] in JavaFX Application Thread - 	at java.base/java.lang.Thread.run(Thread.java:1474) - JavaFX Application Thread
2026-04-20 14:58:38,915 [ERROR] in JavaFX Application Thread - Exception in thread "JavaFX Application Thread" java.lang.ClassCastException: class com.flexganttfx.sprint.model.TaskActivity cannot be cast to class com.flexganttfx.sprint.model.UserStory (com.flexganttfx.sprint.model.TaskActivity and com.flexganttfx.sprint.model.UserStory are in unnamed module of loader 'app') - JavaFX Application Thread
2026-04-20 14:58:38,915 [ERROR] in JavaFX Application Thread - 	at com.flexganttfx.sprint.renderer.UserStoryRenderer.drawActivity(UserStoryRenderer.java:38) - JavaFX Application Thread
2026-04-20 14:58:38,915 [ERROR] in JavaFX Application Thread - 	at com.flexganttfx.view.graphics.renderer.ActivityRenderer.draw(ActivityRenderer.java:70) - JavaFX Application Thread
2026-04-20 14:58:38,915 [ERROR] in JavaFX Application Thread - 	at impl.com.flexganttfx.skin.graphics.RowCanvas.drawActivity(RowCanvas.java:772) - JavaFX Application Thread
2026-04-20 14:58:38,915 [ERROR] in JavaFX Application Thread - 	at impl.com.flexganttfx.skin.graphics.RowCanvas.drawLayer(RowCanvas.java:480) - JavaFX Application Thread
2026-04-20 14:58:38,915 [ERROR] in JavaFX Application Thread - 	at impl.com.flexganttfx.skin.graphics.RowCanvas.drawModelLayers(RowCanvas.java:371) - JavaFX Application Thread
2026-04-20 14:58:38,915 [ERROR] in JavaFX Application Thread - 	at impl.com.flexganttfx.skin.graphics.RowCanvas.draw(RowCanvas.java:300) - JavaFX Application Thread
2026-04-20 14:58:38,915 [ERROR] in JavaFX Application Thread - 	at com.flexganttfx.view.graphics.GraphicsBase.lambda$new$23(GraphicsBase.java:635) - JavaFX Application Thread
2026-04-20 14:58:38,915 [ERROR] in JavaFX Application Thread - 	at javafx.scene.Scene$ScenePulseListener.pulse(Scene.java:2728) - JavaFX Application Thread
2026-04-20 14:58:38,915 [ERROR] in JavaFX Application Thread - 	at com.sun.javafx.tk.Toolkit.runPulse(Toolkit.java:382) - JavaFX Application Thread
2026-04-20 14:58:38,915 [ERROR] in JavaFX Application Thread - 	at com.sun.javafx.tk.Toolkit.firePulse(Toolkit.java:407) - JavaFX Application Thread
2026-04-20 14:58:38,915 [ERROR] in JavaFX Application Thread - 	at com.sun.javafx.tk.quantum.QuantumToolkit.pulse(QuantumToolkit.java:601) - JavaFX Application Thread
2026-04-20 14:58:38,915 [ERROR] in JavaFX Application Thread - 	at com.sun.javafx.tk.quantum.QuantumToolkit.pulse(QuantumToolkit.java:581) - JavaFX Application Thread
2026-04-20 14:58:38,915 [ERROR] in JavaFX Application Thread - 	at com.sun.javafx.tk.quantum.QuantumToolkit.pulseFromQueue(QuantumToolkit.java:574) - JavaFX Application Thread
2026-04-20 14:58:38,915 [ERROR] in JavaFX Application Thread - 	at com.sun.javafx.tk.quantum.QuantumToolkit.lambda$runToolkit$0(QuantumToolkit.java:351) - JavaFX Application Thread
2026-04-20 14:58:38,915 [ERROR] in JavaFX Application Thread - 	at com.sun.glass.ui.monocle.RunnableProcessor.runLoop(RunnableProcessor.java:92) - JavaFX Application Thread
2026-04-20 14:58:38,915 [ERROR] in JavaFX Application Thread - 	at com.sun.glass.ui.monocle.RunnableProcessor.run(RunnableProcessor.java:51) - JavaFX Application Thread
2026-04-20 14:58:38,915 [ERROR] in JavaFX Application Thread - 	at java.base/java.lang.Thread.run(Thread.java:1474) - JavaFX Application Thread
2026-04-20 14:58:38,931 [ERROR] in JavaFX Application Thread - Exception in thread "JavaFX Application Thread" java.lang.ClassCastException: class com.flexganttfx.sprint.model.TaskActivity cannot be cast to class com.flexganttfx.sprint.model.UserStory (com.flexganttfx.sprint.model.TaskActivity and com.flexganttfx.sprint.model.UserStory are in unnamed module of loader 'app') - JavaFX Application Thread
2026-04-20 14:58:38,931 [ERROR] in JavaFX Application Thread - 	at com.flexganttfx.sprint.renderer.UserStoryRenderer.drawActivity(UserStoryRenderer.java:38) - JavaFX Application Thread
2026-04-20 14:58:38,931 [ERROR] in JavaFX Application Thread - 	at com.flexganttfx.view.graphics.renderer.ActivityRenderer.draw(ActivityRenderer.java:70) - JavaFX Application Thread
2026-04-20 14:58:38,931 [ERROR] in JavaFX Application Thread - 	at impl.com.flexganttfx.skin.graphics.RowCanvas.drawActivity(RowCanvas.java:772) - JavaFX Application Thread
2026-04-20 14:58:38,931 [ERROR] in JavaFX Application Thread - 	at impl.com.flexganttfx.skin.graphics.RowCanvas.drawLayer(RowCanvas.java:480) - JavaFX Application Thread
2026-04-20 14:58:38,931 [ERROR] in JavaFX Application Thread - 	at impl.com.flexganttfx.skin.graphics.RowCanvas.drawModelLayers(RowCanvas.java:371) - JavaFX Application Thread
2026-04-20 14:58:38,931 [ERROR] in JavaFX Application Thread - 	at impl.com.flexganttfx.skin.graphics.RowCanvas.draw(RowCanvas.java:300) - JavaFX Application Thread
2026-04-20 14:58:38,931 [ERROR] in JavaFX Application Thread - 	at com.flexganttfx.view.graphics.GraphicsBase.lambda$new$23(GraphicsBase.java:635) - JavaFX Application Thread
2026-04-20 14:58:38,931 [ERROR] in JavaFX Application Thread - 	at javafx.scene.Scene$ScenePulseListener.pulse(Scene.java:2728) - JavaFX Application Thread
2026-04-20 14:58:38,931 [ERROR] in JavaFX Application Thread - 	at com.sun.javafx.tk.Toolkit.runPulse(Toolkit.java:382) - JavaFX Application Thread
2026-04-20 14:58:38,931 [ERROR] in JavaFX Application Thread - 	at com.sun.javafx.tk.Toolkit.firePulse(Toolkit.java:407) - JavaFX Application Thread
2026-04-20 14:58:38,931 [ERROR] in JavaFX Application Thread - 	at com.sun.javafx.tk.quantum.QuantumToolkit.pulse(QuantumToolkit.java:601) - JavaFX Application Thread
2026-04-20 14:58:38,931 [ERROR] in JavaFX Application Thread - 	at com.sun.javafx.tk.quantum.QuantumToolkit.pulse(QuantumToolkit.java:581) - JavaFX Application Thread
2026-04-20 14:58:38,931 [ERROR] in JavaFX Application Thread - 	at com.sun.javafx.tk.quantum.QuantumToolkit.pulseFromQueue(QuantumToolkit.java:574) - JavaFX Application Thread
2026-04-20 14:58:38,931 [ERROR] in JavaFX Application Thread - 	at com.sun.javafx.tk.quantum.QuantumToolkit.lambda$runToolkit$0(QuantumToolkit.java:351) - JavaFX Application Thread
2026-04-20 14:58:38,931 [ERROR] in JavaFX Application Thread - 	at com.sun.glass.ui.monocle.RunnableProcessor.runLoop(RunnableProcessor.java:92) - JavaFX Application Thread
2026-04-20 14:58:38,931 [ERROR] in JavaFX Application Thread - 	at com.sun.glass.ui.monocle.RunnableProcessor.run(RunnableProcessor.java:51) - JavaFX Application Thread
2026-04-20 14:58:38,931 [ERROR] in JavaFX Application Thread - 	at java.base/java.lang.Thread.run(Thread.java:1474) - JavaFX Application Thread
2026-04-20 14:58:38,948 [ERROR] in JavaFX Application Thread - Exception in thread "JavaFX Application Thread" java.lang.ClassCastException: class com.flexganttfx.sprint.model.TaskActivity cannot be cast to class com.flexganttfx.sprint.model.UserStory (com.flexganttfx.sprint.model.TaskActivity and com.flexganttfx.sprint.model.UserStory are in unnamed module of loader 'app') - JavaFX Application Thread
2026-04-20 14:58:38,948 [ERROR] in JavaFX Application Thread - 	at com.flexganttfx.sprint.renderer.UserStoryRenderer.drawActivity(UserStoryRenderer.java:38) - JavaFX Application Thread
2026-04-20 14:58:38,948 [ERROR] in JavaFX Application Thread - 	at com.flexganttfx.view.graphics.renderer.ActivityRenderer.draw(ActivityRenderer.java:70) - JavaFX Application Thread
2026-04-20 14:58:38,948 [ERROR] in JavaFX Application Thread - 	at impl.com.flexganttfx.skin.graphics.RowCanvas.drawActivity(RowCanvas.java:772) - JavaFX Application Thread
2026-04-20 14:58:38,948 [ERROR] in JavaFX Application Thread - 	at impl.com.flexganttfx.skin.graphics.RowCanvas.drawLayer(RowCanvas.java:480) - JavaFX Application Thread
2026-04-20 14:58:38,948 [ERROR] in JavaFX Application Thread - 	at impl.com.flexganttfx.skin.graphics.RowCanvas.drawModelLayers(RowCanvas.java:371) - JavaFX Application Thread
2026-04-20 14:58:38,948 [ERROR] in JavaFX Application Thread - 	at impl.com.flexganttfx.skin.graphics.RowCanvas.draw(RowCanvas.java:300) - JavaFX Application Thread
2026-04-20 14:58:38,948 [ERROR] in JavaFX Application Thread - 	at com.flexganttfx.view.graphics.GraphicsBase.lambda$new$23(GraphicsBase.java:635) - JavaFX Application Thread
2026-04-20 14:58:38,948 [ERROR] in JavaFX Application Thread - 	at javafx.scene.Scene$ScenePulseListener.pulse(Scene.java:2728) - JavaFX Application Thread
2026-04-20 14:58:38,948 [ERROR] in JavaFX Application Thread - 	at com.sun.javafx.tk.Toolkit.runPulse(Toolkit.java:382) - JavaFX Application Thread
2026-04-20 14:58:38,948 [ERROR] in JavaFX Application Thread - 	at com.sun.javafx.tk.Toolkit.firePulse(Toolkit.java:407) - JavaFX Application Thread
2026-04-20 14:58:38,948 [ERROR] in JavaFX Application Thread - 	at com.sun.javafx.tk.quantum.QuantumToolkit.pulse(QuantumToolkit.java:601) - JavaFX Application Thread
2026-04-20 14:58:38,948 [ERROR] in JavaFX Application Thread - 	at com.sun.javafx.tk.quantum.QuantumToolkit.pulse(QuantumToolkit.java:581) - JavaFX Application Thread
2026-04-20 14:58:38,948 [ERROR] in JavaFX Application Thread - 	at com.sun.javafx.tk.quantum.QuantumToolkit.pulseFromQueue(QuantumToolkit.java:574) - JavaFX Application Thread
2026-04-20 14:58:38,948 [ERROR] in JavaFX Application Thread - 	at com.sun.javafx.tk.quantum.QuantumToolkit.lambda$runToolkit$0(QuantumToolkit.java:351) - JavaFX Application Thread
2026-04-20 14:58:38,948 [ERROR] in JavaFX Application Thread - 	at com.sun.glass.ui.monocle.RunnableProcessor.runLoop(RunnableProcessor.java:92) - JavaFX Application Thread
2026-04-20 14:58:38,948 [ERROR] in JavaFX Application Thread - 	at com.sun.glass.ui.monocle.RunnableProcessor.run(RunnableProcessor.java:51) - JavaFX Application Thread
2026-04-20 14:58:38,948 [ERROR] in JavaFX Application Thread - 	at java.base/java.lang.Thread.run(Thread.java:1474) - JavaFX Application Thread
2026-04-20 14:58:38,962 [ERROR] in JavaFX Application Thread - Exception in thread "JavaFX Application Thread" java.lang.ClassCastException: class com.flexganttfx.sprint.model.TaskActivity cannot be cast to class com.flexganttfx.sprint.model.UserStory (com.flexganttfx.sprint.model.TaskActivity and com.flexganttfx.sprint.model.UserStory are in unnamed module of loader 'app') - JavaFX Application Thread
2026-04-20 14:58:38,962 [ERROR] in JavaFX Application Thread - 	at com.flexganttfx.sprint.renderer.UserStoryRenderer.drawActivity(UserStoryRenderer.java:38) - JavaFX Application Thread
2026-04-20 14:58:38,962 [ERROR] in JavaFX Application Thread - 	at com.flexganttfx.view.graphics.renderer.ActivityRenderer.draw(ActivityRenderer.java:70) - JavaFX Application Thread
2026-04-20 14:58:38,962 [ERROR] in JavaFX Application Thread - 	at impl.com.flexganttfx.skin.graphics.RowCanvas.drawActivity(RowCanvas.java:772) - JavaFX Application Thread
2026-04-20 14:58:38,962 [ERROR] in JavaFX Application Thread - 	at impl.com.flexganttfx.skin.graphics.RowCanvas.drawLayer(RowCanvas.java:480) - JavaFX Application Thread
2026-04-20 14:58:38,962 [ERROR] in JavaFX Application Thread - 	at impl.com.flexganttfx.skin.graphics.RowCanvas.drawModelLayers(RowCanvas.java:371) - JavaFX Application Thread
2026-04-20 14:58:38,962 [ERROR] in JavaFX Application Thread - 	at impl.com.flexganttfx.skin.graphics.RowCanvas.draw(RowCanvas.java:300) - JavaFX Application Thread
2026-04-20 14:58:38,962 [ERROR] in JavaFX Application Thread - 	at com.flexganttfx.view.graphics.GraphicsBase.lambda$new$23(GraphicsBase.java:635) - JavaFX Application Thread
2026-04-20 14:58:38,962 [ERROR] in JavaFX Application Thread - 	at javafx.scene.Scene$ScenePulseListener.pulse(Scene.java:2728) - JavaFX Application Thread
2026-04-20 14:58:38,962 [ERROR] in JavaFX Application Thread - 	at com.sun.javafx.tk.Toolkit.runPulse(Toolkit.java:382) - JavaFX Application Thread
2026-04-20 14:58:38,962 [ERROR] in JavaFX Application Thread - 	at com.sun.javafx.tk.Toolkit.firePulse(Toolkit.java:407) - JavaFX Application Thread
2026-04-20 14:58:38,962 [ERROR] in JavaFX Application Thread - 	at com.sun.javafx.tk.quantum.QuantumToolkit.pulse(QuantumToolkit.java:601) - JavaFX Application Thread
2026-04-20 14:58:38,962 [ERROR] in JavaFX Application Thread - 	at com.sun.javafx.tk.quantum.QuantumToolkit.pulse(QuantumToolkit.java:581) - JavaFX Application Thread
2026-04-20 14:58:38,962 [ERROR] in JavaFX Application Thread - 	at com.sun.javafx.tk.quantum.QuantumToolkit.pulseFromQueue(QuantumToolkit.java:574) - JavaFX Application Thread
2026-04-20 14:58:38,962 [ERROR] in JavaFX Application Thread - 	at com.sun.javafx.tk.quantum.QuantumToolkit.lambda$runToolkit$0(QuantumToolkit.java:351) - JavaFX Application Thread
2026-04-20 14:58:38,962 [ERROR] in JavaFX Application Thread - 	at com.sun.glass.ui.monocle.RunnableProcessor.runLoop(RunnableProcessor.java:92) - JavaFX Application Thread
2026-04-20 14:58:38,962 [ERROR] in JavaFX Application Thread - 	at com.sun.glass.ui.monocle.RunnableProcessor.run(RunnableProcessor.java:51) - JavaFX Application Thread
2026-04-20 14:58:38,962 [ERROR] in JavaFX Application Thread - 	at java.base/java.lang.Thread.run(Thread.java:1474) - JavaFX Application Thread
2026-04-20 14:58:38,979 [ERROR] in JavaFX Application Thread - Exception in thread "JavaFX Application Thread" java.lang.ClassCastException: class com.flexganttfx.sprint.model.TaskActivity cannot be cast to class com.flexganttfx.sprint.model.UserStory (com.flexganttfx.sprint.model.TaskActivity and com.flexganttfx.sprint.model.UserStory are in unnamed module of loader 'app') - JavaFX Application Thread
2026-04-20 14:58:38,979 [ERROR] in JavaFX Application Thread - 	at com.flexganttfx.sprint.renderer.UserStoryRenderer.drawActivity(UserStoryRenderer.java:38) - JavaFX Application Thread
2026-04-20 14:58:38,979 [ERROR] in JavaFX Application Thread - 	at com.flexganttfx.view.graphics.renderer.ActivityRenderer.draw(ActivityRenderer.java:70) - JavaFX Application Thread
2026-04-20 14:58:38,979 [ERROR] in JavaFX Application Thread - 	at impl.com.flexganttfx.skin.graphics.RowCanvas.drawActivity(RowCanvas.java:772) - JavaFX Application Thread
2026-04-20 14:58:38,979 [ERROR] in JavaFX Application Thread - 	at impl.com.flexganttfx.skin.graphics.RowCanvas.drawLayer(RowCanvas.java:480) - JavaFX Application Thread
2026-04-20 14:58:38,979 [ERROR] in JavaFX Application Thread - 	at impl.com.flexganttfx.skin.graphics.RowCanvas.drawModelLayers(RowCanvas.java:371) - JavaFX Application Thread
2026-04-20 14:58:38,979 [ERROR] in JavaFX Application Thread - 	at impl.com.flexganttfx.skin.graphics.RowCanvas.draw(RowCanvas.java:300) - JavaFX Application Thread
2026-04-20 14:58:38,979 [ERROR] in JavaFX Application Thread - 	at com.flexganttfx.view.graphics.GraphicsBase.lambda$new$23(GraphicsBase.java:635) - JavaFX Application Thread
2026-04-20 14:58:38,979 [ERROR] in JavaFX Application Thread - 	at javafx.scene.Scene$ScenePulseListener.pulse(Scene.java:2728) - JavaFX Application Thread
2026-04-20 14:58:38,979 [ERROR] in JavaFX Application Thread - 	at com.sun.javafx.tk.Toolkit.runPulse(Toolkit.java:382) - JavaFX Application Thread
2026-04-20 14:58:38,979 [ERROR] in JavaFX Application Thread - 	at com.sun.javafx.tk.Toolkit.firePulse(Toolkit.java:407) - JavaFX Application Thread
2026-04-20 14:58:38,979 [ERROR] in JavaFX Application Thread - 	at com.sun.javafx.tk.quantum.QuantumToolkit.pulse(QuantumToolkit.java:601) - JavaFX Application Thread
2026-04-20 14:58:38,979 [ERROR] in JavaFX Application Thread - 	at com.sun.javafx.tk.quantum.QuantumToolkit.pulse(QuantumToolkit.java:581) - JavaFX Application Thread
2026-04-20 14:58:38,979 [ERROR] in JavaFX Application Thread - 	at com.sun.javafx.tk.quantum.QuantumToolkit.pulseFromQueue(QuantumToolkit.java:574) - JavaFX Application Thread
2026-04-20 14:58:38,979 [ERROR] in JavaFX Application Thread - 	at com.sun.javafx.tk.quantum.QuantumToolkit.lambda$runToolkit$0(QuantumToolkit.java:351) - JavaFX Application Thread
2026-04-20 14:58:38,979 [ERROR] in JavaFX Application Thread - 	at com.sun.glass.ui.monocle.RunnableProcessor.runLoop(RunnableProcessor.java:92) - JavaFX Application Thread
2026-04-20 14:58:38,979 [ERROR] in JavaFX Application Thread - 	at com.sun.glass.ui.monocle.RunnableProcessor.run(RunnableProcessor.java:51) - JavaFX Application Thread
2026-04-20 14:58:38,979 [ERROR] in JavaFX Application Thread - 	at java.base/java.lang.Thread.run(Thread.java:1474) - JavaFX Application Thread
2026-04-20 14:58:38,995 [ERROR] in JavaFX Application Thread - Exception in thread "JavaFX Application Thread" java.lang.ClassCastException: class com.flexganttfx.sprint.model.TaskActivity cannot be cast to class com.flexganttfx.sprint.model.UserStory (com.flexganttfx.sprint.model.TaskActivity and com.flexganttfx.sprint.model.UserStory are in unnamed module of loader 'app') - JavaFX Application Thread
2026-04-20 14:58:38,995 [ERROR] in JavaFX Application Thread - 	at com.flexganttfx.sprint.renderer.UserStoryRenderer.drawActivity(UserStoryRenderer.java:38) - JavaFX Application Thread
2026-04-20 14:58:38,995 [ERROR] in JavaFX Application Thread - 	at com.flexganttfx.view.graphics.renderer.ActivityRenderer.draw(ActivityRenderer.java:70) - JavaFX Application Thread
2026-04-20 14:58:38,995 [ERROR] in JavaFX Application Thread - 	at impl.com.flexganttfx.skin.graphics.RowCanvas.drawActivity(RowCanvas.java:772) - JavaFX Application Thread
2026-04-20 14:58:38,995 [ERROR] in JavaFX Application Thread - 	at impl.com.flexganttfx.skin.graphics.RowCanvas.drawLayer(RowCanvas.java:480) - JavaFX Application Thread
2026-04-20 14:58:38,995 [ERROR] in JavaFX Application Thread - 	at impl.com.flexganttfx.skin.graphics.RowCanvas.drawModelLayers(RowCanvas.java:371) - JavaFX Application Thread
2026-04-20 14:58:38,995 [ERROR] in JavaFX Application Thread - 	at impl.com.flexganttfx.skin.graphics.RowCanvas.draw(RowCanvas.java:300) - JavaFX Application Thread
2026-04-20 14:58:38,995 [ERROR] in JavaFX Application Thread - 	at com.flexganttfx.view.graphics.GraphicsBase.lambda$new$23(GraphicsBase.java:635) - JavaFX Application Thread
2026-04-20 14:58:38,996 [ERROR] in JavaFX Application Thread - 	at javafx.scene.Scene$ScenePulseListener.pulse(Scene.java:2728) - JavaFX Application Thread
2026-04-20 14:58:38,996 [ERROR] in JavaFX Application Thread - 	at com.sun.javafx.tk.Toolkit.runPulse(Toolkit.java:382) - JavaFX Application Thread
2026-04-20 14:58:38,996 [ERROR] in JavaFX Application Thread - 	at com.sun.javafx.tk.Toolkit.firePulse(Toolkit.java:407) - JavaFX Application Thread
2026-04-20 14:58:38,996 [ERROR] in JavaFX Application Thread - 	at com.sun.javafx.tk.quantum.QuantumToolkit.pulse(QuantumToolkit.java:601) - JavaFX Application Thread
2026-04-20 14:58:38,996 [ERROR] in JavaFX Application Thread - 	at com.sun.javafx.tk.quantum.QuantumToolkit.pulse(QuantumToolkit.java:581) - JavaFX Application Thread
2026-04-20 14:58:38,996 [ERROR] in JavaFX Application Thread - 	at com.sun.javafx.tk.quantum.QuantumToolkit.pulseFromQueue(QuantumToolkit.java:574) - JavaFX Application Thread
2026-04-20 14:58:38,996 [ERROR] in JavaFX Application Thread - 	at com.sun.javafx.tk.quantum.QuantumToolkit.lambda$runToolkit$0(QuantumToolkit.java:351) - JavaFX Application Thread
2026-04-20 14:58:38,996 [ERROR] in JavaFX Application Thread - 	at com.sun.glass.ui.monocle.RunnableProcessor.runLoop(RunnableProcessor.java:92) - JavaFX Application Thread
2026-04-20 14:58:38,996 [ERROR] in JavaFX Application Thread - 	at com.sun.glass.ui.monocle.RunnableProcessor.run(RunnableProcessor.java:51) - JavaFX Application Thread
2026-04-20 14:58:38,996 [ERROR] in JavaFX Application Thread - 	at java.base/java.lang.Thread.run(Thread.java:1474) - JavaFX Application Thread
2026-04-20 14:58:39,012 [ERROR] in JavaFX Application Thread - Exception in thread "JavaFX Application Thread" java.lang.ClassCastException: class com.flexganttfx.sprint.model.TaskActivity cannot be cast to class com.flexganttfx.sprint.model.UserStory (com.flexganttfx.sprint.model.TaskActivity and com.flexganttfx.sprint.model.UserStory are in unnamed module of loader 'app') - JavaFX Application Thread
2026-04-20 14:58:39,012 [ERROR] in JavaFX Application Thread - 	at com.flexganttfx.sprint.renderer.UserStoryRenderer.drawActivity(UserStoryRenderer.java:38) - JavaFX Application Thread
2026-04-20 14:58:39,012 [ERROR] in JavaFX Application Thread - 	at com.flexganttfx.view.graphics.renderer.ActivityRenderer.draw(ActivityRenderer.java:70) - JavaFX Application Thread
2026-04-20 14:58:39,012 [ERROR] in JavaFX Application Thread - 	at impl.com.flexganttfx.skin.graphics.RowCanvas.drawActivity(RowCanvas.java:772) - JavaFX Application Thread
2026-04-20 14:58:39,012 [ERROR] in JavaFX Application Thread - 	at impl.com.flexganttfx.skin.graphics.RowCanvas.drawLayer(RowCanvas.java:480) - JavaFX Application Thread
2026-04-20 14:58:39,012 [ERROR] in JavaFX Application Thread - 	at impl.com.flexganttfx.skin.graphics.RowCanvas.drawModelLayers(RowCanvas.java:371) - JavaFX Application Thread
2026-04-20 14:58:39,012 [ERROR] in JavaFX Application Thread - 	at impl.com.flexganttfx.skin.graphics.RowCanvas.draw(RowCanvas.java:300) - JavaFX Application Thread
2026-04-20 14:58:39,012 [ERROR] in JavaFX Application Thread - 	at com.flexganttfx.view.graphics.GraphicsBase.lambda$new$23(GraphicsBase.java:635) - JavaFX Application Thread
2026-04-20 14:58:39,012 [ERROR] in JavaFX Application Thread - 	at javafx.scene.Scene$ScenePulseListener.pulse(Scene.java:2728) - JavaFX Application Thread
2026-04-20 14:58:39,012 [ERROR] in JavaFX Application Thread - 	at com.sun.javafx.tk.Toolkit.runPulse(Toolkit.java:382) - JavaFX Application Thread
2026-04-20 14:58:39,012 [ERROR] in JavaFX Application Thread - 	at com.sun.javafx.tk.Toolkit.firePulse(Toolkit.java:407) - JavaFX Application Thread
2026-04-20 14:58:39,012 [ERROR] in JavaFX Application Thread - 	at com.sun.javafx.tk.quantum.QuantumToolkit.pulse(QuantumToolkit.java:601) - JavaFX Application Thread
2026-04-20 14:58:39,012 [ERROR] in JavaFX Application Thread - 	at com.sun.javafx.tk.quantum.QuantumToolkit.pulse(QuantumToolkit.java:581) - JavaFX Application Thread
2026-04-20 14:58:39,012 [ERROR] in JavaFX Application Thread - 	at com.sun.javafx.tk.quantum.QuantumToolkit.pulseFromQueue(QuantumToolkit.java:574) - JavaFX Application Thread
2026-04-20 14:58:39,012 [ERROR] in JavaFX Application Thread - 	at com.sun.javafx.tk.quantum.QuantumToolkit.lambda$runToolkit$0(QuantumToolkit.java:351) - JavaFX Application Thread
2026-04-20 14:58:39,012 [ERROR] in JavaFX Application Thread - 	at com.sun.glass.ui.monocle.RunnableProcessor.runLoop(RunnableProcessor.java:92) - JavaFX Application Thread
2026-04-20 14:58:39,012 [ERROR] in JavaFX Application Thread - 	at com.sun.glass.ui.monocle.RunnableProcessor.run(RunnableProcessor.java:51) - JavaFX Application Thread
2026-04-20 14:58:39,012 [ERROR] in JavaFX Application Thread - 	at java.base/java.lang.Thread.run(Thread.java:1474) - JavaFX Application Thread
2026-04-20 14:58:39,028 [ERROR] in JavaFX Application Thread - Exception in thread "JavaFX Application Thread" java.lang.ClassCastException: class com.flexganttfx.sprint.model.TaskActivity cannot be cast to class com.flexganttfx.sprint.model.UserStory (com.flexganttfx.sprint.model.TaskActivity and com.flexganttfx.sprint.model.UserStory are in unnamed module of loader 'app') - JavaFX Application Thread
2026-04-20 14:58:39,028 [ERROR] in JavaFX Application Thread - 	at com.flexganttfx.sprint.renderer.UserStoryRenderer.drawActivity(UserStoryRenderer.java:38) - JavaFX Application Thread
2026-04-20 14:58:39,028 [ERROR] in JavaFX Application Thread - 	at com.flexganttfx.view.graphics.renderer.ActivityRenderer.draw(ActivityRenderer.java:70) - JavaFX Application Thread
2026-04-20 14:58:39,028 [ERROR] in JavaFX Application Thread - 	at impl.com.flexganttfx.skin.graphics.RowCanvas.drawActivity(RowCanvas.java:772) - JavaFX Application Thread
2026-04-20 14:58:39,028 [ERROR] in JavaFX Application Thread - 	at impl.com.flexganttfx.skin.graphics.RowCanvas.drawLayer(RowCanvas.java:480) - JavaFX Application Thread
2026-04-20 14:58:39,028 [ERROR] in JavaFX Application Thread - 	at impl.com.flexganttfx.skin.graphics.RowCanvas.drawModelLayers(RowCanvas.java:371) - JavaFX Application Thread
2026-04-20 14:58:39,028 [ERROR] in JavaFX Application Thread - 	at impl.com.flexganttfx.skin.graphics.RowCanvas.draw(RowCanvas.java:300) - JavaFX Application Thread
2026-04-20 14:58:39,028 [ERROR] in JavaFX Application Thread - 	at com.flexganttfx.view.graphics.GraphicsBase.lambda$new$23(GraphicsBase.java:635) - JavaFX Application Thread
2026-04-20 14:58:39,028 [ERROR] in JavaFX Application Thread - 	at javafx.scene.Scene$ScenePulseListener.pulse(Scene.java:2728) - JavaFX Application Thread
2026-04-20 14:58:39,028 [ERROR] in JavaFX Application Thread - 	at com.sun.javafx.tk.Toolkit.runPulse(Toolkit.java:382) - JavaFX Application Thread
2026-04-20 14:58:39,028 [ERROR] in JavaFX Application Thread - 	at com.sun.javafx.tk.Toolkit.firePulse(Toolkit.java:407) - JavaFX Application Thread
2026-04-20 14:58:39,028 [ERROR] in JavaFX Application Thread - 	at com.sun.javafx.tk.quantum.QuantumToolkit.pulse(QuantumToolkit.java:601) - JavaFX Application Thread
2026-04-20 14:58:39,028 [ERROR] in JavaFX Application Thread - 	at com.sun.javafx.tk.quantum.QuantumToolkit.pulse(QuantumToolkit.java:581) - JavaFX Application Thread
2026-04-20 14:58:39,028 [ERROR] in JavaFX Application Thread - 	at com.sun.javafx.tk.quantum.QuantumToolkit.pulseFromQueue(QuantumToolkit.java:574) - JavaFX Application Thread
2026-04-20 14:58:39,028 [ERROR] in JavaFX Application Thread - 	at com.sun.javafx.tk.quantum.QuantumToolkit.lambda$runToolkit$0(QuantumToolkit.java:351) - JavaFX Application Thread
2026-04-20 14:58:39,028 [ERROR] in JavaFX Application Thread - 	at com.sun.glass.ui.monocle.RunnableProcessor.runLoop(RunnableProcessor.java:92) - JavaFX Application Thread
2026-04-20 14:58:39,028 [ERROR] in JavaFX Application Thread - 	at com.sun.glass.ui.monocle.RunnableProcessor.run(RunnableProcessor.java:51) - JavaFX Application Thread
2026-04-20 14:58:39,029 [ERROR] in JavaFX Application Thread - 	at java.base/java.lang.Thread.run(Thread.java:1474) - JavaFX Application Thread
2026-04-20 14:58:39,043 [ERROR] in JavaFX Application Thread - Exception in thread "JavaFX Application Thread" java.lang.ClassCastException: class com.flexganttfx.sprint.model.TaskActivity cannot be cast to class com.flexganttfx.sprint.model.UserStory (com.flexganttfx.sprint.model.TaskActivity and com.flexganttfx.sprint.model.UserStory are in unnamed module of loader 'app') - JavaFX Application Thread
2026-04-20 14:58:39,043 [ERROR] in JavaFX Application Thread - 	at com.flexganttfx.sprint.renderer.UserStoryRenderer.drawActivity(UserStoryRenderer.java:38) - JavaFX Application Thread
2026-04-20 14:58:39,043 [ERROR] in JavaFX Application Thread - 	at com.flexganttfx.view.graphics.renderer.ActivityRenderer.draw(ActivityRenderer.java:70) - JavaFX Application Thread
2026-04-20 14:58:39,043 [ERROR] in JavaFX Application Thread - 	at impl.com.flexganttfx.skin.graphics.RowCanvas.drawActivity(RowCanvas.java:772) - JavaFX Application Thread
2026-04-20 14:58:39,043 [ERROR] in JavaFX Application Thread - 	at impl.com.flexganttfx.skin.graphics.RowCanvas.drawLayer(RowCanvas.java:480) - JavaFX Application Thread
2026-04-20 14:58:39,043 [ERROR] in JavaFX Application Thread - 	at impl.com.flexganttfx.skin.graphics.RowCanvas.drawModelLayers(RowCanvas.java:371) - JavaFX Application Thread
2026-04-20 14:58:39,043 [ERROR] in JavaFX Application Thread - 	at impl.com.flexganttfx.skin.graphics.RowCanvas.draw(RowCanvas.java:300) - JavaFX Application Thread
2026-04-20 14:58:39,043 [ERROR] in JavaFX Application Thread - 	at com.flexganttfx.view.graphics.GraphicsBase.lambda$new$23(GraphicsBase.java:635) - JavaFX Application Thread
2026-04-20 14:58:39,043 [ERROR] in JavaFX Application Thread - 	at javafx.scene.Scene$ScenePulseListener.pulse(Scene.java:2728) - JavaFX Application Thread
2026-04-20 14:58:39,043 [ERROR] in JavaFX Application Thread - 	at com.sun.javafx.tk.Toolkit.runPulse(Toolkit.java:382) - JavaFX Application Thread
2026-04-20 14:58:39,043 [ERROR] in JavaFX Application Thread - 	at com.sun.javafx.tk.Toolkit.firePulse(Toolkit.java:407) - JavaFX Application Thread
2026-04-20 14:58:39,043 [ERROR] in JavaFX Application Thread - 	at com.sun.javafx.tk.quantum.QuantumToolkit.pulse(QuantumToolkit.java:601) - JavaFX Application Thread
2026-04-20 14:58:39,043 [ERROR] in JavaFX Application Thread - 	at com.sun.javafx.tk.quantum.QuantumToolkit.pulse(QuantumToolkit.java:581) - JavaFX Application Thread
2026-04-20 14:58:39,043 [ERROR] in JavaFX Application Thread - 	at com.sun.javafx.tk.quantum.QuantumToolkit.pulseFromQueue(QuantumToolkit.java:574) - JavaFX Application Thread
2026-04-20 14:58:39,043 [ERROR] in JavaFX Application Thread - 	at com.sun.javafx.tk.quantum.QuantumToolkit.lambda$runToolkit$0(QuantumToolkit.java:351) - JavaFX Application Thread
2026-04-20 14:58:39,043 [ERROR] in JavaFX Application Thread - 	at com.sun.glass.ui.monocle.RunnableProcessor.runLoop(RunnableProcessor.java:92) - JavaFX Application Thread
2026-04-20 14:58:39,043 [ERROR] in JavaFX Application Thread - 	at com.sun.glass.ui.monocle.RunnableProcessor.run(RunnableProcessor.java:51) - JavaFX Application Thread
2026-04-20 14:58:39,043 [ERROR] in JavaFX Application Thread - 	at java.base/java.lang.Thread.run(Thread.java:1474) - JavaFX Application Thread
2026-04-20 14:58:39,060 [ERROR] in JavaFX Application Thread - Exception in thread "JavaFX Application Thread" java.lang.ClassCastException: class com.flexganttfx.sprint.model.TaskActivity cannot be cast to class com.flexganttfx.sprint.model.UserStory (com.flexganttfx.sprint.model.TaskActivity and com.flexganttfx.sprint.model.UserStory are in unnamed module of loader 'app') - JavaFX Application Thread
2026-04-20 14:58:39,060 [ERROR] in JavaFX Application Thread - 	at com.flexganttfx.sprint.renderer.UserStoryRenderer.drawActivity(UserStoryRenderer.java:38) - JavaFX Application Thread
2026-04-20 14:58:39,060 [ERROR] in JavaFX Application Thread - 	at com.flexganttfx.view.graphics.renderer.ActivityRenderer.draw(ActivityRenderer.java:70) - JavaFX Application Thread
2026-04-20 14:58:39,060 [ERROR] in JavaFX Application Thread - 	at impl.com.flexganttfx.skin.graphics.RowCanvas.drawActivity(RowCanvas.java:772) - JavaFX Application Thread
2026-04-20 14:58:39,060 [ERROR] in JavaFX Application Thread - 	at impl.com.flexganttfx.skin.graphics.RowCanvas.drawLayer(RowCanvas.java:480) - JavaFX Application Thread
2026-04-20 14:58:39,060 [ERROR] in JavaFX Application Thread - 	at impl.com.flexganttfx.skin.graphics.RowCanvas.drawModelLayers(RowCanvas.java:371) - JavaFX Application Thread
2026-04-20 14:58:39,060 [ERROR] in JavaFX Application Thread - 	at impl.com.flexganttfx.skin.graphics.RowCanvas.draw(RowCanvas.java:300) - JavaFX Application Thread
2026-04-20 14:58:39,060 [ERROR] in JavaFX Application Thread - 	at com.flexganttfx.view.graphics.GraphicsBase.lambda$new$23(GraphicsBase.java:635) - JavaFX Application Thread
2026-04-20 14:58:39,060 [ERROR] in JavaFX Application Thread - 	at javafx.scene.Scene$ScenePulseListener.pulse(Scene.java:2728) - JavaFX Application Thread
2026-04-20 14:58:39,060 [ERROR] in JavaFX Application Thread - 	at com.sun.javafx.tk.Toolkit.runPulse(Toolkit.java:382) - JavaFX Application Thread
2026-04-20 14:58:39,060 [ERROR] in JavaFX Application Thread - 	at com.sun.javafx.tk.Toolkit.firePulse(Toolkit.java:407) - JavaFX Application Thread
2026-04-20 14:58:39,060 [ERROR] in JavaFX Application Thread - 	at com.sun.javafx.tk.quantum.QuantumToolkit.pulse(QuantumToolkit.java:601) - JavaFX Application Thread
2026-04-20 14:58:39,060 [ERROR] in JavaFX Application Thread - 	at com.sun.javafx.tk.quantum.QuantumToolkit.pulse(QuantumToolkit.java:581) - JavaFX Application Thread
2026-04-20 14:58:39,060 [ERROR] in JavaFX Application Thread - 	at com.sun.javafx.tk.quantum.QuantumToolkit.pulseFromQueue(QuantumToolkit.java:574) - JavaFX Application Thread
2026-04-20 14:58:39,060 [ERROR] in JavaFX Application Thread - 	at com.sun.javafx.tk.quantum.QuantumToolkit.lambda$runToolkit$0(QuantumToolkit.java:351) - JavaFX Application Thread
2026-04-20 14:58:39,060 [ERROR] in JavaFX Application Thread - 	at com.sun.glass.ui.monocle.RunnableProcessor.runLoop(RunnableProcessor.java:92) - JavaFX Application Thread
2026-04-20 14:58:39,060 [ERROR] in JavaFX Application Thread - 	at com.sun.glass.ui.monocle.RunnableProcessor.run(RunnableProcessor.java:51) - JavaFX Application Thread
2026-04-20 14:58:39,060 [ERROR] in JavaFX Application Thread - 	at java.base/java.lang.Thread.run(Thread.java:1474) - JavaFX Application Thread
2026-04-20 14:58:39,077 [ERROR] in JavaFX Application Thread - Exception in thread "JavaFX Application Thread" java.lang.ClassCastException: class com.flexganttfx.sprint.model.TaskActivity cannot be cast to class com.flexganttfx.sprint.model.UserStory (com.flexganttfx.sprint.model.TaskActivity and com.flexganttfx.sprint.model.UserStory are in unnamed module of loader 'app') - JavaFX Application Thread
2026-04-20 14:58:39,077 [ERROR] in JavaFX Application Thread - 	at com.flexganttfx.sprint.renderer.UserStoryRenderer.drawActivity(UserStoryRenderer.java:38) - JavaFX Application Thread
2026-04-20 14:58:39,077 [ERROR] in JavaFX Application Thread - 	at com.flexganttfx.view.graphics.renderer.ActivityRenderer.draw(ActivityRenderer.java:70) - JavaFX Application Thread
2026-04-20 14:58:39,077 [ERROR] in JavaFX Application Thread - 	at impl.com.flexganttfx.skin.graphics.RowCanvas.drawActivity(RowCanvas.java:772) - JavaFX Application Thread
2026-04-20 14:58:39,077 [ERROR] in JavaFX Application Thread - 	at impl.com.flexganttfx.skin.graphics.RowCanvas.drawLayer(RowCanvas.java:480) - JavaFX Application Thread
2026-04-20 14:58:39,077 [ERROR] in JavaFX Application Thread - 	at impl.com.flexganttfx.skin.graphics.RowCanvas.drawModelLayers(RowCanvas.java:371) - JavaFX Application Thread
2026-04-20 14:58:39,077 [ERROR] in JavaFX Application Thread - 	at impl.com.flexganttfx.skin.graphics.RowCanvas.draw(RowCanvas.java:300) - JavaFX Application Thread
2026-04-20 14:58:39,077 [ERROR] in JavaFX Application Thread - 	at com.flexganttfx.view.graphics.GraphicsBase.lambda$new$23(GraphicsBase.java:635) - JavaFX Application Thread
2026-04-20 14:58:39,077 [ERROR] in JavaFX Application Thread - 	at javafx.scene.Scene$ScenePulseListener.pulse(Scene.java:2728) - JavaFX Application Thread
2026-04-20 14:58:39,077 [ERROR] in JavaFX Application Thread - 	at com.sun.javafx.tk.Toolkit.runPulse(Toolkit.java:382) - JavaFX Application Thread
2026-04-20 14:58:39,077 [ERROR] in JavaFX Application Thread - 	at com.sun.javafx.tk.Toolkit.firePulse(Toolkit.java:407) - JavaFX Application Thread
2026-04-20 14:58:39,077 [ERROR] in JavaFX Application Thread - 	at com.sun.javafx.tk.quantum.QuantumToolkit.pulse(QuantumToolkit.java:601) - JavaFX Application Thread
2026-04-20 14:58:39,077 [ERROR] in JavaFX Application Thread - 	at com.sun.javafx.tk.quantum.QuantumToolkit.pulse(QuantumToolkit.java:581) - JavaFX Application Thread
2026-04-20 14:58:39,077 [ERROR] in JavaFX Application Thread - 	at com.sun.javafx.tk.quantum.QuantumToolkit.pulseFromQueue(QuantumToolkit.java:574) - JavaFX Application Thread
2026-04-20 14:58:39,077 [ERROR] in JavaFX Application Thread - 	at com.sun.javafx.tk.quantum.QuantumToolkit.lambda$runToolkit$0(QuantumToolkit.java:351) - JavaFX Application Thread
2026-04-20 14:58:39,077 [ERROR] in JavaFX Application Thread - 	at com.sun.glass.ui.monocle.RunnableProcessor.runLoop(RunnableProcessor.java:92) - JavaFX Application Thread
2026-04-20 14:58:39,077 [ERROR] in JavaFX Application Thread - 	at com.sun.glass.ui.monocle.RunnableProcessor.run(RunnableProcessor.java:51) - JavaFX Application Thread
2026-04-20 14:58:39,077 [ERROR] in JavaFX Application Thread - 	at java.base/java.lang.Thread.run(Thread.java:1474) - JavaFX Application Thread
2026-04-20 14:58:39,092 [ERROR] in JavaFX Application Thread - Exception in thread "JavaFX Application Thread" java.lang.ClassCastException: class com.flexganttfx.sprint.model.TaskActivity cannot be cast to class com.flexganttfx.sprint.model.UserStory (com.flexganttfx.sprint.model.TaskActivity and com.flexganttfx.sprint.model.UserStory are in unnamed module of loader 'app') - JavaFX Application Thread
2026-04-20 14:58:39,092 [ERROR] in JavaFX Application Thread - 	at com.flexganttfx.sprint.renderer.UserStoryRenderer.drawActivity(UserStoryRenderer.java:38) - JavaFX Application Thread
2026-04-20 14:58:39,092 [ERROR] in JavaFX Application Thread - 	at com.flexganttfx.view.graphics.renderer.ActivityRenderer.draw(ActivityRenderer.java:70) - JavaFX Application Thread
2026-04-20 14:58:39,092 [ERROR] in JavaFX Application Thread - 	at impl.com.flexganttfx.skin.graphics.RowCanvas.drawActivity(RowCanvas.java:772) - JavaFX Application Thread
2026-04-20 14:58:39,092 [ERROR] in JavaFX Application Thread - 	at impl.com.flexganttfx.skin.graphics.RowCanvas.drawLayer(RowCanvas.java:480) - JavaFX Application Thread
2026-04-20 14:58:39,092 [ERROR] in JavaFX Application Thread - 	at impl.com.flexganttfx.skin.graphics.RowCanvas.drawModelLayers(RowCanvas.java:371) - JavaFX Application Thread
2026-04-20 14:58:39,092 [ERROR] in JavaFX Application Thread - 	at impl.com.flexganttfx.skin.graphics.RowCanvas.draw(RowCanvas.java:300) - JavaFX Application Thread
2026-04-20 14:58:39,092 [ERROR] in JavaFX Application Thread - 	at com.flexganttfx.view.graphics.GraphicsBase.lambda$new$23(GraphicsBase.java:635) - JavaFX Application Thread
2026-04-20 14:58:39,092 [ERROR] in JavaFX Application Thread - 	at javafx.scene.Scene$ScenePulseListener.pulse(Scene.java:2728) - JavaFX Application Thread
2026-04-20 14:58:39,092 [ERROR] in JavaFX Application Thread - 	at com.sun.javafx.tk.Toolkit.runPulse(Toolkit.java:382) - JavaFX Application Thread
2026-04-20 14:58:39,092 [ERROR] in JavaFX Application Thread - 	at com.sun.javafx.tk.Toolkit.firePulse(Toolkit.java:407) - JavaFX Application Thread
2026-04-20 14:58:39,092 [ERROR] in JavaFX Application Thread - 	at com.sun.javafx.tk.quantum.QuantumToolkit.pulse(QuantumToolkit.java:601) - JavaFX Application Thread
2026-04-20 14:58:39,092 [ERROR] in JavaFX Application Thread - 	at com.sun.javafx.tk.quantum.QuantumToolkit.pulse(QuantumToolkit.java:581) - JavaFX Application Thread
2026-04-20 14:58:39,092 [ERROR] in JavaFX Application Thread - 	at com.sun.javafx.tk.quantum.QuantumToolkit.pulseFromQueue(QuantumToolkit.java:574) - JavaFX Application Thread
2026-04-20 14:58:39,092 [ERROR] in JavaFX Application Thread - 	at com.sun.javafx.tk.quantum.QuantumToolkit.lambda$runToolkit$0(QuantumToolkit.java:351) - JavaFX Application Thread
2026-04-20 14:58:39,092 [ERROR] in JavaFX Application Thread - 	at com.sun.glass.ui.monocle.RunnableProcessor.runLoop(RunnableProcessor.java:92) - JavaFX Application Thread
2026-04-20 14:58:39,092 [ERROR] in JavaFX Application Thread - 	at com.sun.glass.ui.monocle.RunnableProcessor.run(RunnableProcessor.java:51) - JavaFX Application Thread
2026-04-20 14:58:39,092 [ERROR] in JavaFX Application Thread - 	at java.base/java.lang.Thread.run(Thread.java:1474) - JavaFX Application Thread
2026-04-20 14:58:39,108 [ERROR] in JavaFX Application Thread - Exception in thread "JavaFX Application Thread" java.lang.ClassCastException: class com.flexganttfx.sprint.model.TaskActivity cannot be cast to class com.flexganttfx.sprint.model.UserStory (com.flexganttfx.sprint.model.TaskActivity and com.flexganttfx.sprint.model.UserStory are in unnamed module of loader 'app') - JavaFX Application Thread
2026-04-20 14:58:39,108 [ERROR] in JavaFX Application Thread - 	at com.flexganttfx.sprint.renderer.UserStoryRenderer.drawActivity(UserStoryRenderer.java:38) - JavaFX Application Thread
2026-04-20 14:58:39,108 [ERROR] in JavaFX Application Thread - 	at com.flexganttfx.view.graphics.renderer.ActivityRenderer.draw(ActivityRenderer.java:70) - JavaFX Application Thread
2026-04-20 14:58:39,108 [ERROR] in JavaFX Application Thread - 	at impl.com.flexganttfx.skin.graphics.RowCanvas.drawActivity(RowCanvas.java:772) - JavaFX Application Thread
2026-04-20 14:58:39,108 [ERROR] in JavaFX Application Thread - 	at impl.com.flexganttfx.skin.graphics.RowCanvas.drawLayer(RowCanvas.java:480) - JavaFX Application Thread
2026-04-20 14:58:39,108 [ERROR] in JavaFX Application Thread - 	at impl.com.flexganttfx.skin.graphics.RowCanvas.drawModelLayers(RowCanvas.java:371) - JavaFX Application Thread
2026-04-20 14:58:39,108 [ERROR] in JavaFX Application Thread - 	at impl.com.flexganttfx.skin.graphics.RowCanvas.draw(RowCanvas.java:300) - JavaFX Application Thread
2026-04-20 14:58:39,108 [ERROR] in JavaFX Application Thread - 	at com.flexganttfx.view.graphics.GraphicsBase.lambda$new$23(GraphicsBase.java:635) - JavaFX Application Thread
2026-04-20 14:58:39,108 [ERROR] in JavaFX Application Thread - 	at javafx.scene.Scene$ScenePulseListener.pulse(Scene.java:2728) - JavaFX Application Thread
2026-04-20 14:58:39,108 [ERROR] in JavaFX Application Thread - 	at com.sun.javafx.tk.Toolkit.runPulse(Toolkit.java:382) - JavaFX Application Thread
2026-04-20 14:58:39,108 [ERROR] in JavaFX Application Thread - 	at com.sun.javafx.tk.Toolkit.firePulse(Toolkit.java:407) - JavaFX Application Thread
2026-04-20 14:58:39,108 [ERROR] in JavaFX Application Thread - 	at com.sun.javafx.tk.quantum.QuantumToolkit.pulse(QuantumToolkit.java:601) - JavaFX Application Thread
2026-04-20 14:58:39,108 [ERROR] in JavaFX Application Thread - 	at com.sun.javafx.tk.quantum.QuantumToolkit.pulse(QuantumToolkit.java:581) - JavaFX Application Thread
2026-04-20 14:58:39,108 [ERROR] in JavaFX Application Thread - 	at com.sun.javafx.tk.quantum.QuantumToolkit.pulseFromQueue(QuantumToolkit.java:574) - JavaFX Application Thread
2026-04-20 14:58:39,108 [ERROR] in JavaFX Application Thread - 	at com.sun.javafx.tk.quantum.QuantumToolkit.lambda$runToolkit$0(QuantumToolkit.java:351) - JavaFX Application Thread
2026-04-20 14:58:39,108 [ERROR] in JavaFX Application Thread - 	at com.sun.glass.ui.monocle.RunnableProcessor.runLoop(RunnableProcessor.java:92) - JavaFX Application Thread
2026-04-20 14:58:39,108 [ERROR] in JavaFX Application Thread - 	at com.sun.glass.ui.monocle.RunnableProcessor.run(RunnableProcessor.java:51) - JavaFX Application Thread
2026-04-20 14:58:39,108 [ERROR] in JavaFX Application Thread - 	at java.base/java.lang.Thread.run(Thread.java:1474) - JavaFX Application Thread
2026-04-20 14:58:39,124 [ERROR] in JavaFX Application Thread - Exception in thread "JavaFX Application Thread" java.lang.ClassCastException: class com.flexganttfx.sprint.model.TaskActivity cannot be cast to class com.flexganttfx.sprint.model.UserStory (com.flexganttfx.sprint.model.TaskActivity and com.flexganttfx.sprint.model.UserStory are in unnamed module of loader 'app') - JavaFX Application Thread
2026-04-20 14:58:39,124 [ERROR] in JavaFX Application Thread - 	at com.flexganttfx.sprint.renderer.UserStoryRenderer.drawActivity(UserStoryRenderer.java:38) - JavaFX Application Thread
2026-04-20 14:58:39,124 [ERROR] in JavaFX Application Thread - 	at com.flexganttfx.view.graphics.renderer.ActivityRenderer.draw(ActivityRenderer.java:70) - JavaFX Application Thread
2026-04-20 14:58:39,124 [ERROR] in JavaFX Application Thread - 	at impl.com.flexganttfx.skin.graphics.RowCanvas.drawActivity(RowCanvas.java:772) - JavaFX Application Thread
2026-04-20 14:58:39,124 [ERROR] in JavaFX Application Thread - 	at impl.com.flexganttfx.skin.graphics.RowCanvas.drawLayer(RowCanvas.java:480) - JavaFX Application Thread
2026-04-20 14:58:39,124 [ERROR] in JavaFX Application Thread - 	at impl.com.flexganttfx.skin.graphics.RowCanvas.drawModelLayers(RowCanvas.java:371) - JavaFX Application Thread
2026-04-20 14:58:39,124 [ERROR] in JavaFX Application Thread - 	at impl.com.flexganttfx.skin.graphics.RowCanvas.draw(RowCanvas.java:300) - JavaFX Application Thread
2026-04-20 14:58:39,124 [ERROR] in JavaFX Application Thread - 	at com.flexganttfx.view.graphics.GraphicsBase.lambda$new$23(GraphicsBase.java:635) - JavaFX Application Thread
2026-04-20 14:58:39,124 [ERROR] in JavaFX Application Thread - 	at javafx.scene.Scene$ScenePulseListener.pulse(Scene.java:2728) - JavaFX Application Thread
2026-04-20 14:58:39,124 [ERROR] in JavaFX Application Thread - 	at com.sun.javafx.tk.Toolkit.runPulse(Toolkit.java:382) - JavaFX Application Thread
2026-04-20 14:58:39,124 [ERROR] in JavaFX Application Thread - 	at com.sun.javafx.tk.Toolkit.firePulse(Toolkit.java:407) - JavaFX Application Thread
2026-04-20 14:58:39,124 [ERROR] in JavaFX Application Thread - 	at com.sun.javafx.tk.quantum.QuantumToolkit.pulse(QuantumToolkit.java:601) - JavaFX Application Thread
2026-04-20 14:58:39,124 [ERROR] in JavaFX Application Thread - 	at com.sun.javafx.tk.quantum.QuantumToolkit.pulse(QuantumToolkit.java:581) - JavaFX Application Thread
2026-04-20 14:58:39,124 [ERROR] in JavaFX Application Thread - 	at com.sun.javafx.tk.quantum.QuantumToolkit.pulseFromQueue(QuantumToolkit.java:574) - JavaFX Application Thread
2026-04-20 14:58:39,124 [ERROR] in JavaFX Application Thread - 	at com.sun.javafx.tk.quantum.QuantumToolkit.lambda$runToolkit$0(QuantumToolkit.java:351) - JavaFX Application Thread
2026-04-20 14:58:39,124 [ERROR] in JavaFX Application Thread - 	at com.sun.glass.ui.monocle.RunnableProcessor.runLoop(RunnableProcessor.java:92) - JavaFX Application Thread
2026-04-20 14:58:39,124 [ERROR] in JavaFX Application Thread - 	at com.sun.glass.ui.monocle.RunnableProcessor.run(RunnableProcessor.java:51) - JavaFX Application Thread
2026-04-20 14:58:39,124 [ERROR] in JavaFX Application Thread - 	at java.base/java.lang.Thread.run(Thread.java:1474) - JavaFX Application Thread
2026-04-20 14:58:39,140 [ERROR] in JavaFX Application Thread - Exception in thread "JavaFX Application Thread" java.lang.ClassCastException: class com.flexganttfx.sprint.model.TaskActivity cannot be cast to class com.flexganttfx.sprint.model.UserStory (com.flexganttfx.sprint.model.TaskActivity and com.flexganttfx.sprint.model.UserStory are in unnamed module of loader 'app') - JavaFX Application Thread
2026-04-20 14:58:39,140 [ERROR] in JavaFX Application Thread - 	at com.flexganttfx.sprint.renderer.UserStoryRenderer.drawActivity(UserStoryRenderer.java:38) - JavaFX Application Thread
2026-04-20 14:58:39,140 [ERROR] in JavaFX Application Thread - 	at com.flexganttfx.view.graphics.renderer.ActivityRenderer.draw(ActivityRenderer.java:70) - JavaFX Application Thread
2026-04-20 14:58:39,140 [ERROR] in JavaFX Application Thread - 	at impl.com.flexganttfx.skin.graphics.RowCanvas.drawActivity(RowCanvas.java:772) - JavaFX Application Thread
2026-04-20 14:58:39,140 [ERROR] in JavaFX Application Thread - 	at impl.com.flexganttfx.skin.graphics.RowCanvas.drawLayer(RowCanvas.java:480) - JavaFX Application Thread
2026-04-20 14:58:39,140 [ERROR] in JavaFX Application Thread - 	at impl.com.flexganttfx.skin.graphics.RowCanvas.drawModelLayers(RowCanvas.java:371) - JavaFX Application Thread
2026-04-20 14:58:39,140 [ERROR] in JavaFX Application Thread - 	at impl.com.flexganttfx.skin.graphics.RowCanvas.draw(RowCanvas.java:300) - JavaFX Application Thread
2026-04-20 14:58:39,140 [ERROR] in JavaFX Application Thread - 	at com.flexganttfx.view.graphics.GraphicsBase.lambda$new$23(GraphicsBase.java:635) - JavaFX Application Thread
2026-04-20 14:58:39,140 [ERROR] in JavaFX Application Thread - 	at javafx.scene.Scene$ScenePulseListener.pulse(Scene.java:2728) - JavaFX Application Thread
2026-04-20 14:58:39,140 [ERROR] in JavaFX Application Thread - 	at com.sun.javafx.tk.Toolkit.runPulse(Toolkit.java:382) - JavaFX Application Thread
2026-04-20 14:58:39,140 [ERROR] in JavaFX Application Thread - 	at com.sun.javafx.tk.Toolkit.firePulse(Toolkit.java:407) - JavaFX Application Thread
2026-04-20 14:58:39,140 [ERROR] in JavaFX Application Thread - 	at com.sun.javafx.tk.quantum.QuantumToolkit.pulse(QuantumToolkit.java:601) - JavaFX Application Thread
2026-04-20 14:58:39,140 [ERROR] in JavaFX Application Thread - 	at com.sun.javafx.tk.quantum.QuantumToolkit.pulse(QuantumToolkit.java:581) - JavaFX Application Thread
2026-04-20 14:58:39,140 [ERROR] in JavaFX Application Thread - 	at com.sun.javafx.tk.quantum.QuantumToolkit.pulseFromQueue(QuantumToolkit.java:574) - JavaFX Application Thread
2026-04-20 14:58:39,140 [ERROR] in JavaFX Application Thread - 	at com.sun.javafx.tk.quantum.QuantumToolkit.lambda$runToolkit$0(QuantumToolkit.java:351) - JavaFX Application Thread
2026-04-20 14:58:39,140 [ERROR] in JavaFX Application Thread - 	at com.sun.glass.ui.monocle.RunnableProcessor.runLoop(RunnableProcessor.java:92) - JavaFX Application Thread
2026-04-20 14:58:39,140 [ERROR] in JavaFX Application Thread - 	at com.sun.glass.ui.monocle.RunnableProcessor.run(RunnableProcessor.java:51) - JavaFX Application Thread
2026-04-20 14:58:39,140 [ERROR] in JavaFX Application Thread - 	at java.base/java.lang.Thread.run(Thread.java:1474) - JavaFX Application Thread
2026-04-20 14:58:39,156 [ERROR] in JavaFX Application Thread - Exception in thread "JavaFX Application Thread" java.lang.ClassCastException: class com.flexganttfx.sprint.model.TaskActivity cannot be cast to class com.flexganttfx.sprint.model.UserStory (com.flexganttfx.sprint.model.TaskActivity and com.flexganttfx.sprint.model.UserStory are in unnamed module of loader 'app') - JavaFX Application Thread
2026-04-20 14:58:39,156 [ERROR] in JavaFX Application Thread - 	at com.flexganttfx.sprint.renderer.UserStoryRenderer.drawActivity(UserStoryRenderer.java:38) - JavaFX Application Thread
2026-04-20 14:58:39,156 [ERROR] in JavaFX Application Thread - 	at com.flexganttfx.view.graphics.renderer.ActivityRenderer.draw(ActivityRenderer.java:70) - JavaFX Application Thread
2026-04-20 14:58:39,156 [ERROR] in JavaFX Application Thread - 	at impl.com.flexganttfx.skin.graphics.RowCanvas.drawActivity(RowCanvas.java:772) - JavaFX Application Thread
2026-04-20 14:58:39,156 [ERROR] in JavaFX Application Thread - 	at impl.com.flexganttfx.skin.graphics.RowCanvas.drawLayer(RowCanvas.java:480) - JavaFX Application Thread
2026-04-20 14:58:39,156 [ERROR] in JavaFX Application Thread - 	at impl.com.flexganttfx.skin.graphics.RowCanvas.drawModelLayers(RowCanvas.java:371) - JavaFX Application Thread
2026-04-20 14:58:39,156 [ERROR] in JavaFX Application Thread - 	at impl.com.flexganttfx.skin.graphics.RowCanvas.draw(RowCanvas.java:300) - JavaFX Application Thread
2026-04-20 14:58:39,156 [ERROR] in JavaFX Application Thread - 	at com.flexganttfx.view.graphics.GraphicsBase.lambda$new$23(GraphicsBase.java:635) - JavaFX Application Thread
2026-04-20 14:58:39,156 [ERROR] in JavaFX Application Thread - 	at javafx.scene.Scene$ScenePulseListener.pulse(Scene.java:2728) - JavaFX Application Thread
2026-04-20 14:58:39,156 [ERROR] in JavaFX Application Thread - 	at com.sun.javafx.tk.Toolkit.runPulse(Toolkit.java:382) - JavaFX Application Thread
2026-04-20 14:58:39,156 [ERROR] in JavaFX Application Thread - 	at com.sun.javafx.tk.Toolkit.firePulse(Toolkit.java:407) - JavaFX Application Thread
2026-04-20 14:58:39,156 [ERROR] in JavaFX Application Thread - 	at com.sun.javafx.tk.quantum.QuantumToolkit.pulse(QuantumToolkit.java:601) - JavaFX Application Thread
2026-04-20 14:58:39,156 [ERROR] in JavaFX Application Thread - 	at com.sun.javafx.tk.quantum.QuantumToolkit.pulse(QuantumToolkit.java:581) - JavaFX Application Thread
2026-04-20 14:58:39,156 [ERROR] in JavaFX Application Thread - 	at com.sun.javafx.tk.quantum.QuantumToolkit.pulseFromQueue(QuantumToolkit.java:574) - JavaFX Application Thread
2026-04-20 14:58:39,156 [ERROR] in JavaFX Application Thread - 	at com.sun.javafx.tk.quantum.QuantumToolkit.lambda$runToolkit$0(QuantumToolkit.java:351) - JavaFX Application Thread
2026-04-20 14:58:39,156 [ERROR] in JavaFX Application Thread - 	at com.sun.glass.ui.monocle.RunnableProcessor.runLoop(RunnableProcessor.java:92) - JavaFX Application Thread
2026-04-20 14:58:39,156 [ERROR] in JavaFX Application Thread - 	at com.sun.glass.ui.monocle.RunnableProcessor.run(RunnableProcessor.java:51) - JavaFX Application Thread
2026-04-20 14:58:39,156 [ERROR] in JavaFX Application Thread - 	at java.base/java.lang.Thread.run(Thread.java:1474) - JavaFX Application Thread
2026-04-20 14:58:39,172 [ERROR] in JavaFX Application Thread - Exception in thread "JavaFX Application Thread" java.lang.ClassCastException: class com.flexganttfx.sprint.model.TaskActivity cannot be cast to class com.flexganttfx.sprint.model.UserStory (com.flexganttfx.sprint.model.TaskActivity and com.flexganttfx.sprint.model.UserStory are in unnamed module of loader 'app') - JavaFX Application Thread
2026-04-20 14:58:39,172 [ERROR] in JavaFX Application Thread - 	at com.flexganttfx.sprint.renderer.UserStoryRenderer.drawActivity(UserStoryRenderer.java:38) - JavaFX Application Thread
2026-04-20 14:58:39,172 [ERROR] in JavaFX Application Thread - 	at com.flexganttfx.view.graphics.renderer.ActivityRenderer.draw(ActivityRenderer.java:70) - JavaFX Application Thread
2026-04-20 14:58:39,172 [ERROR] in JavaFX Application Thread - 	at impl.com.flexganttfx.skin.graphics.RowCanvas.drawActivity(RowCanvas.java:772) - JavaFX Application Thread
2026-04-20 14:58:39,172 [ERROR] in JavaFX Application Thread - 	at impl.com.flexganttfx.skin.graphics.RowCanvas.drawLayer(RowCanvas.java:480) - JavaFX Application Thread
2026-04-20 14:58:39,172 [ERROR] in JavaFX Application Thread - 	at impl.com.flexganttfx.skin.graphics.RowCanvas.drawModelLayers(RowCanvas.java:371) - JavaFX Application Thread
2026-04-20 14:58:39,172 [ERROR] in JavaFX Application Thread - 	at impl.com.flexganttfx.skin.graphics.RowCanvas.draw(RowCanvas.java:300) - JavaFX Application Thread
2026-04-20 14:58:39,172 [ERROR] in JavaFX Application Thread - 	at com.flexganttfx.view.graphics.GraphicsBase.lambda$new$23(GraphicsBase.java:635) - JavaFX Application Thread
2026-04-20 14:58:39,172 [ERROR] in JavaFX Application Thread - 	at javafx.scene.Scene$ScenePulseListener.pulse(Scene.java:2728) - JavaFX Application Thread
2026-04-20 14:58:39,172 [ERROR] in JavaFX Application Thread - 	at com.sun.javafx.tk.Toolkit.runPulse(Toolkit.java:382) - JavaFX Application Thread
2026-04-20 14:58:39,172 [ERROR] in JavaFX Application Thread - 	at com.sun.javafx.tk.Toolkit.firePulse(Toolkit.java:407) - JavaFX Application Thread
2026-04-20 14:58:39,172 [ERROR] in JavaFX Application Thread - 	at com.sun.javafx.tk.quantum.QuantumToolkit.pulse(QuantumToolkit.java:601) - JavaFX Application Thread
2026-04-20 14:58:39,172 [ERROR] in JavaFX Application Thread - 	at com.sun.javafx.tk.quantum.QuantumToolkit.pulse(QuantumToolkit.java:581) - JavaFX Application Thread
2026-04-20 14:58:39,172 [ERROR] in JavaFX Application Thread - 	at com.sun.javafx.tk.quantum.QuantumToolkit.pulseFromQueue(QuantumToolkit.java:574) - JavaFX Application Thread
2026-04-20 14:58:39,172 [ERROR] in JavaFX Application Thread - 	at com.sun.javafx.tk.quantum.QuantumToolkit.lambda$runToolkit$0(QuantumToolkit.java:351) - JavaFX Application Thread
2026-04-20 14:58:39,172 [ERROR] in JavaFX Application Thread - 	at com.sun.glass.ui.monocle.RunnableProcessor.runLoop(RunnableProcessor.java:92) - JavaFX Application Thread
2026-04-20 14:58:39,172 [ERROR] in JavaFX Application Thread - 	at com.sun.glass.ui.monocle.RunnableProcessor.run(RunnableProcessor.java:51) - JavaFX Application Thread
2026-04-20 14:58:39,172 [ERROR] in JavaFX Application Thread - 	at java.base/java.lang.Thread.run(Thread.java:1474) - JavaFX Application Thread
2026-04-20 14:58:39,188 [ERROR] in JavaFX Application Thread - Exception in thread "JavaFX Application Thread" java.lang.ClassCastException: class com.flexganttfx.sprint.model.TaskActivity cannot be cast to class com.flexganttfx.sprint.model.UserStory (com.flexganttfx.sprint.model.TaskActivity and com.flexganttfx.sprint.model.UserStory are in unnamed module of loader 'app') - JavaFX Application Thread
2026-04-20 14:58:39,188 [ERROR] in JavaFX Application Thread - 	at com.flexganttfx.sprint.renderer.UserStoryRenderer.drawActivity(UserStoryRenderer.java:38) - JavaFX Application Thread
2026-04-20 14:58:39,188 [ERROR] in JavaFX Application Thread - 	at com.flexganttfx.view.graphics.renderer.ActivityRenderer.draw(ActivityRenderer.java:70) - JavaFX Application Thread
2026-04-20 14:58:39,188 [ERROR] in JavaFX Application Thread - 	at impl.com.flexganttfx.skin.graphics.RowCanvas.drawActivity(RowCanvas.java:772) - JavaFX Application Thread
2026-04-20 14:58:39,188 [ERROR] in JavaFX Application Thread - 	at impl.com.flexganttfx.skin.graphics.RowCanvas.drawLayer(RowCanvas.java:480) - JavaFX Application Thread
2026-04-20 14:58:39,188 [ERROR] in JavaFX Application Thread - 	at impl.com.flexganttfx.skin.graphics.RowCanvas.drawModelLayers(RowCanvas.java:371) - JavaFX Application Thread
2026-04-20 14:58:39,188 [ERROR] in JavaFX Application Thread - 	at impl.com.flexganttfx.skin.graphics.RowCanvas.draw(RowCanvas.java:300) - JavaFX Application Thread
2026-04-20 14:58:39,188 [ERROR] in JavaFX Application Thread - 	at com.flexganttfx.view.graphics.GraphicsBase.lambda$new$23(GraphicsBase.java:635) - JavaFX Application Thread
2026-04-20 14:58:39,188 [ERROR] in JavaFX Application Thread - 	at javafx.scene.Scene$ScenePulseListener.pulse(Scene.java:2728) - JavaFX Application Thread
2026-04-20 14:58:39,188 [ERROR] in JavaFX Application Thread - 	at com.sun.javafx.tk.Toolkit.runPulse(Toolkit.java:382) - JavaFX Application Thread
2026-04-20 14:58:39,188 [ERROR] in JavaFX Application Thread - 	at com.sun.javafx.tk.Toolkit.firePulse(Toolkit.java:407) - JavaFX Application Thread
2026-04-20 14:58:39,188 [ERROR] in JavaFX Application Thread - 	at com.sun.javafx.tk.quantum.QuantumToolkit.pulse(QuantumToolkit.java:601) - JavaFX Application Thread
2026-04-20 14:58:39,188 [ERROR] in JavaFX Application Thread - 	at com.sun.javafx.tk.quantum.QuantumToolkit.pulse(QuantumToolkit.java:581) - JavaFX Application Thread
2026-04-20 14:58:39,188 [ERROR] in JavaFX Application Thread - 	at com.sun.javafx.tk.quantum.QuantumToolkit.pulseFromQueue(QuantumToolkit.java:574) - JavaFX Application Thread
2026-04-20 14:58:39,188 [ERROR] in JavaFX Application Thread - 	at com.sun.javafx.tk.quantum.QuantumToolkit.lambda$runToolkit$0(QuantumToolkit.java:351) - JavaFX Application Thread
2026-04-20 14:58:39,188 [ERROR] in JavaFX Application Thread - 	at com.sun.glass.ui.monocle.RunnableProcessor.runLoop(RunnableProcessor.java:92) - JavaFX Application Thread
2026-04-20 14:58:39,188 [ERROR] in JavaFX Application Thread - 	at com.sun.glass.ui.monocle.RunnableProcessor.run(RunnableProcessor.java:51) - JavaFX Application Thread
2026-04-20 14:58:39,188 [ERROR] in JavaFX Application Thread - 	at java.base/java.lang.Thread.run(Thread.java:1474) - JavaFX Application Thread
2026-04-20 14:58:39,204 [ERROR] in JavaFX Application Thread - Exception in thread "JavaFX Application Thread" java.lang.ClassCastException: class com.flexganttfx.sprint.model.TaskActivity cannot be cast to class com.flexganttfx.sprint.model.UserStory (com.flexganttfx.sprint.model.TaskActivity and com.flexganttfx.sprint.model.UserStory are in unnamed module of loader 'app') - JavaFX Application Thread
2026-04-20 14:58:39,204 [ERROR] in JavaFX Application Thread - 	at com.flexganttfx.sprint.renderer.UserStoryRenderer.drawActivity(UserStoryRenderer.java:38) - JavaFX Application Thread
2026-04-20 14:58:39,204 [ERROR] in JavaFX Application Thread - 	at com.flexganttfx.view.graphics.renderer.ActivityRenderer.draw(ActivityRenderer.java:70) - JavaFX Application Thread
2026-04-20 14:58:39,204 [ERROR] in JavaFX Application Thread - 	at impl.com.flexganttfx.skin.graphics.RowCanvas.drawActivity(RowCanvas.java:772) - JavaFX Application Thread
2026-04-20 14:58:39,204 [ERROR] in JavaFX Application Thread - 	at impl.com.flexganttfx.skin.graphics.RowCanvas.drawLayer(RowCanvas.java:480) - JavaFX Application Thread
2026-04-20 14:58:39,204 [ERROR] in JavaFX Application Thread - 	at impl.com.flexganttfx.skin.graphics.RowCanvas.drawModelLayers(RowCanvas.java:371) - JavaFX Application Thread
2026-04-20 14:58:39,204 [ERROR] in JavaFX Application Thread - 	at impl.com.flexganttfx.skin.graphics.RowCanvas.draw(RowCanvas.java:300) - JavaFX Application Thread
2026-04-20 14:58:39,204 [ERROR] in JavaFX Application Thread - 	at com.flexganttfx.view.graphics.GraphicsBase.lambda$new$23(GraphicsBase.java:635) - JavaFX Application Thread
2026-04-20 14:58:39,204 [ERROR] in JavaFX Application Thread - 	at javafx.scene.Scene$ScenePulseListener.pulse(Scene.java:2728) - JavaFX Application Thread
2026-04-20 14:58:39,204 [ERROR] in JavaFX Application Thread - 	at com.sun.javafx.tk.Toolkit.runPulse(Toolkit.java:382) - JavaFX Application Thread
2026-04-20 14:58:39,204 [ERROR] in JavaFX Application Thread - 	at com.sun.javafx.tk.Toolkit.firePulse(Toolkit.java:407) - JavaFX Application Thread
2026-04-20 14:58:39,204 [ERROR] in JavaFX Application Thread - 	at com.sun.javafx.tk.quantum.QuantumToolkit.pulse(QuantumToolkit.java:601) - JavaFX Application Thread
2026-04-20 14:58:39,204 [ERROR] in JavaFX Application Thread - 	at com.sun.javafx.tk.quantum.QuantumToolkit.pulse(QuantumToolkit.java:581) - JavaFX Application Thread
2026-04-20 14:58:39,204 [ERROR] in JavaFX Application Thread - 	at com.sun.javafx.tk.quantum.QuantumToolkit.pulseFromQueue(QuantumToolkit.java:574) - JavaFX Application Thread
2026-04-20 14:58:39,204 [ERROR] in JavaFX Application Thread - 	at com.sun.javafx.tk.quantum.QuantumToolkit.lambda$runToolkit$0(QuantumToolkit.java:351) - JavaFX Application Thread
2026-04-20 14:58:39,204 [ERROR] in JavaFX Application Thread - 	at com.sun.glass.ui.monocle.RunnableProcessor.runLoop(RunnableProcessor.java:92) - JavaFX Application Thread
2026-04-20 14:58:39,204 [ERROR] in JavaFX Application Thread - 	at com.sun.glass.ui.monocle.RunnableProcessor.run(RunnableProcessor.java:51) - JavaFX Application Thread
2026-04-20 14:58:39,204 [ERROR] in JavaFX Application Thread - 	at java.base/java.lang.Thread.run(Thread.java:1474) - JavaFX Application Thread
2026-04-20 14:58:39,218 [ERROR] in JavaFX Application Thread - Exception in thread "JavaFX Application Thread" java.lang.ClassCastException: class com.flexganttfx.sprint.model.TaskActivity cannot be cast to class com.flexganttfx.sprint.model.UserStory (com.flexganttfx.sprint.model.TaskActivity and com.flexganttfx.sprint.model.UserStory are in unnamed module of loader 'app') - JavaFX Application Thread
2026-04-20 14:58:39,218 [ERROR] in JavaFX Application Thread - 	at com.flexganttfx.sprint.renderer.UserStoryRenderer.drawActivity(UserStoryRenderer.java:38) - JavaFX Application Thread
2026-04-20 14:58:39,218 [ERROR] in JavaFX Application Thread - 	at com.flexganttfx.view.graphics.renderer.ActivityRenderer.draw(ActivityRenderer.java:70) - JavaFX Application Thread
2026-04-20 14:58:39,218 [ERROR] in JavaFX Application Thread - 	at impl.com.flexganttfx.skin.graphics.RowCanvas.drawActivity(RowCanvas.java:772) - JavaFX Application Thread
2026-04-20 14:58:39,218 [ERROR] in JavaFX Application Thread - 	at impl.com.flexganttfx.skin.graphics.RowCanvas.drawLayer(RowCanvas.java:480) - JavaFX Application Thread
2026-04-20 14:58:39,218 [ERROR] in JavaFX Application Thread - 	at impl.com.flexganttfx.skin.graphics.RowCanvas.drawModelLayers(RowCanvas.java:371) - JavaFX Application Thread
2026-04-20 14:58:39,218 [ERROR] in JavaFX Application Thread - 	at impl.com.flexganttfx.skin.graphics.RowCanvas.draw(RowCanvas.java:300) - JavaFX Application Thread
2026-04-20 14:58:39,218 [ERROR] in JavaFX Application Thread - 	at com.flexganttfx.view.graphics.GraphicsBase.lambda$new$23(GraphicsBase.java:635) - JavaFX Application Thread
2026-04-20 14:58:39,218 [ERROR] in JavaFX Application Thread - 	at javafx.scene.Scene$ScenePulseListener.pulse(Scene.java:2728) - JavaFX Application Thread
2026-04-20 14:58:39,218 [ERROR] in JavaFX Application Thread - 	at com.sun.javafx.tk.Toolkit.runPulse(Toolkit.java:382) - JavaFX Application Thread
2026-04-20 14:58:39,218 [ERROR] in JavaFX Application Thread - 	at com.sun.javafx.tk.Toolkit.firePulse(Toolkit.java:407) - JavaFX Application Thread
2026-04-20 14:58:39,218 [ERROR] in JavaFX Application Thread - 	at com.sun.javafx.tk.quantum.QuantumToolkit.pulse(QuantumToolkit.java:601) - JavaFX Application Thread
2026-04-20 14:58:39,218 [ERROR] in JavaFX Application Thread - 	at com.sun.javafx.tk.quantum.QuantumToolkit.pulse(QuantumToolkit.java:581) - JavaFX Application Thread
2026-04-20 14:58:39,218 [ERROR] in JavaFX Application Thread - 	at com.sun.javafx.tk.quantum.QuantumToolkit.pulseFromQueue(QuantumToolkit.java:574) - JavaFX Application Thread
2026-04-20 14:58:39,218 [ERROR] in JavaFX Application Thread - 	at com.sun.javafx.tk.quantum.QuantumToolkit.lambda$runToolkit$0(QuantumToolkit.java:351) - JavaFX Application Thread
2026-04-20 14:58:39,218 [ERROR] in JavaFX Application Thread - 	at com.sun.glass.ui.monocle.RunnableProcessor.runLoop(RunnableProcessor.java:92) - JavaFX Application Thread
2026-04-20 14:58:39,218 [ERROR] in JavaFX Application Thread - 	at com.sun.glass.ui.monocle.RunnableProcessor.run(RunnableProcessor.java:51) - JavaFX Application Thread
2026-04-20 14:58:39,218 [ERROR] in JavaFX Application Thread - 	at java.base/java.lang.Thread.run(Thread.java:1474) - JavaFX Application Thread
2026-04-20 14:58:39,235 [ERROR] in JavaFX Application Thread - Exception in thread "JavaFX Application Thread" java.lang.ClassCastException: class com.flexganttfx.sprint.model.TaskActivity cannot be cast to class com.flexganttfx.sprint.model.UserStory (com.flexganttfx.sprint.model.TaskActivity and com.flexganttfx.sprint.model.UserStory are in unnamed module of loader 'app') - JavaFX Application Thread
2026-04-20 14:58:39,235 [ERROR] in JavaFX Application Thread - 	at com.flexganttfx.sprint.renderer.UserStoryRenderer.drawActivity(UserStoryRenderer.java:38) - JavaFX Application Thread
2026-04-20 14:58:39,235 [ERROR] in JavaFX Application Thread - 	at com.flexganttfx.view.graphics.renderer.ActivityRenderer.draw(ActivityRenderer.java:70) - JavaFX Application Thread
2026-04-20 14:58:39,235 [ERROR] in JavaFX Application Thread - 	at impl.com.flexganttfx.skin.graphics.RowCanvas.drawActivity(RowCanvas.java:772) - JavaFX Application Thread
2026-04-20 14:58:39,235 [ERROR] in JavaFX Application Thread - 	at impl.com.flexganttfx.skin.graphics.RowCanvas.drawLayer(RowCanvas.java:480) - JavaFX Application Thread
2026-04-20 14:58:39,235 [ERROR] in JavaFX Application Thread - 	at impl.com.flexganttfx.skin.graphics.RowCanvas.drawModelLayers(RowCanvas.java:371) - JavaFX Application Thread
2026-04-20 14:58:39,235 [ERROR] in JavaFX Application Thread - 	at impl.com.flexganttfx.skin.graphics.RowCanvas.draw(RowCanvas.java:300) - JavaFX Application Thread
2026-04-20 14:58:39,235 [ERROR] in JavaFX Application Thread - 	at com.flexganttfx.view.graphics.GraphicsBase.lambda$new$23(GraphicsBase.java:635) - JavaFX Application Thread
2026-04-20 14:58:39,235 [ERROR] in JavaFX Application Thread - 	at javafx.scene.Scene$ScenePulseListener.pulse(Scene.java:2728) - JavaFX Application Thread
2026-04-20 14:58:39,235 [ERROR] in JavaFX Application Thread - 	at com.sun.javafx.tk.Toolkit.runPulse(Toolkit.java:382) - JavaFX Application Thread
2026-04-20 14:58:39,235 [ERROR] in JavaFX Application Thread - 	at com.sun.javafx.tk.Toolkit.firePulse(Toolkit.java:407) - JavaFX Application Thread
2026-04-20 14:58:39,235 [ERROR] in JavaFX Application Thread - 	at com.sun.javafx.tk.quantum.QuantumToolkit.pulse(QuantumToolkit.java:601) - JavaFX Application Thread
2026-04-20 14:58:39,235 [ERROR] in JavaFX Application Thread - 	at com.sun.javafx.tk.quantum.QuantumToolkit.pulse(QuantumToolkit.java:581) - JavaFX Application Thread
2026-04-20 14:58:39,235 [ERROR] in JavaFX Application Thread - 	at com.sun.javafx.tk.quantum.QuantumToolkit.pulseFromQueue(QuantumToolkit.java:574) - JavaFX Application Thread
2026-04-20 14:58:39,235 [ERROR] in JavaFX Application Thread - 	at com.sun.javafx.tk.quantum.QuantumToolkit.lambda$runToolkit$0(QuantumToolkit.java:351) - JavaFX Application Thread
2026-04-20 14:58:39,235 [ERROR] in JavaFX Application Thread - 	at com.sun.glass.ui.monocle.RunnableProcessor.runLoop(RunnableProcessor.java:92) - JavaFX Application Thread
2026-04-20 14:58:39,235 [ERROR] in JavaFX Application Thread - 	at com.sun.glass.ui.monocle.RunnableProcessor.run(RunnableProcessor.java:51) - JavaFX Application Thread
2026-04-20 14:58:39,235 [ERROR] in JavaFX Application Thread - 	at java.base/java.lang.Thread.run(Thread.java:1474) - JavaFX Application Thread
2026-04-20 14:58:39,251 [ERROR] in JavaFX Application Thread - Exception in thread "JavaFX Application Thread" java.lang.ClassCastException: class com.flexganttfx.sprint.model.TaskActivity cannot be cast to class com.flexganttfx.sprint.model.UserStory (com.flexganttfx.sprint.model.TaskActivity and com.flexganttfx.sprint.model.UserStory are in unnamed module of loader 'app') - JavaFX Application Thread
2026-04-20 14:58:39,251 [ERROR] in JavaFX Application Thread - 	at com.flexganttfx.sprint.renderer.UserStoryRenderer.drawActivity(UserStoryRenderer.java:38) - JavaFX Application Thread
2026-04-20 14:58:39,251 [ERROR] in JavaFX Application Thread - 	at com.flexganttfx.view.graphics.renderer.ActivityRenderer.draw(ActivityRenderer.java:70) - JavaFX Application Thread
2026-04-20 14:58:39,251 [ERROR] in JavaFX Application Thread - 	at impl.com.flexganttfx.skin.graphics.RowCanvas.drawActivity(RowCanvas.java:772) - JavaFX Application Thread
2026-04-20 14:58:39,251 [ERROR] in JavaFX Application Thread - 	at impl.com.flexganttfx.skin.graphics.RowCanvas.drawLayer(RowCanvas.java:480) - JavaFX Application Thread
2026-04-20 14:58:39,251 [ERROR] in JavaFX Application Thread - 	at impl.com.flexganttfx.skin.graphics.RowCanvas.drawModelLayers(RowCanvas.java:371) - JavaFX Application Thread
2026-04-20 14:58:39,251 [ERROR] in JavaFX Application Thread - 	at impl.com.flexganttfx.skin.graphics.RowCanvas.draw(RowCanvas.java:300) - JavaFX Application Thread
2026-04-20 14:58:39,251 [ERROR] in JavaFX Application Thread - 	at com.flexganttfx.view.graphics.GraphicsBase.lambda$new$23(GraphicsBase.java:635) - JavaFX Application Thread
2026-04-20 14:58:39,251 [ERROR] in JavaFX Application Thread - 	at javafx.scene.Scene$ScenePulseListener.pulse(Scene.java:2728) - JavaFX Application Thread
2026-04-20 14:58:39,251 [ERROR] in JavaFX Application Thread - 	at com.sun.javafx.tk.Toolkit.runPulse(Toolkit.java:382) - JavaFX Application Thread
2026-04-20 14:58:39,251 [ERROR] in JavaFX Application Thread - 	at com.sun.javafx.tk.Toolkit.firePulse(Toolkit.java:407) - JavaFX Application Thread
2026-04-20 14:58:39,251 [ERROR] in JavaFX Application Thread - 	at com.sun.javafx.tk.quantum.QuantumToolkit.pulse(QuantumToolkit.java:601) - JavaFX Application Thread
2026-04-20 14:58:39,251 [ERROR] in JavaFX Application Thread - 	at com.sun.javafx.tk.quantum.QuantumToolkit.pulse(QuantumToolkit.java:581) - JavaFX Application Thread
2026-04-20 14:58:39,251 [ERROR] in JavaFX Application Thread - 	at com.sun.javafx.tk.quantum.QuantumToolkit.pulseFromQueue(QuantumToolkit.java:574) - JavaFX Application Thread
2026-04-20 14:58:39,251 [ERROR] in JavaFX Application Thread - 	at com.sun.javafx.tk.quantum.QuantumToolkit.lambda$runToolkit$0(QuantumToolkit.java:351) - JavaFX Application Thread
2026-04-20 14:58:39,252 [ERROR] in JavaFX Application Thread - 	at com.sun.glass.ui.monocle.RunnableProcessor.runLoop(RunnableProcessor.java:92) - JavaFX Application Thread
2026-04-20 14:58:39,252 [ERROR] in JavaFX Application Thread - 	at com.sun.glass.ui.monocle.RunnableProcessor.run(RunnableProcessor.java:51) - JavaFX Application Thread
2026-04-20 14:58:39,252 [ERROR] in JavaFX Application Thread - 	at java.base/java.lang.Thread.run(Thread.java:1474) - JavaFX Application Thread
2026-04-20 14:58:39,267 [ERROR] in JavaFX Application Thread - Exception in thread "JavaFX Application Thread" java.lang.ClassCastException: class com.flexganttfx.sprint.model.TaskActivity cannot be cast to class com.flexganttfx.sprint.model.UserStory (com.flexganttfx.sprint.model.TaskActivity and com.flexganttfx.sprint.model.UserStory are in unnamed module of loader 'app') - JavaFX Application Thread
2026-04-20 14:58:39,267 [ERROR] in JavaFX Application Thread - 	at com.flexganttfx.sprint.renderer.UserStoryRenderer.drawActivity(UserStoryRenderer.java:38) - JavaFX Application Thread
2026-04-20 14:58:39,267 [ERROR] in JavaFX Application Thread - 	at com.flexganttfx.view.graphics.renderer.ActivityRenderer.draw(ActivityRenderer.java:70) - JavaFX Application Thread
2026-04-20 14:58:39,267 [ERROR] in JavaFX Application Thread - 	at impl.com.flexganttfx.skin.graphics.RowCanvas.drawActivity(RowCanvas.java:772) - JavaFX Application Thread
2026-04-20 14:58:39,267 [ERROR] in JavaFX Application Thread - 	at impl.com.flexganttfx.skin.graphics.RowCanvas.drawLayer(RowCanvas.java:480) - JavaFX Application Thread
2026-04-20 14:58:39,267 [ERROR] in JavaFX Application Thread - 	at impl.com.flexganttfx.skin.graphics.RowCanvas.drawModelLayers(RowCanvas.java:371) - JavaFX Application Thread
2026-04-20 14:58:39,267 [ERROR] in JavaFX Application Thread - 	at impl.com.flexganttfx.skin.graphics.RowCanvas.draw(RowCanvas.java:300) - JavaFX Application Thread
2026-04-20 14:58:39,267 [ERROR] in JavaFX Application Thread - 	at com.flexganttfx.view.graphics.GraphicsBase.lambda$new$23(GraphicsBase.java:635) - JavaFX Application Thread
2026-04-20 14:58:39,267 [ERROR] in JavaFX Application Thread - 	at javafx.scene.Scene$ScenePulseListener.pulse(Scene.java:2728) - JavaFX Application Thread
2026-04-20 14:58:39,267 [ERROR] in JavaFX Application Thread - 	at com.sun.javafx.tk.Toolkit.runPulse(Toolkit.java:382) - JavaFX Application Thread
2026-04-20 14:58:39,267 [ERROR] in JavaFX Application Thread - 	at com.sun.javafx.tk.Toolkit.firePulse(Toolkit.java:407) - JavaFX Application Thread
2026-04-20 14:58:39,267 [ERROR] in JavaFX Application Thread - 	at com.sun.javafx.tk.quantum.QuantumToolkit.pulse(QuantumToolkit.java:601) - JavaFX Application Thread
2026-04-20 14:58:39,267 [ERROR] in JavaFX Application Thread - 	at com.sun.javafx.tk.quantum.QuantumToolkit.pulse(QuantumToolkit.java:581) - JavaFX Application Thread
2026-04-20 14:58:39,267 [ERROR] in JavaFX Application Thread - 	at com.sun.javafx.tk.quantum.QuantumToolkit.pulseFromQueue(QuantumToolkit.java:574) - JavaFX Application Thread
2026-04-20 14:58:39,267 [ERROR] in JavaFX Application Thread - 	at com.sun.javafx.tk.quantum.QuantumToolkit.lambda$runToolkit$0(QuantumToolkit.java:351) - JavaFX Application Thread
2026-04-20 14:58:39,267 [ERROR] in JavaFX Application Thread - 	at com.sun.glass.ui.monocle.RunnableProcessor.runLoop(RunnableProcessor.java:92) - JavaFX Application Thread
2026-04-20 14:58:39,267 [ERROR] in JavaFX Application Thread - 	at com.sun.glass.ui.monocle.RunnableProcessor.run(RunnableProcessor.java:51) - JavaFX Application Thread
2026-04-20 14:58:39,267 [ERROR] in JavaFX Application Thread - 	at java.base/java.lang.Thread.run(Thread.java:1474) - JavaFX Application Thread
2026-04-20 14:58:39,283 [ERROR] in JavaFX Application Thread - Exception in thread "JavaFX Application Thread" java.lang.ClassCastException: class com.flexganttfx.sprint.model.TaskActivity cannot be cast to class com.flexganttfx.sprint.model.UserStory (com.flexganttfx.sprint.model.TaskActivity and com.flexganttfx.sprint.model.UserStory are in unnamed module of loader 'app') - JavaFX Application Thread
2026-04-20 14:58:39,283 [ERROR] in JavaFX Application Thread - 	at com.flexganttfx.sprint.renderer.UserStoryRenderer.drawActivity(UserStoryRenderer.java:38) - JavaFX Application Thread
2026-04-20 14:58:39,283 [ERROR] in JavaFX Application Thread - 	at com.flexganttfx.view.graphics.renderer.ActivityRenderer.draw(ActivityRenderer.java:70) - JavaFX Application Thread
2026-04-20 14:58:39,283 [ERROR] in JavaFX Application Thread - 	at impl.com.flexganttfx.skin.graphics.RowCanvas.drawActivity(RowCanvas.java:772) - JavaFX Application Thread
2026-04-20 14:58:39,283 [ERROR] in JavaFX Application Thread - 	at impl.com.flexganttfx.skin.graphics.RowCanvas.drawLayer(RowCanvas.java:480) - JavaFX Application Thread
2026-04-20 14:58:39,283 [ERROR] in JavaFX Application Thread - 	at impl.com.flexganttfx.skin.graphics.RowCanvas.drawModelLayers(RowCanvas.java:371) - JavaFX Application Thread
2026-04-20 14:58:39,283 [ERROR] in JavaFX Application Thread - 	at impl.com.flexganttfx.skin.graphics.RowCanvas.draw(RowCanvas.java:300) - JavaFX Application Thread
2026-04-20 14:58:39,283 [ERROR] in JavaFX Application Thread - 	at com.flexganttfx.view.graphics.GraphicsBase.lambda$new$23(GraphicsBase.java:635) - JavaFX Application Thread
2026-04-20 14:58:39,283 [ERROR] in JavaFX Application Thread - 	at javafx.scene.Scene$ScenePulseListener.pulse(Scene.java:2728) - JavaFX Application Thread
2026-04-20 14:58:39,283 [ERROR] in JavaFX Application Thread - 	at com.sun.javafx.tk.Toolkit.runPulse(Toolkit.java:382) - JavaFX Application Thread
2026-04-20 14:58:39,283 [ERROR] in JavaFX Application Thread - 	at com.sun.javafx.tk.Toolkit.firePulse(Toolkit.java:407) - JavaFX Application Thread
2026-04-20 14:58:39,283 [ERROR] in JavaFX Application Thread - 	at com.sun.javafx.tk.quantum.QuantumToolkit.pulse(QuantumToolkit.java:601) - JavaFX Application Thread
2026-04-20 14:58:39,283 [ERROR] in JavaFX Application Thread - 	at com.sun.javafx.tk.quantum.QuantumToolkit.pulse(QuantumToolkit.java:581) - JavaFX Application Thread
2026-04-20 14:58:39,283 [ERROR] in JavaFX Application Thread - 	at com.sun.javafx.tk.quantum.QuantumToolkit.pulseFromQueue(QuantumToolkit.java:574) - JavaFX Application Thread
2026-04-20 14:58:39,283 [ERROR] in JavaFX Application Thread - 	at com.sun.javafx.tk.quantum.QuantumToolkit.lambda$runToolkit$0(QuantumToolkit.java:351) - JavaFX Application Thread
2026-04-20 14:58:39,283 [ERROR] in JavaFX Application Thread - 	at com.sun.glass.ui.monocle.RunnableProcessor.runLoop(RunnableProcessor.java:92) - JavaFX Application Thread
2026-04-20 14:58:39,284 [ERROR] in JavaFX Application Thread - 	at com.sun.glass.ui.monocle.RunnableProcessor.run(RunnableProcessor.java:51) - JavaFX Application Thread
2026-04-20 14:58:39,284 [ERROR] in JavaFX Application Thread - 	at java.base/java.lang.Thread.run(Thread.java:1474) - JavaFX Application Thread
2026-04-20 14:58:39,348 [ERROR] in JavaFX Application Thread - Exception in thread "JavaFX Application Thread" java.lang.ClassCastException: class com.flexganttfx.sprint.model.TaskActivity cannot be cast to class com.flexganttfx.sprint.model.UserStory (com.flexganttfx.sprint.model.TaskActivity and com.flexganttfx.sprint.model.UserStory are in unnamed module of loader 'app') - JavaFX Application Thread
2026-04-20 14:58:39,348 [ERROR] in JavaFX Application Thread - 	at com.flexganttfx.sprint.renderer.UserStoryRenderer.drawActivity(UserStoryRenderer.java:38) - JavaFX Application Thread
2026-04-20 14:58:39,348 [ERROR] in JavaFX Application Thread - 	at com.flexganttfx.view.graphics.renderer.ActivityRenderer.draw(ActivityRenderer.java:70) - JavaFX Application Thread
2026-04-20 14:58:39,348 [ERROR] in JavaFX Application Thread - 	at impl.com.flexganttfx.skin.graphics.RowCanvas.drawActivity(RowCanvas.java:772) - JavaFX Application Thread
2026-04-20 14:58:39,348 [ERROR] in JavaFX Application Thread - 	at impl.com.flexganttfx.skin.graphics.RowCanvas.drawLayer(RowCanvas.java:480) - JavaFX Application Thread
2026-04-20 14:58:39,348 [ERROR] in JavaFX Application Thread - 	at impl.com.flexganttfx.skin.graphics.RowCanvas.drawModelLayers(RowCanvas.java:371) - JavaFX Application Thread
2026-04-20 14:58:39,348 [ERROR] in JavaFX Application Thread - 	at impl.com.flexganttfx.skin.graphics.RowCanvas.draw(RowCanvas.java:300) - JavaFX Application Thread
2026-04-20 14:58:39,348 [ERROR] in JavaFX Application Thread - 	at com.flexganttfx.view.graphics.GraphicsBase.lambda$new$23(GraphicsBase.java:635) - JavaFX Application Thread
2026-04-20 14:58:39,348 [ERROR] in JavaFX Application Thread - 	at javafx.scene.Scene$ScenePulseListener.pulse(Scene.java:2728) - JavaFX Application Thread
2026-04-20 14:58:39,348 [ERROR] in JavaFX Application Thread - 	at com.sun.javafx.tk.Toolkit.runPulse(Toolkit.java:382) - JavaFX Application Thread
2026-04-20 14:58:39,348 [ERROR] in JavaFX Application Thread - 	at com.sun.javafx.tk.Toolkit.firePulse(Toolkit.java:407) - JavaFX Application Thread
2026-04-20 14:58:39,348 [ERROR] in JavaFX Application Thread - 	at com.sun.javafx.tk.quantum.QuantumToolkit.pulse(QuantumToolkit.java:601) - JavaFX Application Thread
2026-04-20 14:58:39,348 [ERROR] in JavaFX Application Thread - 	at com.sun.javafx.tk.quantum.QuantumToolkit.pulse(QuantumToolkit.java:581) - JavaFX Application Thread
2026-04-20 14:58:39,348 [ERROR] in JavaFX Application Thread - 	at com.sun.javafx.tk.quantum.QuantumToolkit.pulseFromQueue(QuantumToolkit.java:574) - JavaFX Application Thread
2026-04-20 14:58:39,349 [ERROR] in JavaFX Application Thread - 	at com.sun.javafx.tk.quantum.QuantumToolkit.lambda$runToolkit$0(QuantumToolkit.java:351) - JavaFX Application Thread
2026-04-20 14:58:39,349 [ERROR] in JavaFX Application Thread - 	at com.sun.glass.ui.monocle.RunnableProcessor.runLoop(RunnableProcessor.java:92) - JavaFX Application Thread
2026-04-20 14:58:39,349 [ERROR] in JavaFX Application Thread - 	at com.sun.glass.ui.monocle.RunnableProcessor.run(RunnableProcessor.java:51) - JavaFX Application Thread
2026-04-20 14:58:39,349 [ERROR] in JavaFX Application Thread - 	at java.base/java.lang.Thread.run(Thread.java:1474) - JavaFX Application Thread
2026-04-20 14:58:39,363 [ERROR] in JavaFX Application Thread - Exception in thread "JavaFX Application Thread" java.lang.ClassCastException: class com.flexganttfx.sprint.model.TaskActivity cannot be cast to class com.flexganttfx.sprint.model.UserStory (com.flexganttfx.sprint.model.TaskActivity and com.flexganttfx.sprint.model.UserStory are in unnamed module of loader 'app') - JavaFX Application Thread
2026-04-20 14:58:39,363 [ERROR] in JavaFX Application Thread - 	at com.flexganttfx.sprint.renderer.UserStoryRenderer.drawActivity(UserStoryRenderer.java:38) - JavaFX Application Thread
2026-04-20 14:58:39,363 [ERROR] in JavaFX Application Thread - 	at com.flexganttfx.view.graphics.renderer.ActivityRenderer.draw(ActivityRenderer.java:70) - JavaFX Application Thread
2026-04-20 14:58:39,363 [ERROR] in JavaFX Application Thread - 	at impl.com.flexganttfx.skin.graphics.RowCanvas.drawActivity(RowCanvas.java:772) - JavaFX Application Thread
2026-04-20 14:58:39,363 [ERROR] in JavaFX Application Thread - 	at impl.com.flexganttfx.skin.graphics.RowCanvas.drawLayer(RowCanvas.java:480) - JavaFX Application Thread
2026-04-20 14:58:39,363 [ERROR] in JavaFX Application Thread - 	at impl.com.flexganttfx.skin.graphics.RowCanvas.drawModelLayers(RowCanvas.java:371) - JavaFX Application Thread
2026-04-20 14:58:39,363 [ERROR] in JavaFX Application Thread - 	at impl.com.flexganttfx.skin.graphics.RowCanvas.draw(RowCanvas.java:300) - JavaFX Application Thread
2026-04-20 14:58:39,363 [ERROR] in JavaFX Application Thread - 	at com.flexganttfx.view.graphics.GraphicsBase.lambda$new$23(GraphicsBase.java:635) - JavaFX Application Thread
2026-04-20 14:58:39,363 [ERROR] in JavaFX Application Thread - 	at javafx.scene.Scene$ScenePulseListener.pulse(Scene.java:2728) - JavaFX Application Thread
2026-04-20 14:58:39,363 [ERROR] in JavaFX Application Thread - 	at com.sun.javafx.tk.Toolkit.runPulse(Toolkit.java:382) - JavaFX Application Thread
2026-04-20 14:58:39,363 [ERROR] in JavaFX Application Thread - 	at com.sun.javafx.tk.Toolkit.firePulse(Toolkit.java:407) - JavaFX Application Thread
2026-04-20 14:58:39,363 [ERROR] in JavaFX Application Thread - 	at com.sun.javafx.tk.quantum.QuantumToolkit.pulse(QuantumToolkit.java:601) - JavaFX Application Thread
2026-04-20 14:58:39,363 [ERROR] in JavaFX Application Thread - 	at com.sun.javafx.tk.quantum.QuantumToolkit.pulse(QuantumToolkit.java:581) - JavaFX Application Thread
2026-04-20 14:58:39,364 [ERROR] in JavaFX Application Thread - 	at com.sun.javafx.tk.quantum.QuantumToolkit.pulseFromQueue(QuantumToolkit.java:574) - JavaFX Application Thread
2026-04-20 14:58:39,364 [ERROR] in JavaFX Application Thread - 	at com.sun.javafx.tk.quantum.QuantumToolkit.lambda$runToolkit$0(QuantumToolkit.java:351) - JavaFX Application Thread
2026-04-20 14:58:39,364 [ERROR] in JavaFX Application Thread - 	at com.sun.glass.ui.monocle.RunnableProcessor.runLoop(RunnableProcessor.java:92) - JavaFX Application Thread
2026-04-20 14:58:39,364 [ERROR] in JavaFX Application Thread - 	at com.sun.glass.ui.monocle.RunnableProcessor.run(RunnableProcessor.java:51) - JavaFX Application Thread
2026-04-20 14:58:39,364 [ERROR] in JavaFX Application Thread - 	at java.base/java.lang.Thread.run(Thread.java:1474) - JavaFX Application Thread
2026-04-20 14:58:39,379 [ERROR] in JavaFX Application Thread - Exception in thread "JavaFX Application Thread" java.lang.ClassCastException: class com.flexganttfx.sprint.model.TaskActivity cannot be cast to class com.flexganttfx.sprint.model.UserStory (com.flexganttfx.sprint.model.TaskActivity and com.flexganttfx.sprint.model.UserStory are in unnamed module of loader 'app') - JavaFX Application Thread
2026-04-20 14:58:39,379 [ERROR] in JavaFX Application Thread - 	at com.flexganttfx.sprint.renderer.UserStoryRenderer.drawActivity(UserStoryRenderer.java:38) - JavaFX Application Thread
2026-04-20 14:58:39,379 [ERROR] in JavaFX Application Thread - 	at com.flexganttfx.view.graphics.renderer.ActivityRenderer.draw(ActivityRenderer.java:70) - JavaFX Application Thread
2026-04-20 14:58:39,380 [ERROR] in JavaFX Application Thread - 	at impl.com.flexganttfx.skin.graphics.RowCanvas.drawActivity(RowCanvas.java:772) - JavaFX Application Thread
2026-04-20 14:58:39,380 [ERROR] in JavaFX Application Thread - 	at impl.com.flexganttfx.skin.graphics.RowCanvas.drawLayer(RowCanvas.java:480) - JavaFX Application Thread
2026-04-20 14:58:39,380 [ERROR] in JavaFX Application Thread - 	at impl.com.flexganttfx.skin.graphics.RowCanvas.drawModelLayers(RowCanvas.java:371) - JavaFX Application Thread
2026-04-20 14:58:39,380 [ERROR] in JavaFX Application Thread - 	at impl.com.flexganttfx.skin.graphics.RowCanvas.draw(RowCanvas.java:300) - JavaFX Application Thread
2026-04-20 14:58:39,380 [ERROR] in JavaFX Application Thread - 	at com.flexganttfx.view.graphics.GraphicsBase.lambda$new$23(GraphicsBase.java:635) - JavaFX Application Thread
2026-04-20 14:58:39,380 [ERROR] in JavaFX Application Thread - 	at javafx.scene.Scene$ScenePulseListener.pulse(Scene.java:2728) - JavaFX Application Thread
2026-04-20 14:58:39,380 [ERROR] in JavaFX Application Thread - 	at com.sun.javafx.tk.Toolkit.runPulse(Toolkit.java:382) - JavaFX Application Thread
2026-04-20 14:58:39,380 [ERROR] in JavaFX Application Thread - 	at com.sun.javafx.tk.Toolkit.firePulse(Toolkit.java:407) - JavaFX Application Thread
2026-04-20 14:58:39,380 [ERROR] in JavaFX Application Thread - 	at com.sun.javafx.tk.quantum.QuantumToolkit.pulse(QuantumToolkit.java:601) - JavaFX Application Thread
2026-04-20 14:58:39,380 [ERROR] in JavaFX Application Thread - 	at com.sun.javafx.tk.quantum.QuantumToolkit.pulse(QuantumToolkit.java:581) - JavaFX Application Thread
2026-04-20 14:58:39,380 [ERROR] in JavaFX Application Thread - 	at com.sun.javafx.tk.quantum.QuantumToolkit.pulseFromQueue(QuantumToolkit.java:574) - JavaFX Application Thread
2026-04-20 14:58:39,380 [ERROR] in JavaFX Application Thread - 	at com.sun.javafx.tk.quantum.QuantumToolkit.lambda$runToolkit$0(QuantumToolkit.java:351) - JavaFX Application Thread
2026-04-20 14:58:39,380 [ERROR] in JavaFX Application Thread - 	at com.sun.glass.ui.monocle.RunnableProcessor.runLoop(RunnableProcessor.java:92) - JavaFX Application Thread
2026-04-20 14:58:39,380 [ERROR] in JavaFX Application Thread - 	at com.sun.glass.ui.monocle.RunnableProcessor.run(RunnableProcessor.java:51) - JavaFX Application Thread
2026-04-20 14:58:39,380 [ERROR] in JavaFX Application Thread - 	at java.base/java.lang.Thread.run(Thread.java:1474) - JavaFX Application Thread
2026-04-20 14:58:39,394 [ERROR] in JavaFX Application Thread - Exception in thread "JavaFX Application Thread" java.lang.ClassCastException: class com.flexganttfx.sprint.model.TaskActivity cannot be cast to class com.flexganttfx.sprint.model.UserStory (com.flexganttfx.sprint.model.TaskActivity and com.flexganttfx.sprint.model.UserStory are in unnamed module of loader 'app') - JavaFX Application Thread
2026-04-20 14:58:39,394 [ERROR] in JavaFX Application Thread - 	at com.flexganttfx.sprint.renderer.UserStoryRenderer.drawActivity(UserStoryRenderer.java:38) - JavaFX Application Thread
2026-04-20 14:58:39,394 [ERROR] in JavaFX Application Thread - 	at com.flexganttfx.view.graphics.renderer.ActivityRenderer.draw(ActivityRenderer.java:70) - JavaFX Application Thread
2026-04-20 14:58:39,394 [ERROR] in JavaFX Application Thread - 	at impl.com.flexganttfx.skin.graphics.RowCanvas.drawActivity(RowCanvas.java:772) - JavaFX Application Thread
2026-04-20 14:58:39,394 [ERROR] in JavaFX Application Thread - 	at impl.com.flexganttfx.skin.graphics.RowCanvas.drawLayer(RowCanvas.java:480) - JavaFX Application Thread
2026-04-20 14:58:39,394 [ERROR] in JavaFX Application Thread - 	at impl.com.flexganttfx.skin.graphics.RowCanvas.drawModelLayers(RowCanvas.java:371) - JavaFX Application Thread
2026-04-20 14:58:39,394 [ERROR] in JavaFX Application Thread - 	at impl.com.flexganttfx.skin.graphics.RowCanvas.draw(RowCanvas.java:300) - JavaFX Application Thread
2026-04-20 14:58:39,394 [ERROR] in JavaFX Application Thread - 	at com.flexganttfx.view.graphics.GraphicsBase.lambda$new$23(GraphicsBase.java:635) - JavaFX Application Thread
2026-04-20 14:58:39,394 [ERROR] in JavaFX Application Thread - 	at javafx.scene.Scene$ScenePulseListener.pulse(Scene.java:2728) - JavaFX Application Thread
2026-04-20 14:58:39,394 [ERROR] in JavaFX Application Thread - 	at com.sun.javafx.tk.Toolkit.runPulse(Toolkit.java:382) - JavaFX Application Thread
2026-04-20 14:58:39,394 [ERROR] in JavaFX Application Thread - 	at com.sun.javafx.tk.Toolkit.firePulse(Toolkit.java:407) - JavaFX Application Thread
2026-04-20 14:58:39,394 [ERROR] in JavaFX Application Thread - 	at com.sun.javafx.tk.quantum.QuantumToolkit.pulse(QuantumToolkit.java:601) - JavaFX Application Thread
2026-04-20 14:58:39,394 [ERROR] in JavaFX Application Thread - 	at com.sun.javafx.tk.quantum.QuantumToolkit.pulse(QuantumToolkit.java:581) - JavaFX Application Thread
2026-04-20 14:58:39,394 [ERROR] in JavaFX Application Thread - 	at com.sun.javafx.tk.quantum.QuantumToolkit.pulseFromQueue(QuantumToolkit.java:574) - JavaFX Application Thread
2026-04-20 14:58:39,394 [ERROR] in JavaFX Application Thread - 	at com.sun.javafx.tk.quantum.QuantumToolkit.lambda$runToolkit$0(QuantumToolkit.java:351) - JavaFX Application Thread
2026-04-20 14:58:39,394 [ERROR] in JavaFX Application Thread - 	at com.sun.glass.ui.monocle.RunnableProcessor.runLoop(RunnableProcessor.java:92) - JavaFX Application Thread
2026-04-20 14:58:39,394 [ERROR] in JavaFX Application Thread - 	at com.sun.glass.ui.monocle.RunnableProcessor.run(RunnableProcessor.java:51) - JavaFX Application Thread
2026-04-20 14:58:39,394 [ERROR] in JavaFX Application Thread - 	at java.base/java.lang.Thread.run(Thread.java:1474) - JavaFX Application Thread
2026-04-20 14:58:39,413 [ERROR] in JavaFX Application Thread - Exception in thread "JavaFX Application Thread" java.lang.ClassCastException: class com.flexganttfx.sprint.model.TaskActivity cannot be cast to class com.flexganttfx.sprint.model.UserStory (com.flexganttfx.sprint.model.TaskActivity and com.flexganttfx.sprint.model.UserStory are in unnamed module of loader 'app') - JavaFX Application Thread
2026-04-20 14:58:39,413 [ERROR] in JavaFX Application Thread - 	at com.flexganttfx.sprint.renderer.UserStoryRenderer.drawActivity(UserStoryRenderer.java:38) - JavaFX Application Thread
2026-04-20 14:58:39,413 [ERROR] in JavaFX Application Thread - 	at com.flexganttfx.view.graphics.renderer.ActivityRenderer.draw(ActivityRenderer.java:70) - JavaFX Application Thread
2026-04-20 14:58:39,413 [ERROR] in JavaFX Application Thread - 	at impl.com.flexganttfx.skin.graphics.RowCanvas.drawActivity(RowCanvas.java:772) - JavaFX Application Thread
2026-04-20 14:58:39,413 [ERROR] in JavaFX Application Thread - 	at impl.com.flexganttfx.skin.graphics.RowCanvas.drawLayer(RowCanvas.java:480) - JavaFX Application Thread
2026-04-20 14:58:39,413 [ERROR] in JavaFX Application Thread - 	at impl.com.flexganttfx.skin.graphics.RowCanvas.drawModelLayers(RowCanvas.java:371) - JavaFX Application Thread
2026-04-20 14:58:39,413 [ERROR] in JavaFX Application Thread - 	at impl.com.flexganttfx.skin.graphics.RowCanvas.draw(RowCanvas.java:300) - JavaFX Application Thread
2026-04-20 14:58:39,413 [ERROR] in JavaFX Application Thread - 	at com.flexganttfx.view.graphics.GraphicsBase.lambda$new$23(GraphicsBase.java:635) - JavaFX Application Thread
2026-04-20 14:58:39,413 [ERROR] in JavaFX Application Thread - 	at javafx.scene.Scene$ScenePulseListener.pulse(Scene.java:2728) - JavaFX Application Thread
2026-04-20 14:58:39,413 [ERROR] in JavaFX Application Thread - 	at com.sun.javafx.tk.Toolkit.runPulse(Toolkit.java:382) - JavaFX Application Thread
2026-04-20 14:58:39,413 [ERROR] in JavaFX Application Thread - 	at com.sun.javafx.tk.Toolkit.firePulse(Toolkit.java:407) - JavaFX Application Thread
2026-04-20 14:58:39,413 [ERROR] in JavaFX Application Thread - 	at com.sun.javafx.tk.quantum.QuantumToolkit.pulse(QuantumToolkit.java:601) - JavaFX Application Thread
2026-04-20 14:58:39,413 [ERROR] in JavaFX Application Thread - 	at com.sun.javafx.tk.quantum.QuantumToolkit.pulse(QuantumToolkit.java:581) - JavaFX Application Thread
2026-04-20 14:58:39,413 [ERROR] in JavaFX Application Thread - 	at com.sun.javafx.tk.quantum.QuantumToolkit.pulseFromQueue(QuantumToolkit.java:574) - JavaFX Application Thread
2026-04-20 14:58:39,413 [ERROR] in JavaFX Application Thread - 	at com.sun.javafx.tk.quantum.QuantumToolkit.lambda$runToolkit$0(QuantumToolkit.java:351) - JavaFX Application Thread
2026-04-20 14:58:39,413 [ERROR] in JavaFX Application Thread - 	at com.sun.glass.ui.monocle.RunnableProcessor.runLoop(RunnableProcessor.java:92) - JavaFX Application Thread
2026-04-20 14:58:39,413 [ERROR] in JavaFX Application Thread - 	at com.sun.glass.ui.monocle.RunnableProcessor.run(RunnableProcessor.java:51) - JavaFX Application Thread
2026-04-20 14:58:39,413 [ERROR] in JavaFX Application Thread - 	at java.base/java.lang.Thread.run(Thread.java:1474) - JavaFX Application Thread
2026-04-20 14:58:39,427 [ERROR] in JavaFX Application Thread - Exception in thread "JavaFX Application Thread" java.lang.ClassCastException: class com.flexganttfx.sprint.model.TaskActivity cannot be cast to class com.flexganttfx.sprint.model.UserStory (com.flexganttfx.sprint.model.TaskActivity and com.flexganttfx.sprint.model.UserStory are in unnamed module of loader 'app') - JavaFX Application Thread
2026-04-20 14:58:39,427 [ERROR] in JavaFX Application Thread - 	at com.flexganttfx.sprint.renderer.UserStoryRenderer.drawActivity(UserStoryRenderer.java:38) - JavaFX Application Thread
2026-04-20 14:58:39,427 [ERROR] in JavaFX Application Thread - 	at com.flexganttfx.view.graphics.renderer.ActivityRenderer.draw(ActivityRenderer.java:70) - JavaFX Application Thread
2026-04-20 14:58:39,427 [ERROR] in JavaFX Application Thread - 	at impl.com.flexganttfx.skin.graphics.RowCanvas.drawActivity(RowCanvas.java:772) - JavaFX Application Thread
2026-04-20 14:58:39,427 [ERROR] in JavaFX Application Thread - 	at impl.com.flexganttfx.skin.graphics.RowCanvas.drawLayer(RowCanvas.java:480) - JavaFX Application Thread
2026-04-20 14:58:39,427 [ERROR] in JavaFX Application Thread - 	at impl.com.flexganttfx.skin.graphics.RowCanvas.drawModelLayers(RowCanvas.java:371) - JavaFX Application Thread
2026-04-20 14:58:39,427 [ERROR] in JavaFX Application Thread - 	at impl.com.flexganttfx.skin.graphics.RowCanvas.draw(RowCanvas.java:300) - JavaFX Application Thread
2026-04-20 14:58:39,427 [ERROR] in JavaFX Application Thread - 	at com.flexganttfx.view.graphics.GraphicsBase.lambda$new$23(GraphicsBase.java:635) - JavaFX Application Thread
2026-04-20 14:58:39,427 [ERROR] in JavaFX Application Thread - 	at javafx.scene.Scene$ScenePulseListener.pulse(Scene.java:2728) - JavaFX Application Thread
2026-04-20 14:58:39,427 [ERROR] in JavaFX Application Thread - 	at com.sun.javafx.tk.Toolkit.runPulse(Toolkit.java:382) - JavaFX Application Thread
2026-04-20 14:58:39,427 [ERROR] in JavaFX Application Thread - 	at com.sun.javafx.tk.Toolkit.firePulse(Toolkit.java:407) - JavaFX Application Thread
2026-04-20 14:58:39,428 [ERROR] in JavaFX Application Thread - 	at com.sun.javafx.tk.quantum.QuantumToolkit.pulse(QuantumToolkit.java:601) - JavaFX Application Thread
2026-04-20 14:58:39,428 [ERROR] in JavaFX Application Thread - 	at com.sun.javafx.tk.quantum.QuantumToolkit.pulse(QuantumToolkit.java:581) - JavaFX Application Thread
2026-04-20 14:58:39,428 [ERROR] in JavaFX Application Thread - 	at com.sun.javafx.tk.quantum.QuantumToolkit.pulseFromQueue(QuantumToolkit.java:574) - JavaFX Application Thread
2026-04-20 14:58:39,428 [ERROR] in JavaFX Application Thread - 	at com.sun.javafx.tk.quantum.QuantumToolkit.lambda$runToolkit$0(QuantumToolkit.java:351) - JavaFX Application Thread
2026-04-20 14:58:39,428 [ERROR] in JavaFX Application Thread - 	at com.sun.glass.ui.monocle.RunnableProcessor.runLoop(RunnableProcessor.java:92) - JavaFX Application Thread
2026-04-20 14:58:39,428 [ERROR] in JavaFX Application Thread - 	at com.sun.glass.ui.monocle.RunnableProcessor.run(RunnableProcessor.java:51) - JavaFX Application Thread
2026-04-20 14:58:39,428 [ERROR] in JavaFX Application Thread - 	at java.base/java.lang.Thread.run(Thread.java:1474) - JavaFX Application Thread
2026-04-20 14:58:39,444 [ERROR] in JavaFX Application Thread - Exception in thread "JavaFX Application Thread" java.lang.ClassCastException: class com.flexganttfx.sprint.model.TaskActivity cannot be cast to class com.flexganttfx.sprint.model.UserStory (com.flexganttfx.sprint.model.TaskActivity and com.flexganttfx.sprint.model.UserStory are in unnamed module of loader 'app') - JavaFX Application Thread
2026-04-20 14:58:39,444 [ERROR] in JavaFX Application Thread - 	at com.flexganttfx.sprint.renderer.UserStoryRenderer.drawActivity(UserStoryRenderer.java:38) - JavaFX Application Thread
2026-04-20 14:58:39,444 [ERROR] in JavaFX Application Thread - 	at com.flexganttfx.view.graphics.renderer.ActivityRenderer.draw(ActivityRenderer.java:70) - JavaFX Application Thread
2026-04-20 14:58:39,444 [ERROR] in JavaFX Application Thread - 	at impl.com.flexganttfx.skin.graphics.RowCanvas.drawActivity(RowCanvas.java:772) - JavaFX Application Thread
2026-04-20 14:58:39,444 [ERROR] in JavaFX Application Thread - 	at impl.com.flexganttfx.skin.graphics.RowCanvas.drawLayer(RowCanvas.java:480) - JavaFX Application Thread
2026-04-20 14:58:39,444 [ERROR] in JavaFX Application Thread - 	at impl.com.flexganttfx.skin.graphics.RowCanvas.drawModelLayers(RowCanvas.java:371) - JavaFX Application Thread
2026-04-20 14:58:39,444 [ERROR] in JavaFX Application Thread - 	at impl.com.flexganttfx.skin.graphics.RowCanvas.draw(RowCanvas.java:300) - JavaFX Application Thread
2026-04-20 14:58:39,444 [ERROR] in JavaFX Application Thread - 	at com.flexganttfx.view.graphics.GraphicsBase.lambda$new$23(GraphicsBase.java:635) - JavaFX Application Thread
2026-04-20 14:58:39,444 [ERROR] in JavaFX Application Thread - 	at javafx.scene.Scene$ScenePulseListener.pulse(Scene.java:2728) - JavaFX Application Thread
2026-04-20 14:58:39,444 [ERROR] in JavaFX Application Thread - 	at com.sun.javafx.tk.Toolkit.runPulse(Toolkit.java:382) - JavaFX Application Thread
2026-04-20 14:58:39,444 [ERROR] in JavaFX Application Thread - 	at com.sun.javafx.tk.Toolkit.firePulse(Toolkit.java:407) - JavaFX Application Thread
2026-04-20 14:58:39,444 [ERROR] in JavaFX Application Thread - 	at com.sun.javafx.tk.quantum.QuantumToolkit.pulse(QuantumToolkit.java:601) - JavaFX Application Thread
2026-04-20 14:58:39,444 [ERROR] in JavaFX Application Thread - 	at com.sun.javafx.tk.quantum.QuantumToolkit.pulse(QuantumToolkit.java:581) - JavaFX Application Thread
2026-04-20 14:58:39,444 [ERROR] in JavaFX Application Thread - 	at com.sun.javafx.tk.quantum.QuantumToolkit.pulseFromQueue(QuantumToolkit.java:574) - JavaFX Application Thread
2026-04-20 14:58:39,445 [ERROR] in JavaFX Application Thread - 	at com.sun.javafx.tk.quantum.QuantumToolkit.lambda$runToolkit$0(QuantumToolkit.java:351) - JavaFX Application Thread
2026-04-20 14:58:39,445 [ERROR] in JavaFX Application Thread - 	at com.sun.glass.ui.monocle.RunnableProcessor.runLoop(RunnableProcessor.java:92) - JavaFX Application Thread
2026-04-20 14:58:39,445 [ERROR] in JavaFX Application Thread - 	at com.sun.glass.ui.monocle.RunnableProcessor.run(RunnableProcessor.java:51) - JavaFX Application Thread
2026-04-20 14:58:39,445 [ERROR] in JavaFX Application Thread - 	at java.base/java.lang.Thread.run(Thread.java:1474) - JavaFX Application Thread
2026-04-20 14:58:39,460 [ERROR] in JavaFX Application Thread - Exception in thread "JavaFX Application Thread" java.lang.ClassCastException: class com.flexganttfx.sprint.model.TaskActivity cannot be cast to class com.flexganttfx.sprint.model.UserStory (com.flexganttfx.sprint.model.TaskActivity and com.flexganttfx.sprint.model.UserStory are in unnamed module of loader 'app') - JavaFX Application Thread
2026-04-20 14:58:39,460 [ERROR] in JavaFX Application Thread - 	at com.flexganttfx.sprint.renderer.UserStoryRenderer.drawActivity(UserStoryRenderer.java:38) - JavaFX Application Thread
2026-04-20 14:58:39,460 [ERROR] in JavaFX Application Thread - 	at com.flexganttfx.view.graphics.renderer.ActivityRenderer.draw(ActivityRenderer.java:70) - JavaFX Application Thread
2026-04-20 14:58:39,460 [ERROR] in JavaFX Application Thread - 	at impl.com.flexganttfx.skin.graphics.RowCanvas.drawActivity(RowCanvas.java:772) - JavaFX Application Thread
2026-04-20 14:58:39,460 [ERROR] in JavaFX Application Thread - 	at impl.com.flexganttfx.skin.graphics.RowCanvas.drawLayer(RowCanvas.java:480) - JavaFX Application Thread
2026-04-20 14:58:39,460 [ERROR] in JavaFX Application Thread - 	at impl.com.flexganttfx.skin.graphics.RowCanvas.drawModelLayers(RowCanvas.java:371) - JavaFX Application Thread
2026-04-20 14:58:39,460 [ERROR] in JavaFX Application Thread - 	at impl.com.flexganttfx.skin.graphics.RowCanvas.draw(RowCanvas.java:300) - JavaFX Application Thread
2026-04-20 14:58:39,460 [ERROR] in JavaFX Application Thread - 	at com.flexganttfx.view.graphics.GraphicsBase.lambda$new$23(GraphicsBase.java:635) - JavaFX Application Thread
2026-04-20 14:58:39,460 [ERROR] in JavaFX Application Thread - 	at javafx.scene.Scene$ScenePulseListener.pulse(Scene.java:2728) - JavaFX Application Thread
2026-04-20 14:58:39,460 [ERROR] in JavaFX Application Thread - 	at com.sun.javafx.tk.Toolkit.runPulse(Toolkit.java:382) - JavaFX Application Thread
2026-04-20 14:58:39,460 [ERROR] in JavaFX Application Thread - 	at com.sun.javafx.tk.Toolkit.firePulse(Toolkit.java:407) - JavaFX Application Thread
2026-04-20 14:58:39,460 [ERROR] in JavaFX Application Thread - 	at com.sun.javafx.tk.quantum.QuantumToolkit.pulse(QuantumToolkit.java:601) - JavaFX Application Thread
2026-04-20 14:58:39,460 [ERROR] in JavaFX Application Thread - 	at com.sun.javafx.tk.quantum.QuantumToolkit.pulse(QuantumToolkit.java:581) - JavaFX Application Thread
2026-04-20 14:58:39,460 [ERROR] in JavaFX Application Thread - 	at com.sun.javafx.tk.quantum.QuantumToolkit.pulseFromQueue(QuantumToolkit.java:574) - JavaFX Application Thread
2026-04-20 14:58:39,460 [ERROR] in JavaFX Application Thread - 	at com.sun.javafx.tk.quantum.QuantumToolkit.lambda$runToolkit$0(QuantumToolkit.java:351) - JavaFX Application Thread
2026-04-20 14:58:39,460 [ERROR] in JavaFX Application Thread - 	at com.sun.glass.ui.monocle.RunnableProcessor.runLoop(RunnableProcessor.java:92) - JavaFX Application Thread
2026-04-20 14:58:39,460 [ERROR] in JavaFX Application Thread - 	at com.sun.glass.ui.monocle.RunnableProcessor.run(RunnableProcessor.java:51) - JavaFX Application Thread
2026-04-20 14:58:39,460 [ERROR] in JavaFX Application Thread - 	at java.base/java.lang.Thread.run(Thread.java:1474) - JavaFX Application Thread
2026-04-20 14:58:39,476 [ERROR] in JavaFX Application Thread - Exception in thread "JavaFX Application Thread" java.lang.ClassCastException: class com.flexganttfx.sprint.model.TaskActivity cannot be cast to class com.flexganttfx.sprint.model.UserStory (com.flexganttfx.sprint.model.TaskActivity and com.flexganttfx.sprint.model.UserStory are in unnamed module of loader 'app') - JavaFX Application Thread
2026-04-20 14:58:39,476 [ERROR] in JavaFX Application Thread - 	at com.flexganttfx.sprint.renderer.UserStoryRenderer.drawActivity(UserStoryRenderer.java:38) - JavaFX Application Thread
2026-04-20 14:58:39,476 [ERROR] in JavaFX Application Thread - 	at com.flexganttfx.view.graphics.renderer.ActivityRenderer.draw(ActivityRenderer.java:70) - JavaFX Application Thread
2026-04-20 14:58:39,476 [ERROR] in JavaFX Application Thread - 	at impl.com.flexganttfx.skin.graphics.RowCanvas.drawActivity(RowCanvas.java:772) - JavaFX Application Thread
2026-04-20 14:58:39,476 [ERROR] in JavaFX Application Thread - 	at impl.com.flexganttfx.skin.graphics.RowCanvas.drawLayer(RowCanvas.java:480) - JavaFX Application Thread
2026-04-20 14:58:39,476 [ERROR] in JavaFX Application Thread - 	at impl.com.flexganttfx.skin.graphics.RowCanvas.drawModelLayers(RowCanvas.java:371) - JavaFX Application Thread
2026-04-20 14:58:39,476 [ERROR] in JavaFX Application Thread - 	at impl.com.flexganttfx.skin.graphics.RowCanvas.draw(RowCanvas.java:300) - JavaFX Application Thread
2026-04-20 14:58:39,476 [ERROR] in JavaFX Application Thread - 	at com.flexganttfx.view.graphics.GraphicsBase.lambda$new$23(GraphicsBase.java:635) - JavaFX Application Thread
2026-04-20 14:58:39,476 [ERROR] in JavaFX Application Thread - 	at javafx.scene.Scene$ScenePulseListener.pulse(Scene.java:2728) - JavaFX Application Thread
2026-04-20 14:58:39,476 [ERROR] in JavaFX Application Thread - 	at com.sun.javafx.tk.Toolkit.runPulse(Toolkit.java:382) - JavaFX Application Thread
2026-04-20 14:58:39,476 [ERROR] in JavaFX Application Thread - 	at com.sun.javafx.tk.Toolkit.firePulse(Toolkit.java:407) - JavaFX Application Thread
2026-04-20 14:58:39,476 [ERROR] in JavaFX Application Thread - 	at com.sun.javafx.tk.quantum.QuantumToolkit.pulse(QuantumToolkit.java:601) - JavaFX Application Thread
2026-04-20 14:58:39,476 [ERROR] in JavaFX Application Thread - 	at com.sun.javafx.tk.quantum.QuantumToolkit.pulse(QuantumToolkit.java:581) - JavaFX Application Thread
2026-04-20 14:58:39,476 [ERROR] in JavaFX Application Thread - 	at com.sun.javafx.tk.quantum.QuantumToolkit.pulseFromQueue(QuantumToolkit.java:574) - JavaFX Application Thread
2026-04-20 14:58:39,476 [ERROR] in JavaFX Application Thread - 	at com.sun.javafx.tk.quantum.QuantumToolkit.lambda$runToolkit$0(QuantumToolkit.java:351) - JavaFX Application Thread
2026-04-20 14:58:39,476 [ERROR] in JavaFX Application Thread - 	at com.sun.glass.ui.monocle.RunnableProcessor.runLoop(RunnableProcessor.java:92) - JavaFX Application Thread
2026-04-20 14:58:39,476 [ERROR] in JavaFX Application Thread - 	at com.sun.glass.ui.monocle.RunnableProcessor.run(RunnableProcessor.java:51) - JavaFX Application Thread
2026-04-20 14:58:39,476 [ERROR] in JavaFX Application Thread - 	at java.base/java.lang.Thread.run(Thread.java:1474) - JavaFX Application Thread
2026-04-20 14:58:39,489 [ERROR] in JavaFX Application Thread - Exception in thread "JavaFX Application Thread" java.lang.ClassCastException: class com.flexganttfx.sprint.model.TaskActivity cannot be cast to class com.flexganttfx.sprint.model.UserStory (com.flexganttfx.sprint.model.TaskActivity and com.flexganttfx.sprint.model.UserStory are in unnamed module of loader 'app') - JavaFX Application Thread
2026-04-20 14:58:39,489 [ERROR] in JavaFX Application Thread - 	at com.flexganttfx.sprint.renderer.UserStoryRenderer.drawActivity(UserStoryRenderer.java:38) - JavaFX Application Thread
2026-04-20 14:58:39,489 [ERROR] in JavaFX Application Thread - 	at com.flexganttfx.view.graphics.renderer.ActivityRenderer.draw(ActivityRenderer.java:70) - JavaFX Application Thread
2026-04-20 14:58:39,489 [ERROR] in JavaFX Application Thread - 	at impl.com.flexganttfx.skin.graphics.RowCanvas.drawActivity(RowCanvas.java:772) - JavaFX Application Thread
2026-04-20 14:58:39,489 [ERROR] in JavaFX Application Thread - 	at impl.com.flexganttfx.skin.graphics.RowCanvas.drawLayer(RowCanvas.java:480) - JavaFX Application Thread
2026-04-20 14:58:39,489 [ERROR] in JavaFX Application Thread - 	at impl.com.flexganttfx.skin.graphics.RowCanvas.drawModelLayers(RowCanvas.java:371) - JavaFX Application Thread
2026-04-20 14:58:39,489 [ERROR] in JavaFX Application Thread - 	at impl.com.flexganttfx.skin.graphics.RowCanvas.draw(RowCanvas.java:300) - JavaFX Application Thread
2026-04-20 14:58:39,489 [ERROR] in JavaFX Application Thread - 	at com.flexganttfx.view.graphics.GraphicsBase.lambda$new$23(GraphicsBase.java:635) - JavaFX Application Thread
2026-04-20 14:58:39,490 [ERROR] in JavaFX Application Thread - 	at javafx.scene.Scene$ScenePulseListener.pulse(Scene.java:2728) - JavaFX Application Thread
2026-04-20 14:58:39,490 [ERROR] in JavaFX Application Thread - 	at com.sun.javafx.tk.Toolkit.runPulse(Toolkit.java:382) - JavaFX Application Thread
2026-04-20 14:58:39,490 [ERROR] in JavaFX Application Thread - 	at com.sun.javafx.tk.Toolkit.firePulse(Toolkit.java:407) - JavaFX Application Thread
2026-04-20 14:58:39,490 [ERROR] in JavaFX Application Thread - 	at com.sun.javafx.tk.quantum.QuantumToolkit.pulse(QuantumToolkit.java:601) - JavaFX Application Thread
2026-04-20 14:58:39,490 [ERROR] in JavaFX Application Thread - 	at com.sun.javafx.tk.quantum.QuantumToolkit.pulse(QuantumToolkit.java:581) - JavaFX Application Thread
2026-04-20 14:58:39,490 [ERROR] in JavaFX Application Thread - 	at com.sun.javafx.tk.quantum.QuantumToolkit.pulseFromQueue(QuantumToolkit.java:574) - JavaFX Application Thread
2026-04-20 14:58:39,490 [ERROR] in JavaFX Application Thread - 	at com.sun.javafx.tk.quantum.QuantumToolkit.lambda$runToolkit$0(QuantumToolkit.java:351) - JavaFX Application Thread
2026-04-20 14:58:39,490 [ERROR] in JavaFX Application Thread - 	at com.sun.glass.ui.monocle.RunnableProcessor.runLoop(RunnableProcessor.java:92) - JavaFX Application Thread
2026-04-20 14:58:39,490 [ERROR] in JavaFX Application Thread - 	at com.sun.glass.ui.monocle.RunnableProcessor.run(RunnableProcessor.java:51) - JavaFX Application Thread
2026-04-20 14:58:39,490 [ERROR] in JavaFX Application Thread - 	at java.base/java.lang.Thread.run(Thread.java:1474) - JavaFX Application Thread
2026-04-20 14:58:39,520 [ERROR] in JavaFX Application Thread - Exception in thread "JavaFX Application Thread" java.lang.ClassCastException: class com.flexganttfx.sprint.model.TaskActivity cannot be cast to class com.flexganttfx.sprint.model.UserStory (com.flexganttfx.sprint.model.TaskActivity and com.flexganttfx.sprint.model.UserStory are in unnamed module of loader 'app') - JavaFX Application Thread
2026-04-20 14:58:39,520 [ERROR] in JavaFX Application Thread - 	at com.flexganttfx.sprint.renderer.UserStoryRenderer.drawActivity(UserStoryRenderer.java:38) - JavaFX Application Thread
2026-04-20 14:58:39,520 [ERROR] in JavaFX Application Thread - 	at com.flexganttfx.view.graphics.renderer.ActivityRenderer.draw(ActivityRenderer.java:70) - JavaFX Application Thread
2026-04-20 14:58:39,520 [ERROR] in JavaFX Application Thread - 	at impl.com.flexganttfx.skin.graphics.RowCanvas.drawActivity(RowCanvas.java:772) - JavaFX Application Thread
2026-04-20 14:58:39,520 [ERROR] in JavaFX Application Thread - 	at impl.com.flexganttfx.skin.graphics.RowCanvas.drawLayer(RowCanvas.java:480) - JavaFX Application Thread
2026-04-20 14:58:39,520 [ERROR] in JavaFX Application Thread - 	at impl.com.flexganttfx.skin.graphics.RowCanvas.drawModelLayers(RowCanvas.java:371) - JavaFX Application Thread
2026-04-20 14:58:39,520 [ERROR] in JavaFX Application Thread - 	at impl.com.flexganttfx.skin.graphics.RowCanvas.draw(RowCanvas.java:300) - JavaFX Application Thread
2026-04-20 14:58:39,520 [ERROR] in JavaFX Application Thread - 	at com.flexganttfx.view.graphics.GraphicsBase.lambda$new$23(GraphicsBase.java:635) - JavaFX Application Thread
2026-04-20 14:58:39,520 [ERROR] in JavaFX Application Thread - 	at javafx.scene.Scene$ScenePulseListener.pulse(Scene.java:2728) - JavaFX Application Thread
2026-04-20 14:58:39,521 [ERROR] in JavaFX Application Thread - 	at com.sun.javafx.tk.Toolkit.runPulse(Toolkit.java:382) - JavaFX Application Thread
2026-04-20 14:58:39,521 [ERROR] in JavaFX Application Thread - 	at com.sun.javafx.tk.Toolkit.firePulse(Toolkit.java:407) - JavaFX Application Thread
2026-04-20 14:58:39,521 [ERROR] in JavaFX Application Thread - 	at com.sun.javafx.tk.quantum.QuantumToolkit.pulse(QuantumToolkit.java:601) - JavaFX Application Thread
2026-04-20 14:58:39,521 [ERROR] in JavaFX Application Thread - 	at com.sun.javafx.tk.quantum.QuantumToolkit.pulse(QuantumToolkit.java:581) - JavaFX Application Thread
2026-04-20 14:58:39,521 [ERROR] in JavaFX Application Thread - 	at com.sun.javafx.tk.quantum.QuantumToolkit.pulseFromQueue(QuantumToolkit.java:574) - JavaFX Application Thread
2026-04-20 14:58:39,521 [ERROR] in JavaFX Application Thread - 	at com.sun.javafx.tk.quantum.QuantumToolkit.lambda$runToolkit$0(QuantumToolkit.java:351) - JavaFX Application Thread
2026-04-20 14:58:39,521 [ERROR] in JavaFX Application Thread - 	at com.sun.glass.ui.monocle.RunnableProcessor.runLoop(RunnableProcessor.java:92) - JavaFX Application Thread
2026-04-20 14:58:39,521 [ERROR] in JavaFX Application Thread - 	at com.sun.glass.ui.monocle.RunnableProcessor.run(RunnableProcessor.java:51) - JavaFX Application Thread
2026-04-20 14:58:39,521 [ERROR] in JavaFX Application Thread - 	at java.base/java.lang.Thread.run(Thread.java:1474) - JavaFX Application Thread
2026-04-20 14:58:39,541 [ERROR] in JavaFX Application Thread - Exception in thread "JavaFX Application Thread" java.lang.ClassCastException: class com.flexganttfx.sprint.model.TaskActivity cannot be cast to class com.flexganttfx.sprint.model.UserStory (com.flexganttfx.sprint.model.TaskActivity and com.flexganttfx.sprint.model.UserStory are in unnamed module of loader 'app') - JavaFX Application Thread
2026-04-20 14:58:39,541 [ERROR] in JavaFX Application Thread - 	at com.flexganttfx.sprint.renderer.UserStoryRenderer.drawActivity(UserStoryRenderer.java:38) - JavaFX Application Thread
2026-04-20 14:58:39,541 [ERROR] in JavaFX Application Thread - 	at com.flexganttfx.view.graphics.renderer.ActivityRenderer.draw(ActivityRenderer.java:70) - JavaFX Application Thread
2026-04-20 14:58:39,541 [ERROR] in JavaFX Application Thread - 	at impl.com.flexganttfx.skin.graphics.RowCanvas.drawActivity(RowCanvas.java:772) - JavaFX Application Thread
2026-04-20 14:58:39,541 [ERROR] in JavaFX Application Thread - 	at impl.com.flexganttfx.skin.graphics.RowCanvas.drawLayer(RowCanvas.java:480) - JavaFX Application Thread
2026-04-20 14:58:39,541 [ERROR] in JavaFX Application Thread - 	at impl.com.flexganttfx.skin.graphics.RowCanvas.drawModelLayers(RowCanvas.java:371) - JavaFX Application Thread
2026-04-20 14:58:39,541 [ERROR] in JavaFX Application Thread - 	at impl.com.flexganttfx.skin.graphics.RowCanvas.draw(RowCanvas.java:300) - JavaFX Application Thread
2026-04-20 14:58:39,541 [ERROR] in JavaFX Application Thread - 	at com.flexganttfx.view.graphics.GraphicsBase.lambda$new$23(GraphicsBase.java:635) - JavaFX Application Thread
2026-04-20 14:58:39,541 [ERROR] in JavaFX Application Thread - 	at javafx.scene.Scene$ScenePulseListener.pulse(Scene.java:2728) - JavaFX Application Thread
2026-04-20 14:58:39,541 [ERROR] in JavaFX Application Thread - 	at com.sun.javafx.tk.Toolkit.runPulse(Toolkit.java:382) - JavaFX Application Thread
2026-04-20 14:58:39,541 [ERROR] in JavaFX Application Thread - 	at com.sun.javafx.tk.Toolkit.firePulse(Toolkit.java:407) - JavaFX Application Thread
2026-04-20 14:58:39,541 [ERROR] in JavaFX Application Thread - 	at com.sun.javafx.tk.quantum.QuantumToolkit.pulse(QuantumToolkit.java:601) - JavaFX Application Thread
2026-04-20 14:58:39,541 [ERROR] in JavaFX Application Thread - 	at com.sun.javafx.tk.quantum.QuantumToolkit.pulse(QuantumToolkit.java:581) - JavaFX Application Thread
2026-04-20 14:58:39,541 [ERROR] in JavaFX Application Thread - 	at com.sun.javafx.tk.quantum.QuantumToolkit.pulseFromQueue(QuantumToolkit.java:574) - JavaFX Application Thread
2026-04-20 14:58:39,541 [ERROR] in JavaFX Application Thread - 	at com.sun.javafx.tk.quantum.QuantumToolkit.lambda$runToolkit$0(QuantumToolkit.java:351) - JavaFX Application Thread
2026-04-20 14:58:39,541 [ERROR] in JavaFX Application Thread - 	at com.sun.glass.ui.monocle.RunnableProcessor.runLoop(RunnableProcessor.java:92) - JavaFX Application Thread
2026-04-20 14:58:39,541 [ERROR] in JavaFX Application Thread - 	at com.sun.glass.ui.monocle.RunnableProcessor.run(RunnableProcessor.java:51) - JavaFX Application Thread
2026-04-20 14:58:39,541 [ERROR] in JavaFX Application Thread - 	at java.base/java.lang.Thread.run(Thread.java:1474) - JavaFX Application Thread
2026-04-20 14:58:39,569 [ERROR] in JavaFX Application Thread - Exception in thread "JavaFX Application Thread" java.lang.ClassCastException: class com.flexganttfx.sprint.model.TaskActivity cannot be cast to class com.flexganttfx.sprint.model.UserStory (com.flexganttfx.sprint.model.TaskActivity and com.flexganttfx.sprint.model.UserStory are in unnamed module of loader 'app') - JavaFX Application Thread
2026-04-20 14:58:39,569 [ERROR] in JavaFX Application Thread - 	at com.flexganttfx.sprint.renderer.UserStoryRenderer.drawActivity(UserStoryRenderer.java:38) - JavaFX Application Thread
2026-04-20 14:58:39,569 [ERROR] in JavaFX Application Thread - 	at com.flexganttfx.view.graphics.renderer.ActivityRenderer.draw(ActivityRenderer.java:70) - JavaFX Application Thread
2026-04-20 14:58:39,569 [ERROR] in JavaFX Application Thread - 	at impl.com.flexganttfx.skin.graphics.RowCanvas.drawActivity(RowCanvas.java:772) - JavaFX Application Thread
2026-04-20 14:58:39,569 [ERROR] in JavaFX Application Thread - 	at impl.com.flexganttfx.skin.graphics.RowCanvas.drawLayer(RowCanvas.java:480) - JavaFX Application Thread
2026-04-20 14:58:39,569 [ERROR] in JavaFX Application Thread - 	at impl.com.flexganttfx.skin.graphics.RowCanvas.drawModelLayers(RowCanvas.java:371) - JavaFX Application Thread
2026-04-20 14:58:39,569 [ERROR] in JavaFX Application Thread - 	at impl.com.flexganttfx.skin.graphics.RowCanvas.draw(RowCanvas.java:300) - JavaFX Application Thread
2026-04-20 14:58:39,569 [ERROR] in JavaFX Application Thread - 	at com.flexganttfx.view.graphics.GraphicsBase.lambda$new$23(GraphicsBase.java:635) - JavaFX Application Thread
2026-04-20 14:58:39,569 [ERROR] in JavaFX Application Thread - 	at javafx.scene.Scene$ScenePulseListener.pulse(Scene.java:2728) - JavaFX Application Thread
2026-04-20 14:58:39,569 [ERROR] in JavaFX Application Thread - 	at com.sun.javafx.tk.Toolkit.runPulse(Toolkit.java:382) - JavaFX Application Thread
2026-04-20 14:58:39,569 [ERROR] in JavaFX Application Thread - 	at com.sun.javafx.tk.Toolkit.firePulse(Toolkit.java:407) - JavaFX Application Thread
2026-04-20 14:58:39,569 [ERROR] in JavaFX Application Thread - 	at com.sun.javafx.tk.quantum.QuantumToolkit.pulse(QuantumToolkit.java:601) - JavaFX Application Thread
2026-04-20 14:58:39,569 [ERROR] in JavaFX Application Thread - 	at com.sun.javafx.tk.quantum.QuantumToolkit.pulse(QuantumToolkit.java:581) - JavaFX Application Thread
2026-04-20 14:58:39,569 [ERROR] in JavaFX Application Thread - 	at com.sun.javafx.tk.quantum.QuantumToolkit.pulseFromQueue(QuantumToolkit.java:574) - JavaFX Application Thread
2026-04-20 14:58:39,569 [ERROR] in JavaFX Application Thread - 	at com.sun.javafx.tk.quantum.QuantumToolkit.lambda$runToolkit$0(QuantumToolkit.java:351) - JavaFX Application Thread
2026-04-20 14:58:39,569 [ERROR] in JavaFX Application Thread - 	at com.sun.glass.ui.monocle.RunnableProcessor.runLoop(RunnableProcessor.java:92) - JavaFX Application Thread
2026-04-20 14:58:39,569 [ERROR] in JavaFX Application Thread - 	at com.sun.glass.ui.monocle.RunnableProcessor.run(RunnableProcessor.java:51) - JavaFX Application Thread
2026-04-20 14:58:39,569 [ERROR] in JavaFX Application Thread - 	at java.base/java.lang.Thread.run(Thread.java:1474) - JavaFX Application Thread
2026-04-20 14:58:39,581 [ERROR] in JavaFX Application Thread - Exception in thread "JavaFX Application Thread" java.lang.ClassCastException: class com.flexganttfx.sprint.model.TaskActivity cannot be cast to class com.flexganttfx.sprint.model.UserStory (com.flexganttfx.sprint.model.TaskActivity and com.flexganttfx.sprint.model.UserStory are in unnamed module of loader 'app') - JavaFX Application Thread
2026-04-20 14:58:39,581 [ERROR] in JavaFX Application Thread - 	at com.flexganttfx.sprint.renderer.UserStoryRenderer.drawActivity(UserStoryRenderer.java:38) - JavaFX Application Thread
2026-04-20 14:58:39,581 [ERROR] in JavaFX Application Thread - 	at com.flexganttfx.view.graphics.renderer.ActivityRenderer.draw(ActivityRenderer.java:70) - JavaFX Application Thread
2026-04-20 14:58:39,581 [ERROR] in JavaFX Application Thread - 	at impl.com.flexganttfx.skin.graphics.RowCanvas.drawActivity(RowCanvas.java:772) - JavaFX Application Thread
2026-04-20 14:58:39,581 [ERROR] in JavaFX Application Thread - 	at impl.com.flexganttfx.skin.graphics.RowCanvas.drawLayer(RowCanvas.java:480) - JavaFX Application Thread
2026-04-20 14:58:39,581 [ERROR] in JavaFX Application Thread - 	at impl.com.flexganttfx.skin.graphics.RowCanvas.drawModelLayers(RowCanvas.java:371) - JavaFX Application Thread
2026-04-20 14:58:39,581 [ERROR] in JavaFX Application Thread - 	at impl.com.flexganttfx.skin.graphics.RowCanvas.draw(RowCanvas.java:300) - JavaFX Application Thread
2026-04-20 14:58:39,581 [ERROR] in JavaFX Application Thread - 	at com.flexganttfx.view.graphics.GraphicsBase.lambda$new$23(GraphicsBase.java:635) - JavaFX Application Thread
2026-04-20 14:58:39,581 [ERROR] in JavaFX Application Thread - 	at javafx.scene.Scene$ScenePulseListener.pulse(Scene.java:2728) - JavaFX Application Thread
2026-04-20 14:58:39,581 [ERROR] in JavaFX Application Thread - 	at com.sun.javafx.tk.Toolkit.runPulse(Toolkit.java:382) - JavaFX Application Thread
2026-04-20 14:58:39,581 [ERROR] in JavaFX Application Thread - 	at com.sun.javafx.tk.Toolkit.firePulse(Toolkit.java:407) - JavaFX Application Thread
2026-04-20 14:58:39,581 [ERROR] in JavaFX Application Thread - 	at com.sun.javafx.tk.quantum.QuantumToolkit.pulse(QuantumToolkit.java:601) - JavaFX Application Thread
2026-04-20 14:58:39,582 [ERROR] in JavaFX Application Thread - 	at com.sun.javafx.tk.quantum.QuantumToolkit.pulse(QuantumToolkit.java:581) - JavaFX Application Thread
2026-04-20 14:58:39,582 [ERROR] in JavaFX Application Thread - 	at com.sun.javafx.tk.quantum.QuantumToolkit.pulseFromQueue(QuantumToolkit.java:574) - JavaFX Application Thread
2026-04-20 14:58:39,582 [ERROR] in JavaFX Application Thread - 	at com.sun.javafx.tk.quantum.QuantumToolkit.lambda$runToolkit$0(QuantumToolkit.java:351) - JavaFX Application Thread
2026-04-20 14:58:39,582 [ERROR] in JavaFX Application Thread - 	at com.sun.glass.ui.monocle.RunnableProcessor.runLoop(RunnableProcessor.java:92) - JavaFX Application Thread
2026-04-20 14:58:39,582 [ERROR] in JavaFX Application Thread - 	at com.sun.glass.ui.monocle.RunnableProcessor.run(RunnableProcessor.java:51) - JavaFX Application Thread
2026-04-20 14:58:39,582 [ERROR] in JavaFX Application Thread - 	at java.base/java.lang.Thread.run(Thread.java:1474) - JavaFX Application Thread
2026-04-20 14:58:39,599 [ERROR] in JavaFX Application Thread - Exception in thread "JavaFX Application Thread" java.lang.ClassCastException: class com.flexganttfx.sprint.model.TaskActivity cannot be cast to class com.flexganttfx.sprint.model.UserStory (com.flexganttfx.sprint.model.TaskActivity and com.flexganttfx.sprint.model.UserStory are in unnamed module of loader 'app') - JavaFX Application Thread
2026-04-20 14:58:39,600 [ERROR] in JavaFX Application Thread - 	at com.flexganttfx.sprint.renderer.UserStoryRenderer.drawActivity(UserStoryRenderer.java:38) - JavaFX Application Thread
2026-04-20 14:58:39,600 [ERROR] in JavaFX Application Thread - 	at com.flexganttfx.view.graphics.renderer.ActivityRenderer.draw(ActivityRenderer.java:70) - JavaFX Application Thread
2026-04-20 14:58:39,600 [ERROR] in JavaFX Application Thread - 	at impl.com.flexganttfx.skin.graphics.RowCanvas.drawActivity(RowCanvas.java:772) - JavaFX Application Thread
2026-04-20 14:58:39,600 [ERROR] in JavaFX Application Thread - 	at impl.com.flexganttfx.skin.graphics.RowCanvas.drawLayer(RowCanvas.java:480) - JavaFX Application Thread
2026-04-20 14:58:39,600 [ERROR] in JavaFX Application Thread - 	at impl.com.flexganttfx.skin.graphics.RowCanvas.drawModelLayers(RowCanvas.java:371) - JavaFX Application Thread
2026-04-20 14:58:39,600 [ERROR] in JavaFX Application Thread - 	at impl.com.flexganttfx.skin.graphics.RowCanvas.draw(RowCanvas.java:300) - JavaFX Application Thread
2026-04-20 14:58:39,600 [ERROR] in JavaFX Application Thread - 	at com.flexganttfx.view.graphics.GraphicsBase.lambda$new$23(GraphicsBase.java:635) - JavaFX Application Thread
2026-04-20 14:58:39,600 [ERROR] in JavaFX Application Thread - 	at javafx.scene.Scene$ScenePulseListener.pulse(Scene.java:2728) - JavaFX Application Thread
2026-04-20 14:58:39,600 [ERROR] in JavaFX Application Thread - 	at com.sun.javafx.tk.Toolkit.runPulse(Toolkit.java:382) - JavaFX Application Thread
2026-04-20 14:58:39,600 [ERROR] in JavaFX Application Thread - 	at com.sun.javafx.tk.Toolkit.firePulse(Toolkit.java:407) - JavaFX Application Thread
2026-04-20 14:58:39,600 [ERROR] in JavaFX Application Thread - 	at com.sun.javafx.tk.quantum.QuantumToolkit.pulse(QuantumToolkit.java:601) - JavaFX Application Thread
2026-04-20 14:58:39,600 [ERROR] in JavaFX Application Thread - 	at com.sun.javafx.tk.quantum.QuantumToolkit.pulse(QuantumToolkit.java:581) - JavaFX Application Thread
2026-04-20 14:58:39,600 [ERROR] in JavaFX Application Thread - 	at com.sun.javafx.tk.quantum.QuantumToolkit.pulseFromQueue(QuantumToolkit.java:574) - JavaFX Application Thread
2026-04-20 14:58:39,600 [ERROR] in JavaFX Application Thread - 	at com.sun.javafx.tk.quantum.QuantumToolkit.lambda$runToolkit$0(QuantumToolkit.java:351) - JavaFX Application Thread
2026-04-20 14:58:39,600 [ERROR] in JavaFX Application Thread - 	at com.sun.glass.ui.monocle.RunnableProcessor.runLoop(RunnableProcessor.java:92) - JavaFX Application Thread
2026-04-20 14:58:39,600 [ERROR] in JavaFX Application Thread - 	at com.sun.glass.ui.monocle.RunnableProcessor.run(RunnableProcessor.java:51) - JavaFX Application Thread
2026-04-20 14:58:39,600 [ERROR] in JavaFX Application Thread - 	at java.base/java.lang.Thread.run(Thread.java:1474) - JavaFX Application Thread
2026-04-20 14:58:39,612 [ERROR] in JavaFX Application Thread - Exception in thread "JavaFX Application Thread" java.lang.ClassCastException: class com.flexganttfx.sprint.model.TaskActivity cannot be cast to class com.flexganttfx.sprint.model.UserStory (com.flexganttfx.sprint.model.TaskActivity and com.flexganttfx.sprint.model.UserStory are in unnamed module of loader 'app') - JavaFX Application Thread
2026-04-20 14:58:39,612 [ERROR] in JavaFX Application Thread - 	at com.flexganttfx.sprint.renderer.UserStoryRenderer.drawActivity(UserStoryRenderer.java:38) - JavaFX Application Thread
2026-04-20 14:58:39,612 [ERROR] in JavaFX Application Thread - 	at com.flexganttfx.view.graphics.renderer.ActivityRenderer.draw(ActivityRenderer.java:70) - JavaFX Application Thread
2026-04-20 14:58:39,612 [ERROR] in JavaFX Application Thread - 	at impl.com.flexganttfx.skin.graphics.RowCanvas.drawActivity(RowCanvas.java:772) - JavaFX Application Thread
2026-04-20 14:58:39,612 [ERROR] in JavaFX Application Thread - 	at impl.com.flexganttfx.skin.graphics.RowCanvas.drawLayer(RowCanvas.java:480) - JavaFX Application Thread
2026-04-20 14:58:39,612 [ERROR] in JavaFX Application Thread - 	at impl.com.flexganttfx.skin.graphics.RowCanvas.drawModelLayers(RowCanvas.java:371) - JavaFX Application Thread
2026-04-20 14:58:39,612 [ERROR] in JavaFX Application Thread - 	at impl.com.flexganttfx.skin.graphics.RowCanvas.draw(RowCanvas.java:300) - JavaFX Application Thread
2026-04-20 14:58:39,612 [ERROR] in JavaFX Application Thread - 	at com.flexganttfx.view.graphics.GraphicsBase.lambda$new$23(GraphicsBase.java:635) - JavaFX Application Thread
2026-04-20 14:58:39,612 [ERROR] in JavaFX Application Thread - 	at javafx.scene.Scene$ScenePulseListener.pulse(Scene.java:2728) - JavaFX Application Thread
2026-04-20 14:58:39,612 [ERROR] in JavaFX Application Thread - 	at com.sun.javafx.tk.Toolkit.runPulse(Toolkit.java:382) - JavaFX Application Thread
2026-04-20 14:58:39,612 [ERROR] in JavaFX Application Thread - 	at com.sun.javafx.tk.Toolkit.firePulse(Toolkit.java:407) - JavaFX Application Thread
2026-04-20 14:58:39,612 [ERROR] in JavaFX Application Thread - 	at com.sun.javafx.tk.quantum.QuantumToolkit.pulse(QuantumToolkit.java:601) - JavaFX Application Thread
2026-04-20 14:58:39,612 [ERROR] in JavaFX Application Thread - 	at com.sun.javafx.tk.quantum.QuantumToolkit.pulse(QuantumToolkit.java:581) - JavaFX Application Thread
2026-04-20 14:58:39,612 [ERROR] in JavaFX Application Thread - 	at com.sun.javafx.tk.quantum.QuantumToolkit.pulseFromQueue(QuantumToolkit.java:574) - JavaFX Application Thread
2026-04-20 14:58:39,612 [ERROR] in JavaFX Application Thread - 	at com.sun.javafx.tk.quantum.QuantumToolkit.lambda$runToolkit$0(QuantumToolkit.java:351) - JavaFX Application Thread
2026-04-20 14:58:39,612 [ERROR] in JavaFX Application Thread - 	at com.sun.glass.ui.monocle.RunnableProcessor.runLoop(RunnableProcessor.java:92) - JavaFX Application Thread
2026-04-20 14:58:39,612 [ERROR] in JavaFX Application Thread - 	at com.sun.glass.ui.monocle.RunnableProcessor.run(RunnableProcessor.java:51) - JavaFX Application Thread
2026-04-20 14:58:39,612 [ERROR] in JavaFX Application Thread - 	at java.base/java.lang.Thread.run(Thread.java:1474) - JavaFX Application Thread
2026-04-20 14:58:39,628 [ERROR] in JavaFX Application Thread - Exception in thread "JavaFX Application Thread" java.lang.ClassCastException: class com.flexganttfx.sprint.model.TaskActivity cannot be cast to class com.flexganttfx.sprint.model.UserStory (com.flexganttfx.sprint.model.TaskActivity and com.flexganttfx.sprint.model.UserStory are in unnamed module of loader 'app') - JavaFX Application Thread
2026-04-20 14:58:39,629 [ERROR] in JavaFX Application Thread - 	at com.flexganttfx.sprint.renderer.UserStoryRenderer.drawActivity(UserStoryRenderer.java:38) - JavaFX Application Thread
2026-04-20 14:58:39,629 [ERROR] in JavaFX Application Thread - 	at com.flexganttfx.view.graphics.renderer.ActivityRenderer.draw(ActivityRenderer.java:70) - JavaFX Application Thread
2026-04-20 14:58:39,629 [ERROR] in JavaFX Application Thread - 	at impl.com.flexganttfx.skin.graphics.RowCanvas.drawActivity(RowCanvas.java:772) - JavaFX Application Thread
2026-04-20 14:58:39,629 [ERROR] in JavaFX Application Thread - 	at impl.com.flexganttfx.skin.graphics.RowCanvas.drawLayer(RowCanvas.java:480) - JavaFX Application Thread
2026-04-20 14:58:39,629 [ERROR] in JavaFX Application Thread - 	at impl.com.flexganttfx.skin.graphics.RowCanvas.drawModelLayers(RowCanvas.java:371) - JavaFX Application Thread
2026-04-20 14:58:39,629 [ERROR] in JavaFX Application Thread - 	at impl.com.flexganttfx.skin.graphics.RowCanvas.draw(RowCanvas.java:300) - JavaFX Application Thread
2026-04-20 14:58:39,629 [ERROR] in JavaFX Application Thread - 	at com.flexganttfx.view.graphics.GraphicsBase.lambda$new$23(GraphicsBase.java:635) - JavaFX Application Thread
2026-04-20 14:58:39,629 [ERROR] in JavaFX Application Thread - 	at javafx.scene.Scene$ScenePulseListener.pulse(Scene.java:2728) - JavaFX Application Thread
2026-04-20 14:58:39,629 [ERROR] in JavaFX Application Thread - 	at com.sun.javafx.tk.Toolkit.runPulse(Toolkit.java:382) - JavaFX Application Thread
2026-04-20 14:58:39,629 [ERROR] in JavaFX Application Thread - 	at com.sun.javafx.tk.Toolkit.firePulse(Toolkit.java:407) - JavaFX Application Thread
2026-04-20 14:58:39,629 [ERROR] in JavaFX Application Thread - 	at com.sun.javafx.tk.quantum.QuantumToolkit.pulse(QuantumToolkit.java:601) - JavaFX Application Thread
2026-04-20 14:58:39,629 [ERROR] in JavaFX Application Thread - 	at com.sun.javafx.tk.quantum.QuantumToolkit.pulse(QuantumToolkit.java:581) - JavaFX Application Thread
2026-04-20 14:58:39,629 [ERROR] in JavaFX Application Thread - 	at com.sun.javafx.tk.quantum.QuantumToolkit.pulseFromQueue(QuantumToolkit.java:574) - JavaFX Application Thread
2026-04-20 14:58:39,629 [ERROR] in JavaFX Application Thread - 	at com.sun.javafx.tk.quantum.QuantumToolkit.lambda$runToolkit$0(QuantumToolkit.java:351) - JavaFX Application Thread
2026-04-20 14:58:39,629 [ERROR] in JavaFX Application Thread - 	at com.sun.glass.ui.monocle.RunnableProcessor.runLoop(RunnableProcessor.java:92) - JavaFX Application Thread
2026-04-20 14:58:39,629 [ERROR] in JavaFX Application Thread - 	at com.sun.glass.ui.monocle.RunnableProcessor.run(RunnableProcessor.java:51) - JavaFX Application Thread
2026-04-20 14:58:39,629 [ERROR] in JavaFX Application Thread - 	at java.base/java.lang.Thread.run(Thread.java:1474) - JavaFX Application Thread
2026-04-20 14:58:39,643 [ERROR] in JavaFX Application Thread - Exception in thread "JavaFX Application Thread" java.lang.ClassCastException: class com.flexganttfx.sprint.model.TaskActivity cannot be cast to class com.flexganttfx.sprint.model.UserStory (com.flexganttfx.sprint.model.TaskActivity and com.flexganttfx.sprint.model.UserStory are in unnamed module of loader 'app') - JavaFX Application Thread
2026-04-20 14:58:39,643 [ERROR] in JavaFX Application Thread - 	at com.flexganttfx.sprint.renderer.UserStoryRenderer.drawActivity(UserStoryRenderer.java:38) - JavaFX Application Thread
2026-04-20 14:58:39,643 [ERROR] in JavaFX Application Thread - 	at com.flexganttfx.view.graphics.renderer.ActivityRenderer.draw(ActivityRenderer.java:70) - JavaFX Application Thread
2026-04-20 14:58:39,643 [ERROR] in JavaFX Application Thread - 	at impl.com.flexganttfx.skin.graphics.RowCanvas.drawActivity(RowCanvas.java:772) - JavaFX Application Thread
2026-04-20 14:58:39,643 [ERROR] in JavaFX Application Thread - 	at impl.com.flexganttfx.skin.graphics.RowCanvas.drawLayer(RowCanvas.java:480) - JavaFX Application Thread
2026-04-20 14:58:39,643 [ERROR] in JavaFX Application Thread - 	at impl.com.flexganttfx.skin.graphics.RowCanvas.drawModelLayers(RowCanvas.java:371) - JavaFX Application Thread
2026-04-20 14:58:39,643 [ERROR] in JavaFX Application Thread - 	at impl.com.flexganttfx.skin.graphics.RowCanvas.draw(RowCanvas.java:300) - JavaFX Application Thread
2026-04-20 14:58:39,643 [ERROR] in JavaFX Application Thread - 	at com.flexganttfx.view.graphics.GraphicsBase.lambda$new$23(GraphicsBase.java:635) - JavaFX Application Thread
2026-04-20 14:58:39,643 [ERROR] in JavaFX Application Thread - 	at javafx.scene.Scene$ScenePulseListener.pulse(Scene.java:2728) - JavaFX Application Thread
2026-04-20 14:58:39,643 [ERROR] in JavaFX Application Thread - 	at com.sun.javafx.tk.Toolkit.runPulse(Toolkit.java:382) - JavaFX Application Thread
2026-04-20 14:58:39,643 [ERROR] in JavaFX Application Thread - 	at com.sun.javafx.tk.Toolkit.firePulse(Toolkit.java:407) - JavaFX Application Thread
2026-04-20 14:58:39,643 [ERROR] in JavaFX Application Thread - 	at com.sun.javafx.tk.quantum.QuantumToolkit.pulse(QuantumToolkit.java:601) - JavaFX Application Thread
2026-04-20 14:58:39,643 [ERROR] in JavaFX Application Thread - 	at com.sun.javafx.tk.quantum.QuantumToolkit.pulse(QuantumToolkit.java:581) - JavaFX Application Thread
2026-04-20 14:58:39,643 [ERROR] in JavaFX Application Thread - 	at com.sun.javafx.tk.quantum.QuantumToolkit.pulseFromQueue(QuantumToolkit.java:574) - JavaFX Application Thread
2026-04-20 14:58:39,643 [ERROR] in JavaFX Application Thread - 	at com.sun.javafx.tk.quantum.QuantumToolkit.lambda$runToolkit$0(QuantumToolkit.java:351) - JavaFX Application Thread
2026-04-20 14:58:39,643 [ERROR] in JavaFX Application Thread - 	at com.sun.glass.ui.monocle.RunnableProcessor.runLoop(RunnableProcessor.java:92) - JavaFX Application Thread
2026-04-20 14:58:39,643 [ERROR] in JavaFX Application Thread - 	at com.sun.glass.ui.monocle.RunnableProcessor.run(RunnableProcessor.java:51) - JavaFX Application Thread
2026-04-20 14:58:39,643 [ERROR] in JavaFX Application Thread - 	at java.base/java.lang.Thread.run(Thread.java:1474) - JavaFX Application Thread
2026-04-20 14:58:39,659 [ERROR] in JavaFX Application Thread - Exception in thread "JavaFX Application Thread" java.lang.ClassCastException: class com.flexganttfx.sprint.model.TaskActivity cannot be cast to class com.flexganttfx.sprint.model.UserStory (com.flexganttfx.sprint.model.TaskActivity and com.flexganttfx.sprint.model.UserStory are in unnamed module of loader 'app') - JavaFX Application Thread
2026-04-20 14:58:39,659 [ERROR] in JavaFX Application Thread - 	at com.flexganttfx.sprint.renderer.UserStoryRenderer.drawActivity(UserStoryRenderer.java:38) - JavaFX Application Thread
2026-04-20 14:58:39,659 [ERROR] in JavaFX Application Thread - 	at com.flexganttfx.view.graphics.renderer.ActivityRenderer.draw(ActivityRenderer.java:70) - JavaFX Application Thread
2026-04-20 14:58:39,659 [ERROR] in JavaFX Application Thread - 	at impl.com.flexganttfx.skin.graphics.RowCanvas.drawActivity(RowCanvas.java:772) - JavaFX Application Thread
2026-04-20 14:58:39,659 [ERROR] in JavaFX Application Thread - 	at impl.com.flexganttfx.skin.graphics.RowCanvas.drawLayer(RowCanvas.java:480) - JavaFX Application Thread
2026-04-20 14:58:39,659 [ERROR] in JavaFX Application Thread - 	at impl.com.flexganttfx.skin.graphics.RowCanvas.drawModelLayers(RowCanvas.java:371) - JavaFX Application Thread
2026-04-20 14:58:39,659 [ERROR] in JavaFX Application Thread - 	at impl.com.flexganttfx.skin.graphics.RowCanvas.draw(RowCanvas.java:300) - JavaFX Application Thread
2026-04-20 14:58:39,659 [ERROR] in JavaFX Application Thread - 	at com.flexganttfx.view.graphics.GraphicsBase.lambda$new$23(GraphicsBase.java:635) - JavaFX Application Thread
2026-04-20 14:58:39,659 [ERROR] in JavaFX Application Thread - 	at javafx.scene.Scene$ScenePulseListener.pulse(Scene.java:2728) - JavaFX Application Thread
2026-04-20 14:58:39,659 [ERROR] in JavaFX Application Thread - 	at com.sun.javafx.tk.Toolkit.runPulse(Toolkit.java:382) - JavaFX Application Thread
2026-04-20 14:58:39,659 [ERROR] in JavaFX Application Thread - 	at com.sun.javafx.tk.Toolkit.firePulse(Toolkit.java:407) - JavaFX Application Thread
2026-04-20 14:58:39,659 [ERROR] in JavaFX Application Thread - 	at com.sun.javafx.tk.quantum.QuantumToolkit.pulse(QuantumToolkit.java:601) - JavaFX Application Thread
2026-04-20 14:58:39,659 [ERROR] in JavaFX Application Thread - 	at com.sun.javafx.tk.quantum.QuantumToolkit.pulse(QuantumToolkit.java:581) - JavaFX Application Thread
2026-04-20 14:58:39,659 [ERROR] in JavaFX Application Thread - 	at com.sun.javafx.tk.quantum.QuantumToolkit.pulseFromQueue(QuantumToolkit.java:574) - JavaFX Application Thread
2026-04-20 14:58:39,659 [ERROR] in JavaFX Application Thread - 	at com.sun.javafx.tk.quantum.QuantumToolkit.lambda$runToolkit$0(QuantumToolkit.java:351) - JavaFX Application Thread
2026-04-20 14:58:39,659 [ERROR] in JavaFX Application Thread - 	at com.sun.glass.ui.monocle.RunnableProcessor.runLoop(RunnableProcessor.java:92) - JavaFX Application Thread
2026-04-20 14:58:39,659 [ERROR] in JavaFX Application Thread - 	at com.sun.glass.ui.monocle.RunnableProcessor.run(RunnableProcessor.java:51) - JavaFX Application Thread
2026-04-20 14:58:39,659 [ERROR] in JavaFX Application Thread - 	at java.base/java.lang.Thread.run(Thread.java:1474) - JavaFX Application Thread
2026-04-20 14:58:39,672 [ERROR] in JavaFX Application Thread - Exception in thread "JavaFX Application Thread" java.lang.ClassCastException: class com.flexganttfx.sprint.model.TaskActivity cannot be cast to class com.flexganttfx.sprint.model.UserStory (com.flexganttfx.sprint.model.TaskActivity and com.flexganttfx.sprint.model.UserStory are in unnamed module of loader 'app') - JavaFX Application Thread
2026-04-20 14:58:39,672 [ERROR] in JavaFX Application Thread - 	at com.flexganttfx.sprint.renderer.UserStoryRenderer.drawActivity(UserStoryRenderer.java:38) - JavaFX Application Thread
2026-04-20 14:58:39,672 [ERROR] in JavaFX Application Thread - 	at com.flexganttfx.view.graphics.renderer.ActivityRenderer.draw(ActivityRenderer.java:70) - JavaFX Application Thread
2026-04-20 14:58:39,672 [ERROR] in JavaFX Application Thread - 	at impl.com.flexganttfx.skin.graphics.RowCanvas.drawActivity(RowCanvas.java:772) - JavaFX Application Thread
2026-04-20 14:58:39,672 [ERROR] in JavaFX Application Thread - 	at impl.com.flexganttfx.skin.graphics.RowCanvas.drawLayer(RowCanvas.java:480) - JavaFX Application Thread
2026-04-20 14:58:39,672 [ERROR] in JavaFX Application Thread - 	at impl.com.flexganttfx.skin.graphics.RowCanvas.drawModelLayers(RowCanvas.java:371) - JavaFX Application Thread
2026-04-20 14:58:39,672 [ERROR] in JavaFX Application Thread - 	at impl.com.flexganttfx.skin.graphics.RowCanvas.draw(RowCanvas.java:300) - JavaFX Application Thread
2026-04-20 14:58:39,672 [ERROR] in JavaFX Application Thread - 	at com.flexganttfx.view.graphics.GraphicsBase.lambda$new$23(GraphicsBase.java:635) - JavaFX Application Thread
2026-04-20 14:58:39,672 [ERROR] in JavaFX Application Thread - 	at javafx.scene.Scene$ScenePulseListener.pulse(Scene.java:2728) - JavaFX Application Thread
2026-04-20 14:58:39,672 [ERROR] in JavaFX Application Thread - 	at com.sun.javafx.tk.Toolkit.runPulse(Toolkit.java:382) - JavaFX Application Thread
2026-04-20 14:58:39,672 [ERROR] in JavaFX Application Thread - 	at com.sun.javafx.tk.Toolkit.firePulse(Toolkit.java:407) - JavaFX Application Thread
2026-04-20 14:58:39,672 [ERROR] in JavaFX Application Thread - 	at com.sun.javafx.tk.quantum.QuantumToolkit.pulse(QuantumToolkit.java:601) - JavaFX Application Thread
2026-04-20 14:58:39,672 [ERROR] in JavaFX Application Thread - 	at com.sun.javafx.tk.quantum.QuantumToolkit.pulse(QuantumToolkit.java:581) - JavaFX Application Thread
2026-04-20 14:58:39,672 [ERROR] in JavaFX Application Thread - 	at com.sun.javafx.tk.quantum.QuantumToolkit.pulseFromQueue(QuantumToolkit.java:574) - JavaFX Application Thread
2026-04-20 14:58:39,672 [ERROR] in JavaFX Application Thread - 	at com.sun.javafx.tk.quantum.QuantumToolkit.lambda$runToolkit$0(QuantumToolkit.java:351) - JavaFX Application Thread
2026-04-20 14:58:39,672 [ERROR] in JavaFX Application Thread - 	at com.sun.glass.ui.monocle.RunnableProcessor.runLoop(RunnableProcessor.java:92) - JavaFX Application Thread
2026-04-20 14:58:39,672 [ERROR] in JavaFX Application Thread - 	at com.sun.glass.ui.monocle.RunnableProcessor.run(RunnableProcessor.java:51) - JavaFX Application Thread
2026-04-20 14:58:39,672 [ERROR] in JavaFX Application Thread - 	at java.base/java.lang.Thread.run(Thread.java:1474) - JavaFX Application Thread
2026-04-20 14:58:39,695 [ERROR] in JavaFX Application Thread - Exception in thread "JavaFX Application Thread" java.lang.ClassCastException: class com.flexganttfx.sprint.model.TaskActivity cannot be cast to class com.flexganttfx.sprint.model.UserStory (com.flexganttfx.sprint.model.TaskActivity and com.flexganttfx.sprint.model.UserStory are in unnamed module of loader 'app') - JavaFX Application Thread
2026-04-20 14:58:39,695 [ERROR] in JavaFX Application Thread - 	at com.flexganttfx.sprint.renderer.UserStoryRenderer.drawActivity(UserStoryRenderer.java:38) - JavaFX Application Thread
2026-04-20 14:58:39,695 [ERROR] in JavaFX Application Thread - 	at com.flexganttfx.view.graphics.renderer.ActivityRenderer.draw(ActivityRenderer.java:70) - JavaFX Application Thread
2026-04-20 14:58:39,695 [ERROR] in JavaFX Application Thread - 	at impl.com.flexganttfx.skin.graphics.RowCanvas.drawActivity(RowCanvas.java:772) - JavaFX Application Thread
2026-04-20 14:58:39,695 [ERROR] in JavaFX Application Thread - 	at impl.com.flexganttfx.skin.graphics.RowCanvas.drawLayer(RowCanvas.java:480) - JavaFX Application Thread
2026-04-20 14:58:39,695 [ERROR] in JavaFX Application Thread - 	at impl.com.flexganttfx.skin.graphics.RowCanvas.drawModelLayers(RowCanvas.java:371) - JavaFX Application Thread
2026-04-20 14:58:39,695 [ERROR] in JavaFX Application Thread - 	at impl.com.flexganttfx.skin.graphics.RowCanvas.draw(RowCanvas.java:300) - JavaFX Application Thread
2026-04-20 14:58:39,695 [ERROR] in JavaFX Application Thread - 	at com.flexganttfx.view.graphics.GraphicsBase.lambda$new$23(GraphicsBase.java:635) - JavaFX Application Thread
2026-04-20 14:58:39,695 [ERROR] in JavaFX Application Thread - 	at javafx.scene.Scene$ScenePulseListener.pulse(Scene.java:2728) - JavaFX Application Thread
2026-04-20 14:58:39,695 [ERROR] in JavaFX Application Thread - 	at com.sun.javafx.tk.Toolkit.runPulse(Toolkit.java:382) - JavaFX Application Thread
2026-04-20 14:58:39,695 [ERROR] in JavaFX Application Thread - 	at com.sun.javafx.tk.Toolkit.firePulse(Toolkit.java:407) - JavaFX Application Thread
2026-04-20 14:58:39,695 [ERROR] in JavaFX Application Thread - 	at com.sun.javafx.tk.quantum.QuantumToolkit.pulse(QuantumToolkit.java:601) - JavaFX Application Thread
2026-04-20 14:58:39,695 [ERROR] in JavaFX Application Thread - 	at com.sun.javafx.tk.quantum.QuantumToolkit.pulse(QuantumToolkit.java:581) - JavaFX Application Thread
2026-04-20 14:58:39,695 [ERROR] in JavaFX Application Thread - 	at com.sun.javafx.tk.quantum.QuantumToolkit.pulseFromQueue(QuantumToolkit.java:574) - JavaFX Application Thread
2026-04-20 14:58:39,695 [ERROR] in JavaFX Application Thread - 	at com.sun.javafx.tk.quantum.QuantumToolkit.lambda$runToolkit$0(QuantumToolkit.java:351) - JavaFX Application Thread
2026-04-20 14:58:39,695 [ERROR] in JavaFX Application Thread - 	at com.sun.glass.ui.monocle.RunnableProcessor.runLoop(RunnableProcessor.java:92) - JavaFX Application Thread
2026-04-20 14:58:39,695 [ERROR] in JavaFX Application Thread - 	at com.sun.glass.ui.monocle.RunnableProcessor.run(RunnableProcessor.java:51) - JavaFX Application Thread
2026-04-20 14:58:39,695 [ERROR] in JavaFX Application Thread - 	at java.base/java.lang.Thread.run(Thread.java:1474) - JavaFX Application Thread
2026-04-20 14:58:39,708 [ERROR] in JavaFX Application Thread - Exception in thread "JavaFX Application Thread" java.lang.ClassCastException: class com.flexganttfx.sprint.model.TaskActivity cannot be cast to class com.flexganttfx.sprint.model.UserStory (com.flexganttfx.sprint.model.TaskActivity and com.flexganttfx.sprint.model.UserStory are in unnamed module of loader 'app') - JavaFX Application Thread
2026-04-20 14:58:39,708 [ERROR] in JavaFX Application Thread - 	at com.flexganttfx.sprint.renderer.UserStoryRenderer.drawActivity(UserStoryRenderer.java:38) - JavaFX Application Thread
2026-04-20 14:58:39,708 [ERROR] in JavaFX Application Thread - 	at com.flexganttfx.view.graphics.renderer.ActivityRenderer.draw(ActivityRenderer.java:70) - JavaFX Application Thread
2026-04-20 14:58:39,708 [ERROR] in JavaFX Application Thread - 	at impl.com.flexganttfx.skin.graphics.RowCanvas.drawActivity(RowCanvas.java:772) - JavaFX Application Thread
2026-04-20 14:58:39,708 [ERROR] in JavaFX Application Thread - 	at impl.com.flexganttfx.skin.graphics.RowCanvas.drawLayer(RowCanvas.java:480) - JavaFX Application Thread
2026-04-20 14:58:39,708 [ERROR] in JavaFX Application Thread - 	at impl.com.flexganttfx.skin.graphics.RowCanvas.drawModelLayers(RowCanvas.java:371) - JavaFX Application Thread
2026-04-20 14:58:39,708 [ERROR] in JavaFX Application Thread - 	at impl.com.flexganttfx.skin.graphics.RowCanvas.draw(RowCanvas.java:300) - JavaFX Application Thread
2026-04-20 14:58:39,708 [ERROR] in JavaFX Application Thread - 	at com.flexganttfx.view.graphics.GraphicsBase.lambda$new$23(GraphicsBase.java:635) - JavaFX Application Thread
2026-04-20 14:58:39,708 [ERROR] in JavaFX Application Thread - 	at javafx.scene.Scene$ScenePulseListener.pulse(Scene.java:2728) - JavaFX Application Thread
2026-04-20 14:58:39,708 [ERROR] in JavaFX Application Thread - 	at com.sun.javafx.tk.Toolkit.runPulse(Toolkit.java:382) - JavaFX Application Thread
2026-04-20 14:58:39,708 [ERROR] in JavaFX Application Thread - 	at com.sun.javafx.tk.Toolkit.firePulse(Toolkit.java:407) - JavaFX Application Thread
2026-04-20 14:58:39,708 [ERROR] in JavaFX Application Thread - 	at com.sun.javafx.tk.quantum.QuantumToolkit.pulse(QuantumToolkit.java:601) - JavaFX Application Thread
2026-04-20 14:58:39,708 [ERROR] in JavaFX Application Thread - 	at com.sun.javafx.tk.quantum.QuantumToolkit.pulse(QuantumToolkit.java:581) - JavaFX Application Thread
2026-04-20 14:58:39,708 [ERROR] in JavaFX Application Thread - 	at com.sun.javafx.tk.quantum.QuantumToolkit.pulseFromQueue(QuantumToolkit.java:574) - JavaFX Application Thread
2026-04-20 14:58:39,708 [ERROR] in JavaFX Application Thread - 	at com.sun.javafx.tk.quantum.QuantumToolkit.lambda$runToolkit$0(QuantumToolkit.java:351) - JavaFX Application Thread
2026-04-20 14:58:39,708 [ERROR] in JavaFX Application Thread - 	at com.sun.glass.ui.monocle.RunnableProcessor.runLoop(RunnableProcessor.java:92) - JavaFX Application Thread
2026-04-20 14:58:39,708 [ERROR] in JavaFX Application Thread - 	at com.sun.glass.ui.monocle.RunnableProcessor.run(RunnableProcessor.java:51) - JavaFX Application Thread
2026-04-20 14:58:39,708 [ERROR] in JavaFX Application Thread - 	at java.base/java.lang.Thread.run(Thread.java:1474) - JavaFX Application Thread
2026-04-20 14:58:39,715 [ERROR] in JavaFX Application Thread - Exception in thread "JavaFX Application Thread" java.lang.ClassCastException: class com.flexganttfx.sprint.model.TaskActivity cannot be cast to class com.flexganttfx.sprint.model.UserStory (com.flexganttfx.sprint.model.TaskActivity and com.flexganttfx.sprint.model.UserStory are in unnamed module of loader 'app') - JavaFX Application Thread
2026-04-20 14:58:39,715 [ERROR] in JavaFX Application Thread - 	at com.flexganttfx.sprint.renderer.UserStoryRenderer.drawActivity(UserStoryRenderer.java:38) - JavaFX Application Thread
2026-04-20 14:58:39,715 [ERROR] in JavaFX Application Thread - 	at com.flexganttfx.view.graphics.renderer.ActivityRenderer.draw(ActivityRenderer.java:70) - JavaFX Application Thread
2026-04-20 14:58:39,715 [ERROR] in JavaFX Application Thread - 	at impl.com.flexganttfx.skin.graphics.RowCanvas.drawActivity(RowCanvas.java:772) - JavaFX Application Thread
2026-04-20 14:58:39,715 [ERROR] in JavaFX Application Thread - 	at impl.com.flexganttfx.skin.graphics.RowCanvas.drawLayer(RowCanvas.java:480) - JavaFX Application Thread
2026-04-20 14:58:39,715 [ERROR] in JavaFX Application Thread - 	at impl.com.flexganttfx.skin.graphics.RowCanvas.drawModelLayers(RowCanvas.java:371) - JavaFX Application Thread
2026-04-20 14:58:39,715 [ERROR] in JavaFX Application Thread - 	at impl.com.flexganttfx.skin.graphics.RowCanvas.draw(RowCanvas.java:300) - JavaFX Application Thread
2026-04-20 14:58:39,715 [ERROR] in JavaFX Application Thread - 	at com.flexganttfx.view.graphics.GraphicsBase.lambda$new$23(GraphicsBase.java:635) - JavaFX Application Thread
2026-04-20 14:58:39,716 [ERROR] in JavaFX Application Thread - 	at javafx.scene.Scene$ScenePulseListener.pulse(Scene.java:2728) - JavaFX Application Thread
2026-04-20 14:58:39,716 [ERROR] in JavaFX Application Thread - 	at com.sun.javafx.tk.Toolkit.runPulse(Toolkit.java:382) - JavaFX Application Thread
2026-04-20 14:58:39,716 [ERROR] in JavaFX Application Thread - 	at com.sun.javafx.tk.Toolkit.firePulse(Toolkit.java:407) - JavaFX Application Thread
2026-04-20 14:58:39,716 [ERROR] in JavaFX Application Thread - 	at com.sun.javafx.tk.quantum.QuantumToolkit.pulse(QuantumToolkit.java:601) - JavaFX Application Thread
2026-04-20 14:58:39,716 [ERROR] in JavaFX Application Thread - 	at com.sun.javafx.tk.quantum.QuantumToolkit.pulse(QuantumToolkit.java:581) - JavaFX Application Thread
2026-04-20 14:58:39,716 [ERROR] in JavaFX Application Thread - 	at com.sun.javafx.tk.quantum.QuantumToolkit.pulseFromQueue(QuantumToolkit.java:574) - JavaFX Application Thread
2026-04-20 14:58:39,716 [ERROR] in JavaFX Application Thread - 	at com.sun.javafx.tk.quantum.QuantumToolkit.lambda$runToolkit$0(QuantumToolkit.java:351) - JavaFX Application Thread
2026-04-20 14:58:39,716 [ERROR] in JavaFX Application Thread - 	at com.sun.glass.ui.monocle.RunnableProcessor.runLoop(RunnableProcessor.java:92) - JavaFX Application Thread
2026-04-20 14:58:39,716 [ERROR] in JavaFX Application Thread - 	at com.sun.glass.ui.monocle.RunnableProcessor.run(RunnableProcessor.java:51) - JavaFX Application Thread
2026-04-20 14:58:39,716 [ERROR] in JavaFX Application Thread - 	at java.base/java.lang.Thread.run(Thread.java:1474) - JavaFX Application Thread
2026-04-20 14:58:39,730 [ERROR] in JavaFX Application Thread - Exception in thread "JavaFX Application Thread" java.lang.ClassCastException: class com.flexganttfx.sprint.model.TaskActivity cannot be cast to class com.flexganttfx.sprint.model.UserStory (com.flexganttfx.sprint.model.TaskActivity and com.flexganttfx.sprint.model.UserStory are in unnamed module of loader 'app') - JavaFX Application Thread
2026-04-20 14:58:39,730 [ERROR] in JavaFX Application Thread - 	at com.flexganttfx.sprint.renderer.UserStoryRenderer.drawActivity(UserStoryRenderer.java:38) - JavaFX Application Thread
2026-04-20 14:58:39,730 [ERROR] in JavaFX Application Thread - 	at com.flexganttfx.view.graphics.renderer.ActivityRenderer.draw(ActivityRenderer.java:70) - JavaFX Application Thread
2026-04-20 14:58:39,730 [ERROR] in JavaFX Application Thread - 	at impl.com.flexganttfx.skin.graphics.RowCanvas.drawActivity(RowCanvas.java:772) - JavaFX Application Thread
2026-04-20 14:58:39,730 [ERROR] in JavaFX Application Thread - 	at impl.com.flexganttfx.skin.graphics.RowCanvas.drawLayer(RowCanvas.java:480) - JavaFX Application Thread
2026-04-20 14:58:39,730 [ERROR] in JavaFX Application Thread - 	at impl.com.flexganttfx.skin.graphics.RowCanvas.drawModelLayers(RowCanvas.java:371) - JavaFX Application Thread
2026-04-20 14:58:39,730 [ERROR] in JavaFX Application Thread - 	at impl.com.flexganttfx.skin.graphics.RowCanvas.draw(RowCanvas.java:300) - JavaFX Application Thread
2026-04-20 14:58:39,730 [ERROR] in JavaFX Application Thread - 	at com.flexganttfx.view.graphics.GraphicsBase.lambda$new$23(GraphicsBase.java:635) - JavaFX Application Thread
2026-04-20 14:58:39,730 [ERROR] in JavaFX Application Thread - 	at javafx.scene.Scene$ScenePulseListener.pulse(Scene.java:2728) - JavaFX Application Thread
2026-04-20 14:58:39,730 [ERROR] in JavaFX Application Thread - 	at com.sun.javafx.tk.Toolkit.runPulse(Toolkit.java:382) - JavaFX Application Thread
2026-04-20 14:58:39,730 [ERROR] in JavaFX Application Thread - 	at com.sun.javafx.tk.Toolkit.firePulse(Toolkit.java:407) - JavaFX Application Thread
2026-04-20 14:58:39,730 [ERROR] in JavaFX Application Thread - 	at com.sun.javafx.tk.quantum.QuantumToolkit.pulse(QuantumToolkit.java:601) - JavaFX Application Thread
2026-04-20 14:58:39,730 [ERROR] in JavaFX Application Thread - 	at com.sun.javafx.tk.quantum.QuantumToolkit.pulse(QuantumToolkit.java:581) - JavaFX Application Thread
2026-04-20 14:58:39,730 [ERROR] in JavaFX Application Thread - 	at com.sun.javafx.tk.quantum.QuantumToolkit.pulseFromQueue(QuantumToolkit.java:574) - JavaFX Application Thread
2026-04-20 14:58:39,730 [ERROR] in JavaFX Application Thread - 	at com.sun.javafx.tk.quantum.QuantumToolkit.lambda$runToolkit$0(QuantumToolkit.java:351) - JavaFX Application Thread
2026-04-20 14:58:39,730 [ERROR] in JavaFX Application Thread - 	at com.sun.glass.ui.monocle.RunnableProcessor.runLoop(RunnableProcessor.java:92) - JavaFX Application Thread
2026-04-20 14:58:39,730 [ERROR] in JavaFX Application Thread - 	at com.sun.glass.ui.monocle.RunnableProcessor.run(RunnableProcessor.java:51) - JavaFX Application Thread
2026-04-20 14:58:39,730 [ERROR] in JavaFX Application Thread - 	at java.base/java.lang.Thread.run(Thread.java:1474) - JavaFX Application Thread
2026-04-20 14:58:39,747 [ERROR] in JavaFX Application Thread - Exception in thread "JavaFX Application Thread" java.lang.ClassCastException: class com.flexganttfx.sprint.model.TaskActivity cannot be cast to class com.flexganttfx.sprint.model.UserStory (com.flexganttfx.sprint.model.TaskActivity and com.flexganttfx.sprint.model.UserStory are in unnamed module of loader 'app') - JavaFX Application Thread
2026-04-20 14:58:39,747 [ERROR] in JavaFX Application Thread - 	at com.flexganttfx.sprint.renderer.UserStoryRenderer.drawActivity(UserStoryRenderer.java:38) - JavaFX Application Thread
2026-04-20 14:58:39,747 [ERROR] in JavaFX Application Thread - 	at com.flexganttfx.view.graphics.renderer.ActivityRenderer.draw(ActivityRenderer.java:70) - JavaFX Application Thread
2026-04-20 14:58:39,747 [ERROR] in JavaFX Application Thread - 	at impl.com.flexganttfx.skin.graphics.RowCanvas.drawActivity(RowCanvas.java:772) - JavaFX Application Thread
2026-04-20 14:58:39,747 [ERROR] in JavaFX Application Thread - 	at impl.com.flexganttfx.skin.graphics.RowCanvas.drawLayer(RowCanvas.java:480) - JavaFX Application Thread
2026-04-20 14:58:39,747 [ERROR] in JavaFX Application Thread - 	at impl.com.flexganttfx.skin.graphics.RowCanvas.drawModelLayers(RowCanvas.java:371) - JavaFX Application Thread
2026-04-20 14:58:39,748 [ERROR] in JavaFX Application Thread - 	at impl.com.flexganttfx.skin.graphics.RowCanvas.draw(RowCanvas.java:300) - JavaFX Application Thread
2026-04-20 14:58:39,748 [ERROR] in JavaFX Application Thread - 	at com.flexganttfx.view.graphics.GraphicsBase.lambda$new$23(GraphicsBase.java:635) - JavaFX Application Thread
2026-04-20 14:58:39,748 [ERROR] in JavaFX Application Thread - 	at javafx.scene.Scene$ScenePulseListener.pulse(Scene.java:2728) - JavaFX Application Thread
2026-04-20 14:58:39,748 [ERROR] in JavaFX Application Thread - 	at com.sun.javafx.tk.Toolkit.runPulse(Toolkit.java:382) - JavaFX Application Thread
2026-04-20 14:58:39,748 [ERROR] in JavaFX Application Thread - 	at com.sun.javafx.tk.Toolkit.firePulse(Toolkit.java:407) - JavaFX Application Thread
2026-04-20 14:58:39,748 [ERROR] in JavaFX Application Thread - 	at com.sun.javafx.tk.quantum.QuantumToolkit.pulse(QuantumToolkit.java:601) - JavaFX Application Thread
2026-04-20 14:58:39,748 [ERROR] in JavaFX Application Thread - 	at com.sun.javafx.tk.quantum.QuantumToolkit.pulse(QuantumToolkit.java:581) - JavaFX Application Thread
2026-04-20 14:58:39,748 [ERROR] in JavaFX Application Thread - 	at com.sun.javafx.tk.quantum.QuantumToolkit.pulseFromQueue(QuantumToolkit.java:574) - JavaFX Application Thread
2026-04-20 14:58:39,748 [ERROR] in JavaFX Application Thread - 	at com.sun.javafx.tk.quantum.QuantumToolkit.lambda$runToolkit$0(QuantumToolkit.java:351) - JavaFX Application Thread
2026-04-20 14:58:39,748 [ERROR] in JavaFX Application Thread - 	at com.sun.glass.ui.monocle.RunnableProcessor.runLoop(RunnableProcessor.java:92) - JavaFX Application Thread
2026-04-20 14:58:39,748 [ERROR] in JavaFX Application Thread - 	at com.sun.glass.ui.monocle.RunnableProcessor.run(RunnableProcessor.java:51) - JavaFX Application Thread
2026-04-20 14:58:39,748 [ERROR] in JavaFX Application Thread - 	at java.base/java.lang.Thread.run(Thread.java:1474) - JavaFX Application Thread
2026-04-20 14:58:39,762 [ERROR] in JavaFX Application Thread - Exception in thread "JavaFX Application Thread" java.lang.ClassCastException: class com.flexganttfx.sprint.model.TaskActivity cannot be cast to class com.flexganttfx.sprint.model.UserStory (com.flexganttfx.sprint.model.TaskActivity and com.flexganttfx.sprint.model.UserStory are in unnamed module of loader 'app') - JavaFX Application Thread
2026-04-20 14:58:39,762 [ERROR] in JavaFX Application Thread - 	at com.flexganttfx.sprint.renderer.UserStoryRenderer.drawActivity(UserStoryRenderer.java:38) - JavaFX Application Thread
2026-04-20 14:58:39,762 [ERROR] in JavaFX Application Thread - 	at com.flexganttfx.view.graphics.renderer.ActivityRenderer.draw(ActivityRenderer.java:70) - JavaFX Application Thread
2026-04-20 14:58:39,762 [ERROR] in JavaFX Application Thread - 	at impl.com.flexganttfx.skin.graphics.RowCanvas.drawActivity(RowCanvas.java:772) - JavaFX Application Thread
2026-04-20 14:58:39,762 [ERROR] in JavaFX Application Thread - 	at impl.com.flexganttfx.skin.graphics.RowCanvas.drawLayer(RowCanvas.java:480) - JavaFX Application Thread
2026-04-20 14:58:39,762 [ERROR] in JavaFX Application Thread - 	at impl.com.flexganttfx.skin.graphics.RowCanvas.drawModelLayers(RowCanvas.java:371) - JavaFX Application Thread
2026-04-20 14:58:39,762 [ERROR] in JavaFX Application Thread - 	at impl.com.flexganttfx.skin.graphics.RowCanvas.draw(RowCanvas.java:300) - JavaFX Application Thread
2026-04-20 14:58:39,762 [ERROR] in JavaFX Application Thread - 	at com.flexganttfx.view.graphics.GraphicsBase.lambda$new$23(GraphicsBase.java:635) - JavaFX Application Thread
2026-04-20 14:58:39,762 [ERROR] in JavaFX Application Thread - 	at javafx.scene.Scene$ScenePulseListener.pulse(Scene.java:2728) - JavaFX Application Thread
2026-04-20 14:58:39,762 [ERROR] in JavaFX Application Thread - 	at com.sun.javafx.tk.Toolkit.runPulse(Toolkit.java:382) - JavaFX Application Thread
2026-04-20 14:58:39,762 [ERROR] in JavaFX Application Thread - 	at com.sun.javafx.tk.Toolkit.firePulse(Toolkit.java:407) - JavaFX Application Thread
2026-04-20 14:58:39,762 [ERROR] in JavaFX Application Thread - 	at com.sun.javafx.tk.quantum.QuantumToolkit.pulse(QuantumToolkit.java:601) - JavaFX Application Thread
2026-04-20 14:58:39,762 [ERROR] in JavaFX Application Thread - 	at com.sun.javafx.tk.quantum.QuantumToolkit.pulse(QuantumToolkit.java:581) - JavaFX Application Thread
2026-04-20 14:58:39,762 [ERROR] in JavaFX Application Thread - 	at com.sun.javafx.tk.quantum.QuantumToolkit.pulseFromQueue(QuantumToolkit.java:574) - JavaFX Application Thread
2026-04-20 14:58:39,762 [ERROR] in JavaFX Application Thread - 	at com.sun.javafx.tk.quantum.QuantumToolkit.lambda$runToolkit$0(QuantumToolkit.java:351) - JavaFX Application Thread
2026-04-20 14:58:39,763 [ERROR] in JavaFX Application Thread - 	at com.sun.glass.ui.monocle.RunnableProcessor.runLoop(RunnableProcessor.java:92) - JavaFX Application Thread
2026-04-20 14:58:39,763 [ERROR] in JavaFX Application Thread - 	at com.sun.glass.ui.monocle.RunnableProcessor.run(RunnableProcessor.java:51) - JavaFX Application Thread
2026-04-20 14:58:39,763 [ERROR] in JavaFX Application Thread - 	at java.base/java.lang.Thread.run(Thread.java:1474) - JavaFX Application Thread
2026-04-20 14:58:45,551 [ERROR] in JavaFX Application Thread - Exception in thread "JavaFX Application Thread" java.lang.ClassCastException: class com.flexganttfx.sprint.model.TaskActivity cannot be cast to class com.flexganttfx.sprint.model.UserStory (com.flexganttfx.sprint.model.TaskActivity and com.flexganttfx.sprint.model.UserStory are in unnamed module of loader 'app') - JavaFX Application Thread
2026-04-20 14:58:45,552 [ERROR] in JavaFX Application Thread - 	at com.flexganttfx.sprint.renderer.UserStoryRenderer.drawActivity(UserStoryRenderer.java:38) - JavaFX Application Thread
2026-04-20 14:58:45,552 [ERROR] in JavaFX Application Thread - 	at com.flexganttfx.view.graphics.renderer.ActivityRenderer.draw(ActivityRenderer.java:70) - JavaFX Application Thread
2026-04-20 14:58:45,553 [ERROR] in JavaFX Application Thread - 	at impl.com.flexganttfx.skin.graphics.RowCanvas.drawActivity(RowCanvas.java:772) - JavaFX Application Thread
2026-04-20 14:58:45,553 [ERROR] in JavaFX Application Thread - 	at impl.com.flexganttfx.skin.graphics.RowCanvas.drawLayer(RowCanvas.java:480) - JavaFX Application Thread
2026-04-20 14:58:45,553 [ERROR] in JavaFX Application Thread - 	at impl.com.flexganttfx.skin.graphics.RowCanvas.drawModelLayers(RowCanvas.java:371) - JavaFX Application Thread
2026-04-20 14:58:45,553 [ERROR] in JavaFX Application Thread - 	at impl.com.flexganttfx.skin.graphics.RowCanvas.draw(RowCanvas.java:300) - JavaFX Application Thread
2026-04-20 14:58:45,553 [ERROR] in JavaFX Application Thread - 	at com.flexganttfx.view.graphics.GraphicsBase.lambda$new$23(GraphicsBase.java:635) - JavaFX Application Thread
2026-04-20 14:58:45,553 [ERROR] in JavaFX Application Thread - 	at javafx.scene.Scene$ScenePulseListener.pulse(Scene.java:2728) - JavaFX Application Thread
2026-04-20 14:58:45,553 [ERROR] in JavaFX Application Thread - 	at com.sun.javafx.tk.Toolkit.runPulse(Toolkit.java:382) - JavaFX Application Thread
2026-04-20 14:58:45,553 [ERROR] in JavaFX Application Thread - 	at com.sun.javafx.tk.Toolkit.firePulse(Toolkit.java:407) - JavaFX Application Thread
2026-04-20 14:58:45,553 [ERROR] in JavaFX Application Thread - 	at com.sun.javafx.tk.quantum.QuantumToolkit.pulse(QuantumToolkit.java:601) - JavaFX Application Thread
2026-04-20 14:58:45,553 [ERROR] in JavaFX Application Thread - 	at com.sun.javafx.tk.quantum.QuantumToolkit.pulse(QuantumToolkit.java:581) - JavaFX Application Thread
2026-04-20 14:58:45,553 [ERROR] in JavaFX Application Thread - 	at com.sun.javafx.tk.quantum.QuantumToolkit.pulseFromQueue(QuantumToolkit.java:574) - JavaFX Application Thread
2026-04-20 14:58:45,553 [ERROR] in JavaFX Application Thread - 	at com.sun.javafx.tk.quantum.QuantumToolkit.lambda$runToolkit$0(QuantumToolkit.java:351) - JavaFX Application Thread
2026-04-20 14:58:45,553 [ERROR] in JavaFX Application Thread - 	at com.sun.glass.ui.monocle.RunnableProcessor.runLoop(RunnableProcessor.java:92) - JavaFX Application Thread
2026-04-20 14:58:45,553 [ERROR] in JavaFX Application Thread - 	at com.sun.glass.ui.monocle.RunnableProcessor.run(RunnableProcessor.java:51) - JavaFX Application Thread
2026-04-20 14:58:45,553 [ERROR] in JavaFX Application Thread - 	at java.base/java.lang.Thread.run(Thread.java:1474) - JavaFX Application Thread
2026-04-20 14:58:45,571 [ERROR] in JavaFX Application Thread - Exception in thread "JavaFX Application Thread" java.lang.ClassCastException: class com.flexganttfx.sprint.model.TaskActivity cannot be cast to class com.flexganttfx.sprint.model.UserStory (com.flexganttfx.sprint.model.TaskActivity and com.flexganttfx.sprint.model.UserStory are in unnamed module of loader 'app') - JavaFX Application Thread
2026-04-20 14:58:45,571 [ERROR] in JavaFX Application Thread - 	at com.flexganttfx.sprint.renderer.UserStoryRenderer.drawActivity(UserStoryRenderer.java:38) - JavaFX Application Thread
2026-04-20 14:58:45,571 [ERROR] in JavaFX Application Thread - 	at com.flexganttfx.view.graphics.renderer.ActivityRenderer.draw(ActivityRenderer.java:70) - JavaFX Application Thread
2026-04-20 14:58:45,571 [ERROR] in JavaFX Application Thread - 	at impl.com.flexganttfx.skin.graphics.RowCanvas.drawActivity(RowCanvas.java:772) - JavaFX Application Thread
2026-04-20 14:58:45,571 [ERROR] in JavaFX Application Thread - 	at impl.com.flexganttfx.skin.graphics.RowCanvas.drawLayer(RowCanvas.java:480) - JavaFX Application Thread
2026-04-20 14:58:45,571 [ERROR] in JavaFX Application Thread - 	at impl.com.flexganttfx.skin.graphics.RowCanvas.drawModelLayers(RowCanvas.java:371) - JavaFX Application Thread
2026-04-20 14:58:45,571 [ERROR] in JavaFX Application Thread - 	at impl.com.flexganttfx.skin.graphics.RowCanvas.draw(RowCanvas.java:300) - JavaFX Application Thread
2026-04-20 14:58:45,571 [ERROR] in JavaFX Application Thread - 	at com.flexganttfx.view.graphics.GraphicsBase.lambda$new$23(GraphicsBase.java:635) - JavaFX Application Thread
2026-04-20 14:58:45,571 [ERROR] in JavaFX Application Thread - 	at javafx.scene.Scene$ScenePulseListener.pulse(Scene.java:2728) - JavaFX Application Thread
2026-04-20 14:58:45,571 [ERROR] in JavaFX Application Thread - 	at com.sun.javafx.tk.Toolkit.runPulse(Toolkit.java:382) - JavaFX Application Thread
2026-04-20 14:58:45,571 [ERROR] in JavaFX Application Thread - 	at com.sun.javafx.tk.Toolkit.firePulse(Toolkit.java:407) - JavaFX Application Thread
2026-04-20 14:58:45,571 [ERROR] in JavaFX Application Thread - 	at com.sun.javafx.tk.quantum.QuantumToolkit.pulse(QuantumToolkit.java:601) - JavaFX Application Thread
2026-04-20 14:58:45,571 [ERROR] in JavaFX Application Thread - 	at com.sun.javafx.tk.quantum.QuantumToolkit.pulse(QuantumToolkit.java:581) - JavaFX Application Thread
2026-04-20 14:58:45,571 [ERROR] in JavaFX Application Thread - 	at com.sun.javafx.tk.quantum.QuantumToolkit.pulseFromQueue(QuantumToolkit.java:574) - JavaFX Application Thread
2026-04-20 14:58:45,572 [ERROR] in JavaFX Application Thread - 	at com.sun.javafx.tk.quantum.QuantumToolkit.lambda$runToolkit$0(QuantumToolkit.java:351) - JavaFX Application Thread
2026-04-20 14:58:45,572 [ERROR] in JavaFX Application Thread - 	at com.sun.glass.ui.monocle.RunnableProcessor.runLoop(RunnableProcessor.java:92) - JavaFX Application Thread
2026-04-20 14:58:45,572 [ERROR] in JavaFX Application Thread - 	at com.sun.glass.ui.monocle.RunnableProcessor.run(RunnableProcessor.java:51) - JavaFX Application Thread
2026-04-20 14:58:45,572 [ERROR] in JavaFX Application Thread - 	at java.base/java.lang.Thread.run(Thread.java:1474) - JavaFX Application Thread
2026-04-20 14:58:45,577 [ERROR] in JavaFX Application Thread - Exception in thread "JavaFX Application Thread" java.lang.ClassCastException: class com.flexganttfx.sprint.model.TaskActivity cannot be cast to class com.flexganttfx.sprint.model.UserStory (com.flexganttfx.sprint.model.TaskActivity and com.flexganttfx.sprint.model.UserStory are in unnamed module of loader 'app') - JavaFX Application Thread
2026-04-20 14:58:45,577 [ERROR] in JavaFX Application Thread - 	at com.flexganttfx.sprint.renderer.UserStoryRenderer.drawActivity(UserStoryRenderer.java:38) - JavaFX Application Thread
2026-04-20 14:58:45,577 [ERROR] in JavaFX Application Thread - 	at com.flexganttfx.view.graphics.renderer.ActivityRenderer.draw(ActivityRenderer.java:70) - JavaFX Application Thread
2026-04-20 14:58:45,577 [ERROR] in JavaFX Application Thread - 	at impl.com.flexganttfx.skin.graphics.RowCanvas.drawActivity(RowCanvas.java:772) - JavaFX Application Thread
2026-04-20 14:58:45,578 [ERROR] in JavaFX Application Thread - 	at impl.com.flexganttfx.skin.graphics.RowCanvas.drawLayer(RowCanvas.java:480) - JavaFX Application Thread
2026-04-20 14:58:45,578 [ERROR] in JavaFX Application Thread - 	at impl.com.flexganttfx.skin.graphics.RowCanvas.drawModelLayers(RowCanvas.java:371) - JavaFX Application Thread
2026-04-20 14:58:45,578 [ERROR] in JavaFX Application Thread - 	at impl.com.flexganttfx.skin.graphics.RowCanvas.draw(RowCanvas.java:300) - JavaFX Application Thread
2026-04-20 14:58:45,578 [ERROR] in JavaFX Application Thread - 	at com.flexganttfx.view.graphics.GraphicsBase.lambda$new$23(GraphicsBase.java:635) - JavaFX Application Thread
2026-04-20 14:58:45,578 [ERROR] in JavaFX Application Thread - 	at javafx.scene.Scene$ScenePulseListener.pulse(Scene.java:2728) - JavaFX Application Thread
2026-04-20 14:58:45,578 [ERROR] in JavaFX Application Thread - 	at com.sun.javafx.tk.Toolkit.runPulse(Toolkit.java:382) - JavaFX Application Thread
2026-04-20 14:58:45,578 [ERROR] in JavaFX Application Thread - 	at com.sun.javafx.tk.Toolkit.firePulse(Toolkit.java:407) - JavaFX Application Thread
2026-04-20 14:58:45,578 [ERROR] in JavaFX Application Thread - 	at com.sun.javafx.tk.quantum.QuantumToolkit.pulse(QuantumToolkit.java:601) - JavaFX Application Thread
2026-04-20 14:58:45,578 [ERROR] in JavaFX Application Thread - 	at com.sun.javafx.tk.quantum.QuantumToolkit.pulse(QuantumToolkit.java:581) - JavaFX Application Thread
2026-04-20 14:58:45,578 [ERROR] in JavaFX Application Thread - 	at com.sun.javafx.tk.quantum.QuantumToolkit.pulseFromQueue(QuantumToolkit.java:574) - JavaFX Application Thread
2026-04-20 14:58:45,578 [ERROR] in JavaFX Application Thread - 	at com.sun.javafx.tk.quantum.QuantumToolkit.lambda$runToolkit$0(QuantumToolkit.java:351) - JavaFX Application Thread
2026-04-20 14:58:45,578 [ERROR] in JavaFX Application Thread - 	at com.sun.glass.ui.monocle.RunnableProcessor.runLoop(RunnableProcessor.java:92) - JavaFX Application Thread
2026-04-20 14:58:45,578 [ERROR] in JavaFX Application Thread - 	at com.sun.glass.ui.monocle.RunnableProcessor.run(RunnableProcessor.java:51) - JavaFX Application Thread
2026-04-20 14:58:45,578 [ERROR] in JavaFX Application Thread - 	at java.base/java.lang.Thread.run(Thread.java:1474) - JavaFX Application Thread
2026-04-20 14:58:45,597 [ERROR] in JavaFX Application Thread - Exception in thread "JavaFX Application Thread" java.lang.ClassCastException: class com.flexganttfx.sprint.model.TaskActivity cannot be cast to class com.flexganttfx.sprint.model.UserStory (com.flexganttfx.sprint.model.TaskActivity and com.flexganttfx.sprint.model.UserStory are in unnamed module of loader 'app') - JavaFX Application Thread
2026-04-20 14:58:45,598 [ERROR] in JavaFX Application Thread - 	at com.flexganttfx.sprint.renderer.UserStoryRenderer.drawActivity(UserStoryRenderer.java:38) - JavaFX Application Thread
2026-04-20 14:58:45,598 [ERROR] in JavaFX Application Thread - 	at com.flexganttfx.view.graphics.renderer.ActivityRenderer.draw(ActivityRenderer.java:70) - JavaFX Application Thread
2026-04-20 14:58:45,598 [ERROR] in JavaFX Application Thread - 	at impl.com.flexganttfx.skin.graphics.RowCanvas.drawActivity(RowCanvas.java:772) - JavaFX Application Thread
2026-04-20 14:58:45,598 [ERROR] in JavaFX Application Thread - 	at impl.com.flexganttfx.skin.graphics.RowCanvas.drawLayer(RowCanvas.java:480) - JavaFX Application Thread
2026-04-20 14:58:45,598 [ERROR] in JavaFX Application Thread - 	at impl.com.flexganttfx.skin.graphics.RowCanvas.drawModelLayers(RowCanvas.java:371) - JavaFX Application Thread
2026-04-20 14:58:45,598 [ERROR] in JavaFX Application Thread - 	at impl.com.flexganttfx.skin.graphics.RowCanvas.draw(RowCanvas.java:300) - JavaFX Application Thread
2026-04-20 14:58:45,598 [ERROR] in JavaFX Application Thread - 	at com.flexganttfx.view.graphics.GraphicsBase.lambda$new$23(GraphicsBase.java:635) - JavaFX Application Thread
2026-04-20 14:58:45,598 [ERROR] in JavaFX Application Thread - 	at javafx.scene.Scene$ScenePulseListener.pulse(Scene.java:2728) - JavaFX Application Thread
2026-04-20 14:58:45,598 [ERROR] in JavaFX Application Thread - 	at com.sun.javafx.tk.Toolkit.runPulse(Toolkit.java:382) - JavaFX Application Thread
2026-04-20 14:58:45,598 [ERROR] in JavaFX Application Thread - 	at com.sun.javafx.tk.Toolkit.firePulse(Toolkit.java:407) - JavaFX Application Thread
2026-04-20 14:58:45,598 [ERROR] in JavaFX Application Thread - 	at com.sun.javafx.tk.quantum.QuantumToolkit.pulse(QuantumToolkit.java:601) - JavaFX Application Thread
2026-04-20 14:58:45,598 [ERROR] in JavaFX Application Thread - 	at com.sun.javafx.tk.quantum.QuantumToolkit.pulse(QuantumToolkit.java:581) - JavaFX Application Thread
2026-04-20 14:58:45,598 [ERROR] in JavaFX Application Thread - 	at com.sun.javafx.tk.quantum.QuantumToolkit.pulseFromQueue(QuantumToolkit.java:574) - JavaFX Application Thread
2026-04-20 14:58:45,598 [ERROR] in JavaFX Application Thread - 	at com.sun.javafx.tk.quantum.QuantumToolkit.lambda$runToolkit$0(QuantumToolkit.java:351) - JavaFX Application Thread
2026-04-20 14:58:45,598 [ERROR] in JavaFX Application Thread - 	at com.sun.glass.ui.monocle.RunnableProcessor.runLoop(RunnableProcessor.java:92) - JavaFX Application Thread
2026-04-20 14:58:45,598 [ERROR] in JavaFX Application Thread - 	at com.sun.glass.ui.monocle.RunnableProcessor.run(RunnableProcessor.java:51) - JavaFX Application Thread
2026-04-20 14:58:45,598 [ERROR] in JavaFX Application Thread - 	at java.base/java.lang.Thread.run(Thread.java:1474) - JavaFX Application Thread
2026-04-20 14:58:45,609 [ERROR] in JavaFX Application Thread - Exception in thread "JavaFX Application Thread" java.lang.ClassCastException: class com.flexganttfx.sprint.model.TaskActivity cannot be cast to class com.flexganttfx.sprint.model.UserStory (com.flexganttfx.sprint.model.TaskActivity and com.flexganttfx.sprint.model.UserStory are in unnamed module of loader 'app') - JavaFX Application Thread
2026-04-20 14:58:45,609 [ERROR] in JavaFX Application Thread - 	at com.flexganttfx.sprint.renderer.UserStoryRenderer.drawActivity(UserStoryRenderer.java:38) - JavaFX Application Thread
2026-04-20 14:58:45,609 [ERROR] in JavaFX Application Thread - 	at com.flexganttfx.view.graphics.renderer.ActivityRenderer.draw(ActivityRenderer.java:70) - JavaFX Application Thread
2026-04-20 14:58:45,609 [ERROR] in JavaFX Application Thread - 	at impl.com.flexganttfx.skin.graphics.RowCanvas.drawActivity(RowCanvas.java:772) - JavaFX Application Thread
2026-04-20 14:58:45,609 [ERROR] in JavaFX Application Thread - 	at impl.com.flexganttfx.skin.graphics.RowCanvas.drawLayer(RowCanvas.java:480) - JavaFX Application Thread
2026-04-20 14:58:45,609 [ERROR] in JavaFX Application Thread - 	at impl.com.flexganttfx.skin.graphics.RowCanvas.drawModelLayers(RowCanvas.java:371) - JavaFX Application Thread
2026-04-20 14:58:45,609 [ERROR] in JavaFX Application Thread - 	at impl.com.flexganttfx.skin.graphics.RowCanvas.draw(RowCanvas.java:300) - JavaFX Application Thread
2026-04-20 14:58:45,609 [ERROR] in JavaFX Application Thread - 	at com.flexganttfx.view.graphics.GraphicsBase.lambda$new$23(GraphicsBase.java:635) - JavaFX Application Thread
2026-04-20 14:58:45,609 [ERROR] in JavaFX Application Thread - 	at javafx.scene.Scene$ScenePulseListener.pulse(Scene.java:2728) - JavaFX Application Thread
2026-04-20 14:58:45,609 [ERROR] in JavaFX Application Thread - 	at com.sun.javafx.tk.Toolkit.runPulse(Toolkit.java:382) - JavaFX Application Thread
2026-04-20 14:58:45,609 [ERROR] in JavaFX Application Thread - 	at com.sun.javafx.tk.Toolkit.firePulse(Toolkit.java:407) - JavaFX Application Thread
2026-04-20 14:58:45,609 [ERROR] in JavaFX Application Thread - 	at com.sun.javafx.tk.quantum.QuantumToolkit.pulse(QuantumToolkit.java:601) - JavaFX Application Thread
2026-04-20 14:58:45,609 [ERROR] in JavaFX Application Thread - 	at com.sun.javafx.tk.quantum.QuantumToolkit.pulse(QuantumToolkit.java:581) - JavaFX Application Thread
2026-04-20 14:58:45,609 [ERROR] in JavaFX Application Thread - 	at com.sun.javafx.tk.quantum.QuantumToolkit.pulseFromQueue(QuantumToolkit.java:574) - JavaFX Application Thread
2026-04-20 14:58:45,609 [ERROR] in JavaFX Application Thread - 	at com.sun.javafx.tk.quantum.QuantumToolkit.lambda$runToolkit$0(QuantumToolkit.java:351) - JavaFX Application Thread
2026-04-20 14:58:45,609 [ERROR] in JavaFX Application Thread - 	at com.sun.glass.ui.monocle.RunnableProcessor.runLoop(RunnableProcessor.java:92) - JavaFX Application Thread
2026-04-20 14:58:45,609 [ERROR] in JavaFX Application Thread - 	at com.sun.glass.ui.monocle.RunnableProcessor.run(RunnableProcessor.java:51) - JavaFX Application Thread
2026-04-20 14:58:45,609 [ERROR] in JavaFX Application Thread - 	at java.base/java.lang.Thread.run(Thread.java:1474) - JavaFX Application Thread
2026-04-20 14:58:45,621 [ERROR] in JavaFX Application Thread - Exception in thread "JavaFX Application Thread" java.lang.ClassCastException: class com.flexganttfx.sprint.model.TaskActivity cannot be cast to class com.flexganttfx.sprint.model.UserStory (com.flexganttfx.sprint.model.TaskActivity and com.flexganttfx.sprint.model.UserStory are in unnamed module of loader 'app') - JavaFX Application Thread
2026-04-20 14:58:45,621 [ERROR] in JavaFX Application Thread - 	at com.flexganttfx.sprint.renderer.UserStoryRenderer.drawActivity(UserStoryRenderer.java:38) - JavaFX Application Thread
2026-04-20 14:58:45,621 [ERROR] in JavaFX Application Thread - 	at com.flexganttfx.view.graphics.renderer.ActivityRenderer.draw(ActivityRenderer.java:70) - JavaFX Application Thread
2026-04-20 14:58:45,621 [ERROR] in JavaFX Application Thread - 	at impl.com.flexganttfx.skin.graphics.RowCanvas.drawActivity(RowCanvas.java:772) - JavaFX Application Thread
2026-04-20 14:58:45,621 [ERROR] in JavaFX Application Thread - 	at impl.com.flexganttfx.skin.graphics.RowCanvas.drawLayer(RowCanvas.java:480) - JavaFX Application Thread
2026-04-20 14:58:45,621 [ERROR] in JavaFX Application Thread - 	at impl.com.flexganttfx.skin.graphics.RowCanvas.drawModelLayers(RowCanvas.java:371) - JavaFX Application Thread
2026-04-20 14:58:45,621 [ERROR] in JavaFX Application Thread - 	at impl.com.flexganttfx.skin.graphics.RowCanvas.draw(RowCanvas.java:300) - JavaFX Application Thread
2026-04-20 14:58:45,621 [ERROR] in JavaFX Application Thread - 	at com.flexganttfx.view.graphics.GraphicsBase.lambda$new$23(GraphicsBase.java:635) - JavaFX Application Thread
2026-04-20 14:58:45,621 [ERROR] in JavaFX Application Thread - 	at javafx.scene.Scene$ScenePulseListener.pulse(Scene.java:2728) - JavaFX Application Thread
2026-04-20 14:58:45,621 [ERROR] in JavaFX Application Thread - 	at com.sun.javafx.tk.Toolkit.runPulse(Toolkit.java:382) - JavaFX Application Thread
2026-04-20 14:58:45,621 [ERROR] in JavaFX Application Thread - 	at com.sun.javafx.tk.Toolkit.firePulse(Toolkit.java:407) - JavaFX Application Thread
2026-04-20 14:58:45,621 [ERROR] in JavaFX Application Thread - 	at com.sun.javafx.tk.quantum.QuantumToolkit.pulse(QuantumToolkit.java:601) - JavaFX Application Thread
2026-04-20 14:58:45,621 [ERROR] in JavaFX Application Thread - 	at com.sun.javafx.tk.quantum.QuantumToolkit.pulse(QuantumToolkit.java:581) - JavaFX Application Thread
2026-04-20 14:58:45,621 [ERROR] in JavaFX Application Thread - 	at com.sun.javafx.tk.quantum.QuantumToolkit.pulseFromQueue(QuantumToolkit.java:574) - JavaFX Application Thread
2026-04-20 14:58:45,621 [ERROR] in JavaFX Application Thread - 	at com.sun.javafx.tk.quantum.QuantumToolkit.lambda$runToolkit$0(QuantumToolkit.java:351) - JavaFX Application Thread
2026-04-20 14:58:45,621 [ERROR] in JavaFX Application Thread - 	at com.sun.glass.ui.monocle.RunnableProcessor.runLoop(RunnableProcessor.java:92) - JavaFX Application Thread
2026-04-20 14:58:45,621 [ERROR] in JavaFX Application Thread - 	at com.sun.glass.ui.monocle.RunnableProcessor.run(RunnableProcessor.java:51) - JavaFX Application Thread
2026-04-20 14:58:45,621 [ERROR] in JavaFX Application Thread - 	at java.base/java.lang.Thread.run(Thread.java:1474) - JavaFX Application Thread
2026-04-20 14:58:45,642 [ERROR] in JavaFX Application Thread - Exception in thread "JavaFX Application Thread" java.lang.ClassCastException: class com.flexganttfx.sprint.model.TaskActivity cannot be cast to class com.flexganttfx.sprint.model.UserStory (com.flexganttfx.sprint.model.TaskActivity and com.flexganttfx.sprint.model.UserStory are in unnamed module of loader 'app') - JavaFX Application Thread
2026-04-20 14:58:45,642 [ERROR] in JavaFX Application Thread - 	at com.flexganttfx.sprint.renderer.UserStoryRenderer.drawActivity(UserStoryRenderer.java:38) - JavaFX Application Thread
2026-04-20 14:58:45,642 [ERROR] in JavaFX Application Thread - 	at com.flexganttfx.view.graphics.renderer.ActivityRenderer.draw(ActivityRenderer.java:70) - JavaFX Application Thread
2026-04-20 14:58:45,642 [ERROR] in JavaFX Application Thread - 	at impl.com.flexganttfx.skin.graphics.RowCanvas.drawActivity(RowCanvas.java:772) - JavaFX Application Thread
2026-04-20 14:58:45,642 [ERROR] in JavaFX Application Thread - 	at impl.com.flexganttfx.skin.graphics.RowCanvas.drawLayer(RowCanvas.java:480) - JavaFX Application Thread
2026-04-20 14:58:45,642 [ERROR] in JavaFX Application Thread - 	at impl.com.flexganttfx.skin.graphics.RowCanvas.drawModelLayers(RowCanvas.java:371) - JavaFX Application Thread
2026-04-20 14:58:45,642 [ERROR] in JavaFX Application Thread - 	at impl.com.flexganttfx.skin.graphics.RowCanvas.draw(RowCanvas.java:300) - JavaFX Application Thread
2026-04-20 14:58:45,642 [ERROR] in JavaFX Application Thread - 	at com.flexganttfx.view.graphics.GraphicsBase.lambda$new$23(GraphicsBase.java:635) - JavaFX Application Thread
2026-04-20 14:58:45,642 [ERROR] in JavaFX Application Thread - 	at javafx.scene.Scene$ScenePulseListener.pulse(Scene.java:2728) - JavaFX Application Thread
2026-04-20 14:58:45,642 [ERROR] in JavaFX Application Thread - 	at com.sun.javafx.tk.Toolkit.runPulse(Toolkit.java:382) - JavaFX Application Thread
2026-04-20 14:58:45,642 [ERROR] in JavaFX Application Thread - 	at com.sun.javafx.tk.Toolkit.firePulse(Toolkit.java:407) - JavaFX Application Thread
2026-04-20 14:58:45,642 [ERROR] in JavaFX Application Thread - 	at com.sun.javafx.tk.quantum.QuantumToolkit.pulse(QuantumToolkit.java:601) - JavaFX Application Thread
2026-04-20 14:58:45,642 [ERROR] in JavaFX Application Thread - 	at com.sun.javafx.tk.quantum.QuantumToolkit.pulse(QuantumToolkit.java:581) - JavaFX Application Thread
2026-04-20 14:58:45,642 [ERROR] in JavaFX Application Thread - 	at com.sun.javafx.tk.quantum.QuantumToolkit.pulseFromQueue(QuantumToolkit.java:574) - JavaFX Application Thread
2026-04-20 14:58:45,642 [ERROR] in JavaFX Application Thread - 	at com.sun.javafx.tk.quantum.QuantumToolkit.lambda$runToolkit$0(QuantumToolkit.java:351) - JavaFX Application Thread
2026-04-20 14:58:45,642 [ERROR] in JavaFX Application Thread - 	at com.sun.glass.ui.monocle.RunnableProcessor.runLoop(RunnableProcessor.java:92) - JavaFX Application Thread
2026-04-20 14:58:45,642 [ERROR] in JavaFX Application Thread - 	at com.sun.glass.ui.monocle.RunnableProcessor.run(RunnableProcessor.java:51) - JavaFX Application Thread
2026-04-20 14:58:45,642 [ERROR] in JavaFX Application Thread - 	at java.base/java.lang.Thread.run(Thread.java:1474) - JavaFX Application Thread
2026-04-20 14:58:45,656 [ERROR] in JavaFX Application Thread - Exception in thread "JavaFX Application Thread" java.lang.ClassCastException: class com.flexganttfx.sprint.model.TaskActivity cannot be cast to class com.flexganttfx.sprint.model.UserStory (com.flexganttfx.sprint.model.TaskActivity and com.flexganttfx.sprint.model.UserStory are in unnamed module of loader 'app') - JavaFX Application Thread
2026-04-20 14:58:45,656 [ERROR] in JavaFX Application Thread - 	at com.flexganttfx.sprint.renderer.UserStoryRenderer.drawActivity(UserStoryRenderer.java:38) - JavaFX Application Thread
2026-04-20 14:58:45,656 [ERROR] in JavaFX Application Thread - 	at com.flexganttfx.view.graphics.renderer.ActivityRenderer.draw(ActivityRenderer.java:70) - JavaFX Application Thread
2026-04-20 14:58:45,656 [ERROR] in JavaFX Application Thread - 	at impl.com.flexganttfx.skin.graphics.RowCanvas.drawActivity(RowCanvas.java:772) - JavaFX Application Thread
2026-04-20 14:58:45,656 [ERROR] in JavaFX Application Thread - 	at impl.com.flexganttfx.skin.graphics.RowCanvas.drawLayer(RowCanvas.java:480) - JavaFX Application Thread
2026-04-20 14:58:45,656 [ERROR] in JavaFX Application Thread - 	at impl.com.flexganttfx.skin.graphics.RowCanvas.drawModelLayers(RowCanvas.java:371) - JavaFX Application Thread
2026-04-20 14:58:45,656 [ERROR] in JavaFX Application Thread - 	at impl.com.flexganttfx.skin.graphics.RowCanvas.draw(RowCanvas.java:300) - JavaFX Application Thread
2026-04-20 14:58:45,656 [ERROR] in JavaFX Application Thread - 	at com.flexganttfx.view.graphics.GraphicsBase.lambda$new$23(GraphicsBase.java:635) - JavaFX Application Thread
2026-04-20 14:58:45,656 [ERROR] in JavaFX Application Thread - 	at javafx.scene.Scene$ScenePulseListener.pulse(Scene.java:2728) - JavaFX Application Thread
2026-04-20 14:58:45,656 [ERROR] in JavaFX Application Thread - 	at com.sun.javafx.tk.Toolkit.runPulse(Toolkit.java:382) - JavaFX Application Thread
2026-04-20 14:58:45,656 [ERROR] in JavaFX Application Thread - 	at com.sun.javafx.tk.Toolkit.firePulse(Toolkit.java:407) - JavaFX Application Thread
2026-04-20 14:58:45,657 [ERROR] in JavaFX Application Thread - 	at com.sun.javafx.tk.quantum.QuantumToolkit.pulse(QuantumToolkit.java:601) - JavaFX Application Thread
2026-04-20 14:58:45,657 [ERROR] in JavaFX Application Thread - 	at com.sun.javafx.tk.quantum.QuantumToolkit.pulse(QuantumToolkit.java:581) - JavaFX Application Thread
2026-04-20 14:58:45,657 [ERROR] in JavaFX Application Thread - 	at com.sun.javafx.tk.quantum.QuantumToolkit.pulseFromQueue(QuantumToolkit.java:574) - JavaFX Application Thread
2026-04-20 14:58:45,657 [ERROR] in JavaFX Application Thread - 	at com.sun.javafx.tk.quantum.QuantumToolkit.lambda$runToolkit$0(QuantumToolkit.java:351) - JavaFX Application Thread
2026-04-20 14:58:45,657 [ERROR] in JavaFX Application Thread - 	at com.sun.glass.ui.monocle.RunnableProcessor.runLoop(RunnableProcessor.java:92) - JavaFX Application Thread
2026-04-20 14:58:45,657 [ERROR] in JavaFX Application Thread - 	at com.sun.glass.ui.monocle.RunnableProcessor.run(RunnableProcessor.java:51) - JavaFX Application Thread
2026-04-20 14:58:45,657 [ERROR] in JavaFX Application Thread - 	at java.base/java.lang.Thread.run(Thread.java:1474) - JavaFX Application Thread
2026-04-20 14:58:45,672 [ERROR] in JavaFX Application Thread - Exception in thread "JavaFX Application Thread" java.lang.ClassCastException: class com.flexganttfx.sprint.model.TaskActivity cannot be cast to class com.flexganttfx.sprint.model.UserStory (com.flexganttfx.sprint.model.TaskActivity and com.flexganttfx.sprint.model.UserStory are in unnamed module of loader 'app') - JavaFX Application Thread
2026-04-20 14:58:45,672 [ERROR] in JavaFX Application Thread - 	at com.flexganttfx.sprint.renderer.UserStoryRenderer.drawActivity(UserStoryRenderer.java:38) - JavaFX Application Thread
2026-04-20 14:58:45,672 [ERROR] in JavaFX Application Thread - 	at com.flexganttfx.view.graphics.renderer.ActivityRenderer.draw(ActivityRenderer.java:70) - JavaFX Application Thread
2026-04-20 14:58:45,672 [ERROR] in JavaFX Application Thread - 	at impl.com.flexganttfx.skin.graphics.RowCanvas.drawActivity(RowCanvas.java:772) - JavaFX Application Thread
2026-04-20 14:58:45,672 [ERROR] in JavaFX Application Thread - 	at impl.com.flexganttfx.skin.graphics.RowCanvas.drawLayer(RowCanvas.java:480) - JavaFX Application Thread
2026-04-20 14:58:45,672 [ERROR] in JavaFX Application Thread - 	at impl.com.flexganttfx.skin.graphics.RowCanvas.drawModelLayers(RowCanvas.java:371) - JavaFX Application Thread
2026-04-20 14:58:45,672 [ERROR] in JavaFX Application Thread - 	at impl.com.flexganttfx.skin.graphics.RowCanvas.draw(RowCanvas.java:300) - JavaFX Application Thread
2026-04-20 14:58:45,672 [ERROR] in JavaFX Application Thread - 	at com.flexganttfx.view.graphics.GraphicsBase.lambda$new$23(GraphicsBase.java:635) - JavaFX Application Thread
2026-04-20 14:58:45,672 [ERROR] in JavaFX Application Thread - 	at javafx.scene.Scene$ScenePulseListener.pulse(Scene.java:2728) - JavaFX Application Thread
2026-04-20 14:58:45,672 [ERROR] in JavaFX Application Thread - 	at com.sun.javafx.tk.Toolkit.runPulse(Toolkit.java:382) - JavaFX Application Thread
2026-04-20 14:58:45,672 [ERROR] in JavaFX Application Thread - 	at com.sun.javafx.tk.Toolkit.firePulse(Toolkit.java:407) - JavaFX Application Thread
2026-04-20 14:58:45,672 [ERROR] in JavaFX Application Thread - 	at com.sun.javafx.tk.quantum.QuantumToolkit.pulse(QuantumToolkit.java:601) - JavaFX Application Thread
2026-04-20 14:58:45,672 [ERROR] in JavaFX Application Thread - 	at com.sun.javafx.tk.quantum.QuantumToolkit.pulse(QuantumToolkit.java:581) - JavaFX Application Thread
2026-04-20 14:58:45,672 [ERROR] in JavaFX Application Thread - 	at com.sun.javafx.tk.quantum.QuantumToolkit.pulseFromQueue(QuantumToolkit.java:574) - JavaFX Application Thread
2026-04-20 14:58:45,672 [ERROR] in JavaFX Application Thread - 	at com.sun.javafx.tk.quantum.QuantumToolkit.lambda$runToolkit$0(QuantumToolkit.java:351) - JavaFX Application Thread
2026-04-20 14:58:45,672 [ERROR] in JavaFX Application Thread - 	at com.sun.glass.ui.monocle.RunnableProcessor.runLoop(RunnableProcessor.java:92) - JavaFX Application Thread
2026-04-20 14:58:45,672 [ERROR] in JavaFX Application Thread - 	at com.sun.glass.ui.monocle.RunnableProcessor.run(RunnableProcessor.java:51) - JavaFX Application Thread
2026-04-20 14:58:45,672 [ERROR] in JavaFX Application Thread - 	at java.base/java.lang.Thread.run(Thread.java:1474) - JavaFX Application Thread
2026-04-20 14:58:45,688 [ERROR] in JavaFX Application Thread - Exception in thread "JavaFX Application Thread" java.lang.ClassCastException: class com.flexganttfx.sprint.model.TaskActivity cannot be cast to class com.flexganttfx.sprint.model.UserStory (com.flexganttfx.sprint.model.TaskActivity and com.flexganttfx.sprint.model.UserStory are in unnamed module of loader 'app') - JavaFX Application Thread
2026-04-20 14:58:45,688 [ERROR] in JavaFX Application Thread - 	at com.flexganttfx.sprint.renderer.UserStoryRenderer.drawActivity(UserStoryRenderer.java:38) - JavaFX Application Thread
2026-04-20 14:58:45,688 [ERROR] in JavaFX Application Thread - 	at com.flexganttfx.view.graphics.renderer.ActivityRenderer.draw(ActivityRenderer.java:70) - JavaFX Application Thread
2026-04-20 14:58:45,688 [ERROR] in JavaFX Application Thread - 	at impl.com.flexganttfx.skin.graphics.RowCanvas.drawActivity(RowCanvas.java:772) - JavaFX Application Thread
2026-04-20 14:58:45,688 [ERROR] in JavaFX Application Thread - 	at impl.com.flexganttfx.skin.graphics.RowCanvas.drawLayer(RowCanvas.java:480) - JavaFX Application Thread
2026-04-20 14:58:45,688 [ERROR] in JavaFX Application Thread - 	at impl.com.flexganttfx.skin.graphics.RowCanvas.drawModelLayers(RowCanvas.java:371) - JavaFX Application Thread
2026-04-20 14:58:45,688 [ERROR] in JavaFX Application Thread - 	at impl.com.flexganttfx.skin.graphics.RowCanvas.draw(RowCanvas.java:300) - JavaFX Application Thread
2026-04-20 14:58:45,688 [ERROR] in JavaFX Application Thread - 	at com.flexganttfx.view.graphics.GraphicsBase.lambda$new$23(GraphicsBase.java:635) - JavaFX Application Thread
2026-04-20 14:58:45,688 [ERROR] in JavaFX Application Thread - 	at javafx.scene.Scene$ScenePulseListener.pulse(Scene.java:2728) - JavaFX Application Thread
2026-04-20 14:58:45,688 [ERROR] in JavaFX Application Thread - 	at com.sun.javafx.tk.Toolkit.runPulse(Toolkit.java:382) - JavaFX Application Thread
2026-04-20 14:58:45,688 [ERROR] in JavaFX Application Thread - 	at com.sun.javafx.tk.Toolkit.firePulse(Toolkit.java:407) - JavaFX Application Thread
2026-04-20 14:58:45,688 [ERROR] in JavaFX Application Thread - 	at com.sun.javafx.tk.quantum.QuantumToolkit.pulse(QuantumToolkit.java:601) - JavaFX Application Thread
2026-04-20 14:58:45,688 [ERROR] in JavaFX Application Thread - 	at com.sun.javafx.tk.quantum.QuantumToolkit.pulse(QuantumToolkit.java:581) - JavaFX Application Thread
2026-04-20 14:58:45,688 [ERROR] in JavaFX Application Thread - 	at com.sun.javafx.tk.quantum.QuantumToolkit.pulseFromQueue(QuantumToolkit.java:574) - JavaFX Application Thread
2026-04-20 14:58:45,688 [ERROR] in JavaFX Application Thread - 	at com.sun.javafx.tk.quantum.QuantumToolkit.lambda$runToolkit$0(QuantumToolkit.java:351) - JavaFX Application Thread
2026-04-20 14:58:45,688 [ERROR] in JavaFX Application Thread - 	at com.sun.glass.ui.monocle.RunnableProcessor.runLoop(RunnableProcessor.java:92) - JavaFX Application Thread
2026-04-20 14:58:45,688 [ERROR] in JavaFX Application Thread - 	at com.sun.glass.ui.monocle.RunnableProcessor.run(RunnableProcessor.java:51) - JavaFX Application Thread
2026-04-20 14:58:45,688 [ERROR] in JavaFX Application Thread - 	at java.base/java.lang.Thread.run(Thread.java:1474) - JavaFX Application Thread
2026-04-20 14:58:45,704 [ERROR] in JavaFX Application Thread - Exception in thread "JavaFX Application Thread" java.lang.ClassCastException: class com.flexganttfx.sprint.model.TaskActivity cannot be cast to class com.flexganttfx.sprint.model.UserStory (com.flexganttfx.sprint.model.TaskActivity and com.flexganttfx.sprint.model.UserStory are in unnamed module of loader 'app') - JavaFX Application Thread
2026-04-20 14:58:45,704 [ERROR] in JavaFX Application Thread - 	at com.flexganttfx.sprint.renderer.UserStoryRenderer.drawActivity(UserStoryRenderer.java:38) - JavaFX Application Thread
2026-04-20 14:58:45,704 [ERROR] in JavaFX Application Thread - 	at com.flexganttfx.view.graphics.renderer.ActivityRenderer.draw(ActivityRenderer.java:70) - JavaFX Application Thread
2026-04-20 14:58:45,704 [ERROR] in JavaFX Application Thread - 	at impl.com.flexganttfx.skin.graphics.RowCanvas.drawActivity(RowCanvas.java:772) - JavaFX Application Thread
2026-04-20 14:58:45,704 [ERROR] in JavaFX Application Thread - 	at impl.com.flexganttfx.skin.graphics.RowCanvas.drawLayer(RowCanvas.java:480) - JavaFX Application Thread
2026-04-20 14:58:45,704 [ERROR] in JavaFX Application Thread - 	at impl.com.flexganttfx.skin.graphics.RowCanvas.drawModelLayers(RowCanvas.java:371) - JavaFX Application Thread
2026-04-20 14:58:45,704 [ERROR] in JavaFX Application Thread - 	at impl.com.flexganttfx.skin.graphics.RowCanvas.draw(RowCanvas.java:300) - JavaFX Application Thread
2026-04-20 14:58:45,704 [ERROR] in JavaFX Application Thread - 	at com.flexganttfx.view.graphics.GraphicsBase.lambda$new$23(GraphicsBase.java:635) - JavaFX Application Thread
2026-04-20 14:58:45,704 [ERROR] in JavaFX Application Thread - 	at javafx.scene.Scene$ScenePulseListener.pulse(Scene.java:2728) - JavaFX Application Thread
2026-04-20 14:58:45,704 [ERROR] in JavaFX Application Thread - 	at com.sun.javafx.tk.Toolkit.runPulse(Toolkit.java:382) - JavaFX Application Thread
2026-04-20 14:58:45,704 [ERROR] in JavaFX Application Thread - 	at com.sun.javafx.tk.Toolkit.firePulse(Toolkit.java:407) - JavaFX Application Thread
2026-04-20 14:58:45,704 [ERROR] in JavaFX Application Thread - 	at com.sun.javafx.tk.quantum.QuantumToolkit.pulse(QuantumToolkit.java:601) - JavaFX Application Thread
2026-04-20 14:58:45,704 [ERROR] in JavaFX Application Thread - 	at com.sun.javafx.tk.quantum.QuantumToolkit.pulse(QuantumToolkit.java:581) - JavaFX Application Thread
2026-04-20 14:58:45,704 [ERROR] in JavaFX Application Thread - 	at com.sun.javafx.tk.quantum.QuantumToolkit.pulseFromQueue(QuantumToolkit.java:574) - JavaFX Application Thread
2026-04-20 14:58:45,704 [ERROR] in JavaFX Application Thread - 	at com.sun.javafx.tk.quantum.QuantumToolkit.lambda$runToolkit$0(QuantumToolkit.java:351) - JavaFX Application Thread
2026-04-20 14:58:45,704 [ERROR] in JavaFX Application Thread - 	at com.sun.glass.ui.monocle.RunnableProcessor.runLoop(RunnableProcessor.java:92) - JavaFX Application Thread
2026-04-20 14:58:45,704 [ERROR] in JavaFX Application Thread - 	at com.sun.glass.ui.monocle.RunnableProcessor.run(RunnableProcessor.java:51) - JavaFX Application Thread
2026-04-20 14:58:45,704 [ERROR] in JavaFX Application Thread - 	at java.base/java.lang.Thread.run(Thread.java:1474) - JavaFX Application Thread
2026-04-20 14:58:45,722 [ERROR] in JavaFX Application Thread - Exception in thread "JavaFX Application Thread" java.lang.ClassCastException: class com.flexganttfx.sprint.model.TaskActivity cannot be cast to class com.flexganttfx.sprint.model.UserStory (com.flexganttfx.sprint.model.TaskActivity and com.flexganttfx.sprint.model.UserStory are in unnamed module of loader 'app') - JavaFX Application Thread
2026-04-20 14:58:45,722 [ERROR] in JavaFX Application Thread - 	at com.flexganttfx.sprint.renderer.UserStoryRenderer.drawActivity(UserStoryRenderer.java:38) - JavaFX Application Thread
2026-04-20 14:58:45,722 [ERROR] in JavaFX Application Thread - 	at com.flexganttfx.view.graphics.renderer.ActivityRenderer.draw(ActivityRenderer.java:70) - JavaFX Application Thread
2026-04-20 14:58:45,722 [ERROR] in JavaFX Application Thread - 	at impl.com.flexganttfx.skin.graphics.RowCanvas.drawActivity(RowCanvas.java:772) - JavaFX Application Thread
2026-04-20 14:58:45,722 [ERROR] in JavaFX Application Thread - 	at impl.com.flexganttfx.skin.graphics.RowCanvas.drawLayer(RowCanvas.java:480) - JavaFX Application Thread
2026-04-20 14:58:45,722 [ERROR] in JavaFX Application Thread - 	at impl.com.flexganttfx.skin.graphics.RowCanvas.drawModelLayers(RowCanvas.java:371) - JavaFX Application Thread
2026-04-20 14:58:45,722 [ERROR] in JavaFX Application Thread - 	at impl.com.flexganttfx.skin.graphics.RowCanvas.draw(RowCanvas.java:300) - JavaFX Application Thread
2026-04-20 14:58:45,722 [ERROR] in JavaFX Application Thread - 	at com.flexganttfx.view.graphics.GraphicsBase.lambda$new$23(GraphicsBase.java:635) - JavaFX Application Thread
2026-04-20 14:58:45,722 [ERROR] in JavaFX Application Thread - 	at javafx.scene.Scene$ScenePulseListener.pulse(Scene.java:2728) - JavaFX Application Thread
2026-04-20 14:58:45,722 [ERROR] in JavaFX Application Thread - 	at com.sun.javafx.tk.Toolkit.runPulse(Toolkit.java:382) - JavaFX Application Thread
2026-04-20 14:58:45,722 [ERROR] in JavaFX Application Thread - 	at com.sun.javafx.tk.Toolkit.firePulse(Toolkit.java:407) - JavaFX Application Thread
2026-04-20 14:58:45,722 [ERROR] in JavaFX Application Thread - 	at com.sun.javafx.tk.quantum.QuantumToolkit.pulse(QuantumToolkit.java:601) - JavaFX Application Thread
2026-04-20 14:58:45,722 [ERROR] in JavaFX Application Thread - 	at com.sun.javafx.tk.quantum.QuantumToolkit.pulse(QuantumToolkit.java:581) - JavaFX Application Thread
2026-04-20 14:58:45,722 [ERROR] in JavaFX Application Thread - 	at com.sun.javafx.tk.quantum.QuantumToolkit.pulseFromQueue(QuantumToolkit.java:574) - JavaFX Application Thread
2026-04-20 14:58:45,722 [ERROR] in JavaFX Application Thread - 	at com.sun.javafx.tk.quantum.QuantumToolkit.lambda$runToolkit$0(QuantumToolkit.java:351) - JavaFX Application Thread
2026-04-20 14:58:45,722 [ERROR] in JavaFX Application Thread - 	at com.sun.glass.ui.monocle.RunnableProcessor.runLoop(RunnableProcessor.java:92) - JavaFX Application Thread
2026-04-20 14:58:45,722 [ERROR] in JavaFX Application Thread - 	at com.sun.glass.ui.monocle.RunnableProcessor.run(RunnableProcessor.java:51) - JavaFX Application Thread
2026-04-20 14:58:45,722 [ERROR] in JavaFX Application Thread - 	at java.base/java.lang.Thread.run(Thread.java:1474) - JavaFX Application Thread
2026-04-20 14:58:45,737 [ERROR] in JavaFX Application Thread - Exception in thread "JavaFX Application Thread" java.lang.ClassCastException: class com.flexganttfx.sprint.model.TaskActivity cannot be cast to class com.flexganttfx.sprint.model.UserStory (com.flexganttfx.sprint.model.TaskActivity and com.flexganttfx.sprint.model.UserStory are in unnamed module of loader 'app') - JavaFX Application Thread
2026-04-20 14:58:45,737 [ERROR] in JavaFX Application Thread - 	at com.flexganttfx.sprint.renderer.UserStoryRenderer.drawActivity(UserStoryRenderer.java:38) - JavaFX Application Thread
2026-04-20 14:58:45,737 [ERROR] in JavaFX Application Thread - 	at com.flexganttfx.view.graphics.renderer.ActivityRenderer.draw(ActivityRenderer.java:70) - JavaFX Application Thread
2026-04-20 14:58:45,737 [ERROR] in JavaFX Application Thread - 	at impl.com.flexganttfx.skin.graphics.RowCanvas.drawActivity(RowCanvas.java:772) - JavaFX Application Thread
2026-04-20 14:58:45,737 [ERROR] in JavaFX Application Thread - 	at impl.com.flexganttfx.skin.graphics.RowCanvas.drawLayer(RowCanvas.java:480) - JavaFX Application Thread
2026-04-20 14:58:45,737 [ERROR] in JavaFX Application Thread - 	at impl.com.flexganttfx.skin.graphics.RowCanvas.drawModelLayers(RowCanvas.java:371) - JavaFX Application Thread
2026-04-20 14:58:45,737 [ERROR] in JavaFX Application Thread - 	at impl.com.flexganttfx.skin.graphics.RowCanvas.draw(RowCanvas.java:300) - JavaFX Application Thread
2026-04-20 14:58:45,737 [ERROR] in JavaFX Application Thread - 	at com.flexganttfx.view.graphics.GraphicsBase.lambda$new$23(GraphicsBase.java:635) - JavaFX Application Thread
2026-04-20 14:58:45,737 [ERROR] in JavaFX Application Thread - 	at javafx.scene.Scene$ScenePulseListener.pulse(Scene.java:2728) - JavaFX Application Thread
2026-04-20 14:58:45,737 [ERROR] in JavaFX Application Thread - 	at com.sun.javafx.tk.Toolkit.runPulse(Toolkit.java:382) - JavaFX Application Thread
2026-04-20 14:58:45,737 [ERROR] in JavaFX Application Thread - 	at com.sun.javafx.tk.Toolkit.firePulse(Toolkit.java:407) - JavaFX Application Thread
2026-04-20 14:58:45,737 [ERROR] in JavaFX Application Thread - 	at com.sun.javafx.tk.quantum.QuantumToolkit.pulse(QuantumToolkit.java:601) - JavaFX Application Thread
2026-04-20 14:58:45,737 [ERROR] in JavaFX Application Thread - 	at com.sun.javafx.tk.quantum.QuantumToolkit.pulse(QuantumToolkit.java:581) - JavaFX Application Thread
2026-04-20 14:58:45,737 [ERROR] in JavaFX Application Thread - 	at com.sun.javafx.tk.quantum.QuantumToolkit.pulseFromQueue(QuantumToolkit.java:574) - JavaFX Application Thread
2026-04-20 14:58:45,737 [ERROR] in JavaFX Application Thread - 	at com.sun.javafx.tk.quantum.QuantumToolkit.lambda$runToolkit$0(QuantumToolkit.java:351) - JavaFX Application Thread
2026-04-20 14:58:45,737 [ERROR] in JavaFX Application Thread - 	at com.sun.glass.ui.monocle.RunnableProcessor.runLoop(RunnableProcessor.java:92) - JavaFX Application Thread
2026-04-20 14:58:45,737 [ERROR] in JavaFX Application Thread - 	at com.sun.glass.ui.monocle.RunnableProcessor.run(RunnableProcessor.java:51) - JavaFX Application Thread
2026-04-20 14:58:45,737 [ERROR] in JavaFX Application Thread - 	at java.base/java.lang.Thread.run(Thread.java:1474) - JavaFX Application Thread
2026-04-20 14:58:45,747 [ERROR] in JavaFX Application Thread - Exception in thread "JavaFX Application Thread" java.lang.ClassCastException: class com.flexganttfx.sprint.model.TaskActivity cannot be cast to class com.flexganttfx.sprint.model.UserStory (com.flexganttfx.sprint.model.TaskActivity and com.flexganttfx.sprint.model.UserStory are in unnamed module of loader 'app') - JavaFX Application Thread
2026-04-20 14:58:45,747 [ERROR] in JavaFX Application Thread - 	at com.flexganttfx.sprint.renderer.UserStoryRenderer.drawActivity(UserStoryRenderer.java:38) - JavaFX Application Thread
2026-04-20 14:58:45,747 [ERROR] in JavaFX Application Thread - 	at com.flexganttfx.view.graphics.renderer.ActivityRenderer.draw(ActivityRenderer.java:70) - JavaFX Application Thread
2026-04-20 14:58:45,747 [ERROR] in JavaFX Application Thread - 	at impl.com.flexganttfx.skin.graphics.RowCanvas.drawActivity(RowCanvas.java:772) - JavaFX Application Thread
2026-04-20 14:58:45,747 [ERROR] in JavaFX Application Thread - 	at impl.com.flexganttfx.skin.graphics.RowCanvas.drawLayer(RowCanvas.java:480) - JavaFX Application Thread
2026-04-20 14:58:45,747 [ERROR] in JavaFX Application Thread - 	at impl.com.flexganttfx.skin.graphics.RowCanvas.drawModelLayers(RowCanvas.java:371) - JavaFX Application Thread
2026-04-20 14:58:45,747 [ERROR] in JavaFX Application Thread - 	at impl.com.flexganttfx.skin.graphics.RowCanvas.draw(RowCanvas.java:300) - JavaFX Application Thread
2026-04-20 14:58:45,747 [ERROR] in JavaFX Application Thread - 	at com.flexganttfx.view.graphics.GraphicsBase.lambda$new$23(GraphicsBase.java:635) - JavaFX Application Thread
2026-04-20 14:58:45,747 [ERROR] in JavaFX Application Thread - 	at javafx.scene.Scene$ScenePulseListener.pulse(Scene.java:2728) - JavaFX Application Thread
2026-04-20 14:58:45,747 [ERROR] in JavaFX Application Thread - 	at com.sun.javafx.tk.Toolkit.runPulse(Toolkit.java:382) - JavaFX Application Thread
2026-04-20 14:58:45,747 [ERROR] in JavaFX Application Thread - 	at com.sun.javafx.tk.Toolkit.firePulse(Toolkit.java:407) - JavaFX Application Thread
2026-04-20 14:58:45,747 [ERROR] in JavaFX Application Thread - 	at com.sun.javafx.tk.quantum.QuantumToolkit.pulse(QuantumToolkit.java:601) - JavaFX Application Thread
2026-04-20 14:58:45,747 [ERROR] in JavaFX Application Thread - 	at com.sun.javafx.tk.quantum.QuantumToolkit.pulse(QuantumToolkit.java:581) - JavaFX Application Thread
2026-04-20 14:58:45,747 [ERROR] in JavaFX Application Thread - 	at com.sun.javafx.tk.quantum.QuantumToolkit.pulseFromQueue(QuantumToolkit.java:574) - JavaFX Application Thread
2026-04-20 14:58:45,747 [ERROR] in JavaFX Application Thread - 	at com.sun.javafx.tk.quantum.QuantumToolkit.lambda$runToolkit$0(QuantumToolkit.java:351) - JavaFX Application Thread
2026-04-20 14:58:45,747 [ERROR] in JavaFX Application Thread - 	at com.sun.glass.ui.monocle.RunnableProcessor.runLoop(RunnableProcessor.java:92) - JavaFX Application Thread
2026-04-20 14:58:45,748 [ERROR] in JavaFX Application Thread - 	at com.sun.glass.ui.monocle.RunnableProcessor.run(RunnableProcessor.java:51) - JavaFX Application Thread
2026-04-20 14:58:45,748 [ERROR] in JavaFX Application Thread - 	at java.base/java.lang.Thread.run(Thread.java:1474) - JavaFX Application Thread
2026-04-20 14:58:45,760 [ERROR] in JavaFX Application Thread - Exception in thread "JavaFX Application Thread" java.lang.ClassCastException: class com.flexganttfx.sprint.model.TaskActivity cannot be cast to class com.flexganttfx.sprint.model.UserStory (com.flexganttfx.sprint.model.TaskActivity and com.flexganttfx.sprint.model.UserStory are in unnamed module of loader 'app') - JavaFX Application Thread
2026-04-20 14:58:45,761 [ERROR] in JavaFX Application Thread - 	at com.flexganttfx.sprint.renderer.UserStoryRenderer.drawActivity(UserStoryRenderer.java:38) - JavaFX Application Thread
2026-04-20 14:58:45,761 [ERROR] in JavaFX Application Thread - 	at com.flexganttfx.view.graphics.renderer.ActivityRenderer.draw(ActivityRenderer.java:70) - JavaFX Application Thread
2026-04-20 14:58:45,761 [ERROR] in JavaFX Application Thread - 	at impl.com.flexganttfx.skin.graphics.RowCanvas.drawActivity(RowCanvas.java:772) - JavaFX Application Thread
2026-04-20 14:58:45,761 [ERROR] in JavaFX Application Thread - 	at impl.com.flexganttfx.skin.graphics.RowCanvas.drawLayer(RowCanvas.java:480) - JavaFX Application Thread
2026-04-20 14:58:45,761 [ERROR] in JavaFX Application Thread - 	at impl.com.flexganttfx.skin.graphics.RowCanvas.drawModelLayers(RowCanvas.java:371) - JavaFX Application Thread
2026-04-20 14:58:45,761 [ERROR] in JavaFX Application Thread - 	at impl.com.flexganttfx.skin.graphics.RowCanvas.draw(RowCanvas.java:300) - JavaFX Application Thread
2026-04-20 14:58:45,761 [ERROR] in JavaFX Application Thread - 	at com.flexganttfx.view.graphics.GraphicsBase.lambda$new$23(GraphicsBase.java:635) - JavaFX Application Thread
2026-04-20 14:58:45,761 [ERROR] in JavaFX Application Thread - 	at javafx.scene.Scene$ScenePulseListener.pulse(Scene.java:2728) - JavaFX Application Thread
2026-04-20 14:58:45,761 [ERROR] in JavaFX Application Thread - 	at com.sun.javafx.tk.Toolkit.runPulse(Toolkit.java:382) - JavaFX Application Thread
2026-04-20 14:58:45,761 [ERROR] in JavaFX Application Thread - 	at com.sun.javafx.tk.Toolkit.firePulse(Toolkit.java:407) - JavaFX Application Thread
2026-04-20 14:58:45,761 [ERROR] in JavaFX Application Thread - 	at com.sun.javafx.tk.quantum.QuantumToolkit.pulse(QuantumToolkit.java:601) - JavaFX Application Thread
2026-04-20 14:58:45,761 [ERROR] in JavaFX Application Thread - 	at com.sun.javafx.tk.quantum.QuantumToolkit.pulse(QuantumToolkit.java:581) - JavaFX Application Thread
2026-04-20 14:58:45,761 [ERROR] in JavaFX Application Thread - 	at com.sun.javafx.tk.quantum.QuantumToolkit.pulseFromQueue(QuantumToolkit.java:574) - JavaFX Application Thread
2026-04-20 14:58:45,761 [ERROR] in JavaFX Application Thread - 	at com.sun.javafx.tk.quantum.QuantumToolkit.lambda$runToolkit$0(QuantumToolkit.java:351) - JavaFX Application Thread
2026-04-20 14:58:45,761 [ERROR] in JavaFX Application Thread - 	at com.sun.glass.ui.monocle.RunnableProcessor.runLoop(RunnableProcessor.java:92) - JavaFX Application Thread
2026-04-20 14:58:45,761 [ERROR] in JavaFX Application Thread - 	at com.sun.glass.ui.monocle.RunnableProcessor.run(RunnableProcessor.java:51) - JavaFX Application Thread
2026-04-20 14:58:45,761 [ERROR] in JavaFX Application Thread - 	at java.base/java.lang.Thread.run(Thread.java:1474) - JavaFX Application Thread
2026-04-20 14:58:45,780 [ERROR] in JavaFX Application Thread - Exception in thread "JavaFX Application Thread" java.lang.ClassCastException: class com.flexganttfx.sprint.model.TaskActivity cannot be cast to class com.flexganttfx.sprint.model.UserStory (com.flexganttfx.sprint.model.TaskActivity and com.flexganttfx.sprint.model.UserStory are in unnamed module of loader 'app') - JavaFX Application Thread
2026-04-20 14:58:45,780 [ERROR] in JavaFX Application Thread - 	at com.flexganttfx.sprint.renderer.UserStoryRenderer.drawActivity(UserStoryRenderer.java:38) - JavaFX Application Thread
2026-04-20 14:58:45,780 [ERROR] in JavaFX Application Thread - 	at com.flexganttfx.view.graphics.renderer.ActivityRenderer.draw(ActivityRenderer.java:70) - JavaFX Application Thread
2026-04-20 14:58:45,780 [ERROR] in JavaFX Application Thread - 	at impl.com.flexganttfx.skin.graphics.RowCanvas.drawActivity(RowCanvas.java:772) - JavaFX Application Thread
2026-04-20 14:58:45,780 [ERROR] in JavaFX Application Thread - 	at impl.com.flexganttfx.skin.graphics.RowCanvas.drawLayer(RowCanvas.java:480) - JavaFX Application Thread
2026-04-20 14:58:45,780 [ERROR] in JavaFX Application Thread - 	at impl.com.flexganttfx.skin.graphics.RowCanvas.drawModelLayers(RowCanvas.java:371) - JavaFX Application Thread
2026-04-20 14:58:45,780 [ERROR] in JavaFX Application Thread - 	at impl.com.flexganttfx.skin.graphics.RowCanvas.draw(RowCanvas.java:300) - JavaFX Application Thread
2026-04-20 14:58:45,780 [ERROR] in JavaFX Application Thread - 	at com.flexganttfx.view.graphics.GraphicsBase.lambda$new$23(GraphicsBase.java:635) - JavaFX Application Thread
2026-04-20 14:58:45,780 [ERROR] in JavaFX Application Thread - 	at javafx.scene.Scene$ScenePulseListener.pulse(Scene.java:2728) - JavaFX Application Thread
2026-04-20 14:58:45,780 [ERROR] in JavaFX Application Thread - 	at com.sun.javafx.tk.Toolkit.runPulse(Toolkit.java:382) - JavaFX Application Thread
2026-04-20 14:58:45,780 [ERROR] in JavaFX Application Thread - 	at com.sun.javafx.tk.Toolkit.firePulse(Toolkit.java:407) - JavaFX Application Thread
2026-04-20 14:58:45,780 [ERROR] in JavaFX Application Thread - 	at com.sun.javafx.tk.quantum.QuantumToolkit.pulse(QuantumToolkit.java:601) - JavaFX Application Thread
2026-04-20 14:58:45,780 [ERROR] in JavaFX Application Thread - 	at com.sun.javafx.tk.quantum.QuantumToolkit.pulse(QuantumToolkit.java:581) - JavaFX Application Thread
2026-04-20 14:58:45,780 [ERROR] in JavaFX Application Thread - 	at com.sun.javafx.tk.quantum.QuantumToolkit.pulseFromQueue(QuantumToolkit.java:574) - JavaFX Application Thread
2026-04-20 14:58:45,780 [ERROR] in JavaFX Application Thread - 	at com.sun.javafx.tk.quantum.QuantumToolkit.lambda$runToolkit$0(QuantumToolkit.java:351) - JavaFX Application Thread
2026-04-20 14:58:45,780 [ERROR] in JavaFX Application Thread - 	at com.sun.glass.ui.monocle.RunnableProcessor.runLoop(RunnableProcessor.java:92) - JavaFX Application Thread
2026-04-20 14:58:45,780 [ERROR] in JavaFX Application Thread - 	at com.sun.glass.ui.monocle.RunnableProcessor.run(RunnableProcessor.java:51) - JavaFX Application Thread
2026-04-20 14:58:45,780 [ERROR] in JavaFX Application Thread - 	at java.base/java.lang.Thread.run(Thread.java:1474) - JavaFX Application Thread
2026-04-20 14:58:45,795 [ERROR] in JavaFX Application Thread - Exception in thread "JavaFX Application Thread" java.lang.ClassCastException: class com.flexganttfx.sprint.model.TaskActivity cannot be cast to class com.flexganttfx.sprint.model.UserStory (com.flexganttfx.sprint.model.TaskActivity and com.flexganttfx.sprint.model.UserStory are in unnamed module of loader 'app') - JavaFX Application Thread
2026-04-20 14:58:45,795 [ERROR] in JavaFX Application Thread - 	at com.flexganttfx.sprint.renderer.UserStoryRenderer.drawActivity(UserStoryRenderer.java:38) - JavaFX Application Thread
2026-04-20 14:58:45,795 [ERROR] in JavaFX Application Thread - 	at com.flexganttfx.view.graphics.renderer.ActivityRenderer.draw(ActivityRenderer.java:70) - JavaFX Application Thread
2026-04-20 14:58:45,795 [ERROR] in JavaFX Application Thread - 	at impl.com.flexganttfx.skin.graphics.RowCanvas.drawActivity(RowCanvas.java:772) - JavaFX Application Thread
2026-04-20 14:58:45,795 [ERROR] in JavaFX Application Thread - 	at impl.com.flexganttfx.skin.graphics.RowCanvas.drawLayer(RowCanvas.java:480) - JavaFX Application Thread
2026-04-20 14:58:45,795 [ERROR] in JavaFX Application Thread - 	at impl.com.flexganttfx.skin.graphics.RowCanvas.drawModelLayers(RowCanvas.java:371) - JavaFX Application Thread
2026-04-20 14:58:45,795 [ERROR] in JavaFX Application Thread - 	at impl.com.flexganttfx.skin.graphics.RowCanvas.draw(RowCanvas.java:300) - JavaFX Application Thread
2026-04-20 14:58:45,795 [ERROR] in JavaFX Application Thread - 	at com.flexganttfx.view.graphics.GraphicsBase.lambda$new$23(GraphicsBase.java:635) - JavaFX Application Thread
2026-04-20 14:58:45,795 [ERROR] in JavaFX Application Thread - 	at javafx.scene.Scene$ScenePulseListener.pulse(Scene.java:2728) - JavaFX Application Thread
2026-04-20 14:58:45,795 [ERROR] in JavaFX Application Thread - 	at com.sun.javafx.tk.Toolkit.runPulse(Toolkit.java:382) - JavaFX Application Thread
2026-04-20 14:58:45,795 [ERROR] in JavaFX Application Thread - 	at com.sun.javafx.tk.Toolkit.firePulse(Toolkit.java:407) - JavaFX Application Thread
2026-04-20 14:58:45,795 [ERROR] in JavaFX Application Thread - 	at com.sun.javafx.tk.quantum.QuantumToolkit.pulse(QuantumToolkit.java:601) - JavaFX Application Thread
2026-04-20 14:58:45,795 [ERROR] in JavaFX Application Thread - 	at com.sun.javafx.tk.quantum.QuantumToolkit.pulse(QuantumToolkit.java:581) - JavaFX Application Thread
2026-04-20 14:58:45,795 [ERROR] in JavaFX Application Thread - 	at com.sun.javafx.tk.quantum.QuantumToolkit.pulseFromQueue(QuantumToolkit.java:574) - JavaFX Application Thread
2026-04-20 14:58:45,795 [ERROR] in JavaFX Application Thread - 	at com.sun.javafx.tk.quantum.QuantumToolkit.lambda$runToolkit$0(QuantumToolkit.java:351) - JavaFX Application Thread
2026-04-20 14:58:45,796 [ERROR] in JavaFX Application Thread - 	at com.sun.glass.ui.monocle.RunnableProcessor.runLoop(RunnableProcessor.java:92) - JavaFX Application Thread
2026-04-20 14:58:45,796 [ERROR] in JavaFX Application Thread - 	at com.sun.glass.ui.monocle.RunnableProcessor.run(RunnableProcessor.java:51) - JavaFX Application Thread
2026-04-20 14:58:45,796 [ERROR] in JavaFX Application Thread - 	at java.base/java.lang.Thread.run(Thread.java:1474) - JavaFX Application Thread
2026-04-20 14:58:46,434 [ERROR] in JavaFX Application Thread - Exception in thread "JavaFX Application Thread" java.lang.ClassCastException: class com.flexganttfx.sprint.model.TaskActivity cannot be cast to class com.flexganttfx.sprint.model.UserStory (com.flexganttfx.sprint.model.TaskActivity and com.flexganttfx.sprint.model.UserStory are in unnamed module of loader 'app') - JavaFX Application Thread
2026-04-20 14:58:46,434 [ERROR] in JavaFX Application Thread - 	at com.flexganttfx.sprint.renderer.UserStoryRenderer.drawActivity(UserStoryRenderer.java:38) - JavaFX Application Thread
2026-04-20 14:58:46,434 [ERROR] in JavaFX Application Thread - 	at com.flexganttfx.view.graphics.renderer.ActivityRenderer.draw(ActivityRenderer.java:70) - JavaFX Application Thread
2026-04-20 14:58:46,434 [ERROR] in JavaFX Application Thread - 	at impl.com.flexganttfx.skin.graphics.RowCanvas.drawActivity(RowCanvas.java:772) - JavaFX Application Thread
2026-04-20 14:58:46,434 [ERROR] in JavaFX Application Thread - 	at impl.com.flexganttfx.skin.graphics.RowCanvas.drawLayer(RowCanvas.java:480) - JavaFX Application Thread
2026-04-20 14:58:46,434 [ERROR] in JavaFX Application Thread - 	at impl.com.flexganttfx.skin.graphics.RowCanvas.drawModelLayers(RowCanvas.java:371) - JavaFX Application Thread
2026-04-20 14:58:46,434 [ERROR] in JavaFX Application Thread - 	at impl.com.flexganttfx.skin.graphics.RowCanvas.draw(RowCanvas.java:300) - JavaFX Application Thread
2026-04-20 14:58:46,434 [ERROR] in JavaFX Application Thread - 	at com.flexganttfx.view.graphics.GraphicsBase.lambda$new$23(GraphicsBase.java:635) - JavaFX Application Thread
2026-04-20 14:58:46,434 [ERROR] in JavaFX Application Thread - 	at javafx.scene.Scene$ScenePulseListener.pulse(Scene.java:2728) - JavaFX Application Thread
2026-04-20 14:58:46,434 [ERROR] in JavaFX Application Thread - 	at com.sun.javafx.tk.Toolkit.runPulse(Toolkit.java:382) - JavaFX Application Thread
2026-04-20 14:58:46,434 [ERROR] in JavaFX Application Thread - 	at com.sun.javafx.tk.Toolkit.firePulse(Toolkit.java:407) - JavaFX Application Thread
2026-04-20 14:58:46,435 [ERROR] in JavaFX Application Thread - 	at com.sun.javafx.tk.quantum.QuantumToolkit.pulse(QuantumToolkit.java:601) - JavaFX Application Thread
2026-04-20 14:58:46,435 [ERROR] in JavaFX Application Thread - 	at com.sun.javafx.tk.quantum.QuantumToolkit.pulse(QuantumToolkit.java:581) - JavaFX Application Thread
2026-04-20 14:58:46,435 [ERROR] in JavaFX Application Thread - 	at com.sun.javafx.tk.quantum.QuantumToolkit.pulseFromQueue(QuantumToolkit.java:574) - JavaFX Application Thread
2026-04-20 14:58:46,435 [ERROR] in JavaFX Application Thread - 	at com.sun.javafx.tk.quantum.QuantumToolkit.lambda$runToolkit$0(QuantumToolkit.java:351) - JavaFX Application Thread
2026-04-20 14:58:46,435 [ERROR] in JavaFX Application Thread - 	at com.sun.glass.ui.monocle.RunnableProcessor.runLoop(RunnableProcessor.java:92) - JavaFX Application Thread
2026-04-20 14:58:46,435 [ERROR] in JavaFX Application Thread - 	at com.sun.glass.ui.monocle.RunnableProcessor.run(RunnableProcessor.java:51) - JavaFX Application Thread
2026-04-20 14:58:46,435 [ERROR] in JavaFX Application Thread - 	at java.base/java.lang.Thread.run(Thread.java:1474) - JavaFX Application Thread
2026-04-20 14:58:46,459 [ERROR] in JavaFX Application Thread - Exception in thread "JavaFX Application Thread" java.lang.ClassCastException: class com.flexganttfx.sprint.model.TaskActivity cannot be cast to class com.flexganttfx.sprint.model.UserStory (com.flexganttfx.sprint.model.TaskActivity and com.flexganttfx.sprint.model.UserStory are in unnamed module of loader 'app') - JavaFX Application Thread
2026-04-20 14:58:46,459 [ERROR] in JavaFX Application Thread - 	at com.flexganttfx.sprint.renderer.UserStoryRenderer.drawActivity(UserStoryRenderer.java:38) - JavaFX Application Thread
2026-04-20 14:58:46,459 [ERROR] in JavaFX Application Thread - 	at com.flexganttfx.view.graphics.renderer.ActivityRenderer.draw(ActivityRenderer.java:70) - JavaFX Application Thread
2026-04-20 14:58:46,459 [ERROR] in JavaFX Application Thread - 	at impl.com.flexganttfx.skin.graphics.RowCanvas.drawActivity(RowCanvas.java:772) - JavaFX Application Thread
2026-04-20 14:58:46,459 [ERROR] in JavaFX Application Thread - 	at impl.com.flexganttfx.skin.graphics.RowCanvas.drawLayer(RowCanvas.java:480) - JavaFX Application Thread
2026-04-20 14:58:46,459 [ERROR] in JavaFX Application Thread - 	at impl.com.flexganttfx.skin.graphics.RowCanvas.drawModelLayers(RowCanvas.java:371) - JavaFX Application Thread
2026-04-20 14:58:46,459 [ERROR] in JavaFX Application Thread - 	at impl.com.flexganttfx.skin.graphics.RowCanvas.draw(RowCanvas.java:300) - JavaFX Application Thread
2026-04-20 14:58:46,459 [ERROR] in JavaFX Application Thread - 	at com.flexganttfx.view.graphics.GraphicsBase.lambda$new$23(GraphicsBase.java:635) - JavaFX Application Thread
2026-04-20 14:58:46,459 [ERROR] in JavaFX Application Thread - 	at javafx.scene.Scene$ScenePulseListener.pulse(Scene.java:2728) - JavaFX Application Thread
2026-04-20 14:58:46,459 [ERROR] in JavaFX Application Thread - 	at com.sun.javafx.tk.Toolkit.runPulse(Toolkit.java:382) - JavaFX Application Thread
2026-04-20 14:58:46,459 [ERROR] in JavaFX Application Thread - 	at com.sun.javafx.tk.Toolkit.firePulse(Toolkit.java:407) - JavaFX Application Thread
2026-04-20 14:58:46,459 [ERROR] in JavaFX Application Thread - 	at com.sun.javafx.tk.quantum.QuantumToolkit.pulse(QuantumToolkit.java:601) - JavaFX Application Thread
2026-04-20 14:58:46,459 [ERROR] in JavaFX Application Thread - 	at com.sun.javafx.tk.quantum.QuantumToolkit.pulse(QuantumToolkit.java:581) - JavaFX Application Thread
2026-04-20 14:58:46,459 [ERROR] in JavaFX Application Thread - 	at com.sun.javafx.tk.quantum.QuantumToolkit.pulseFromQueue(QuantumToolkit.java:574) - JavaFX Application Thread
2026-04-20 14:58:46,459 [ERROR] in JavaFX Application Thread - 	at com.sun.javafx.tk.quantum.QuantumToolkit.lambda$runToolkit$0(QuantumToolkit.java:351) - JavaFX Application Thread
2026-04-20 14:58:46,459 [ERROR] in JavaFX Application Thread - 	at com.sun.glass.ui.monocle.RunnableProcessor.runLoop(RunnableProcessor.java:92) - JavaFX Application Thread
2026-04-20 14:58:46,459 [ERROR] in JavaFX Application Thread - 	at com.sun.glass.ui.monocle.RunnableProcessor.run(RunnableProcessor.java:51) - JavaFX Application Thread
2026-04-20 14:58:46,459 [ERROR] in JavaFX Application Thread - 	at java.base/java.lang.Thread.run(Thread.java:1474) - JavaFX Application Thread
2026-04-20 14:58:46,470 [ERROR] in JavaFX Application Thread - Exception in thread "JavaFX Application Thread" java.lang.ClassCastException: class com.flexganttfx.sprint.model.TaskActivity cannot be cast to class com.flexganttfx.sprint.model.UserStory (com.flexganttfx.sprint.model.TaskActivity and com.flexganttfx.sprint.model.UserStory are in unnamed module of loader 'app') - JavaFX Application Thread
2026-04-20 14:58:46,470 [ERROR] in JavaFX Application Thread - 	at com.flexganttfx.sprint.renderer.UserStoryRenderer.drawActivity(UserStoryRenderer.java:38) - JavaFX Application Thread
2026-04-20 14:58:46,471 [ERROR] in JavaFX Application Thread - 	at com.flexganttfx.view.graphics.renderer.ActivityRenderer.draw(ActivityRenderer.java:70) - JavaFX Application Thread
2026-04-20 14:58:46,471 [ERROR] in JavaFX Application Thread - 	at impl.com.flexganttfx.skin.graphics.RowCanvas.drawActivity(RowCanvas.java:772) - JavaFX Application Thread
2026-04-20 14:58:46,471 [ERROR] in JavaFX Application Thread - 	at impl.com.flexganttfx.skin.graphics.RowCanvas.drawLayer(RowCanvas.java:480) - JavaFX Application Thread
2026-04-20 14:58:46,471 [ERROR] in JavaFX Application Thread - 	at impl.com.flexganttfx.skin.graphics.RowCanvas.drawModelLayers(RowCanvas.java:371) - JavaFX Application Thread
2026-04-20 14:58:46,471 [ERROR] in JavaFX Application Thread - 	at impl.com.flexganttfx.skin.graphics.RowCanvas.draw(RowCanvas.java:300) - JavaFX Application Thread
2026-04-20 14:58:46,471 [ERROR] in JavaFX Application Thread - 	at com.flexganttfx.view.graphics.GraphicsBase.lambda$new$23(GraphicsBase.java:635) - JavaFX Application Thread
2026-04-20 14:58:46,471 [ERROR] in JavaFX Application Thread - 	at javafx.scene.Scene$ScenePulseListener.pulse(Scene.java:2728) - JavaFX Application Thread
2026-04-20 14:58:46,471 [ERROR] in JavaFX Application Thread - 	at com.sun.javafx.tk.Toolkit.runPulse(Toolkit.java:382) - JavaFX Application Thread
2026-04-20 14:58:46,471 [ERROR] in JavaFX Application Thread - 	at com.sun.javafx.tk.Toolkit.firePulse(Toolkit.java:407) - JavaFX Application Thread
2026-04-20 14:58:46,471 [ERROR] in JavaFX Application Thread - 	at com.sun.javafx.tk.quantum.QuantumToolkit.pulse(QuantumToolkit.java:601) - JavaFX Application Thread
2026-04-20 14:58:46,471 [ERROR] in JavaFX Application Thread - 	at com.sun.javafx.tk.quantum.QuantumToolkit.pulse(QuantumToolkit.java:581) - JavaFX Application Thread
2026-04-20 14:58:46,471 [ERROR] in JavaFX Application Thread - 	at com.sun.javafx.tk.quantum.QuantumToolkit.pulseFromQueue(QuantumToolkit.java:574) - JavaFX Application Thread
2026-04-20 14:58:46,471 [ERROR] in JavaFX Application Thread - 	at com.sun.javafx.tk.quantum.QuantumToolkit.lambda$runToolkit$0(QuantumToolkit.java:351) - JavaFX Application Thread
2026-04-20 14:58:46,471 [ERROR] in JavaFX Application Thread - 	at com.sun.glass.ui.monocle.RunnableProcessor.runLoop(RunnableProcessor.java:92) - JavaFX Application Thread
2026-04-20 14:58:46,471 [ERROR] in JavaFX Application Thread - 	at com.sun.glass.ui.monocle.RunnableProcessor.run(RunnableProcessor.java:51) - JavaFX Application Thread
2026-04-20 14:58:46,471 [ERROR] in JavaFX Application Thread - 	at java.base/java.lang.Thread.run(Thread.java:1474) - JavaFX Application Thread
2026-04-20 14:58:46,487 [ERROR] in JavaFX Application Thread - Exception in thread "JavaFX Application Thread" java.lang.ClassCastException: class com.flexganttfx.sprint.model.TaskActivity cannot be cast to class com.flexganttfx.sprint.model.UserStory (com.flexganttfx.sprint.model.TaskActivity and com.flexganttfx.sprint.model.UserStory are in unnamed module of loader 'app') - JavaFX Application Thread
2026-04-20 14:58:46,487 [ERROR] in JavaFX Application Thread - 	at com.flexganttfx.sprint.renderer.UserStoryRenderer.drawActivity(UserStoryRenderer.java:38) - JavaFX Application Thread
2026-04-20 14:58:46,487 [ERROR] in JavaFX Application Thread - 	at com.flexganttfx.view.graphics.renderer.ActivityRenderer.draw(ActivityRenderer.java:70) - JavaFX Application Thread
2026-04-20 14:58:46,487 [ERROR] in JavaFX Application Thread - 	at impl.com.flexganttfx.skin.graphics.RowCanvas.drawActivity(RowCanvas.java:772) - JavaFX Application Thread
2026-04-20 14:58:46,487 [ERROR] in JavaFX Application Thread - 	at impl.com.flexganttfx.skin.graphics.RowCanvas.drawLayer(RowCanvas.java:480) - JavaFX Application Thread
2026-04-20 14:58:46,487 [ERROR] in JavaFX Application Thread - 	at impl.com.flexganttfx.skin.graphics.RowCanvas.drawModelLayers(RowCanvas.java:371) - JavaFX Application Thread
2026-04-20 14:58:46,487 [ERROR] in JavaFX Application Thread - 	at impl.com.flexganttfx.skin.graphics.RowCanvas.draw(RowCanvas.java:300) - JavaFX Application Thread
2026-04-20 14:58:46,487 [ERROR] in JavaFX Application Thread - 	at com.flexganttfx.view.graphics.GraphicsBase.lambda$new$23(GraphicsBase.java:635) - JavaFX Application Thread
2026-04-20 14:58:46,487 [ERROR] in JavaFX Application Thread - 	at javafx.scene.Scene$ScenePulseListener.pulse(Scene.java:2728) - JavaFX Application Thread
2026-04-20 14:58:46,487 [ERROR] in JavaFX Application Thread - 	at com.sun.javafx.tk.Toolkit.runPulse(Toolkit.java:382) - JavaFX Application Thread
2026-04-20 14:58:46,487 [ERROR] in JavaFX Application Thread - 	at com.sun.javafx.tk.Toolkit.firePulse(Toolkit.java:407) - JavaFX Application Thread
2026-04-20 14:58:46,487 [ERROR] in JavaFX Application Thread - 	at com.sun.javafx.tk.quantum.QuantumToolkit.pulse(QuantumToolkit.java:601) - JavaFX Application Thread
2026-04-20 14:58:46,487 [ERROR] in JavaFX Application Thread - 	at com.sun.javafx.tk.quantum.QuantumToolkit.pulse(QuantumToolkit.java:581) - JavaFX Application Thread
2026-04-20 14:58:46,487 [ERROR] in JavaFX Application Thread - 	at com.sun.javafx.tk.quantum.QuantumToolkit.pulseFromQueue(QuantumToolkit.java:574) - JavaFX Application Thread
2026-04-20 14:58:46,487 [ERROR] in JavaFX Application Thread - 	at com.sun.javafx.tk.quantum.QuantumToolkit.lambda$runToolkit$0(QuantumToolkit.java:351) - JavaFX Application Thread
2026-04-20 14:58:46,487 [ERROR] in JavaFX Application Thread - 	at com.sun.glass.ui.monocle.RunnableProcessor.runLoop(RunnableProcessor.java:92) - JavaFX Application Thread
2026-04-20 14:58:46,487 [ERROR] in JavaFX Application Thread - 	at com.sun.glass.ui.monocle.RunnableProcessor.run(RunnableProcessor.java:51) - JavaFX Application Thread
2026-04-20 14:58:46,487 [ERROR] in JavaFX Application Thread - 	at java.base/java.lang.Thread.run(Thread.java:1474) - JavaFX Application Thread
2026-04-20 14:58:46,502 [ERROR] in JavaFX Application Thread - Exception in thread "JavaFX Application Thread" java.lang.ClassCastException: class com.flexganttfx.sprint.model.TaskActivity cannot be cast to class com.flexganttfx.sprint.model.UserStory (com.flexganttfx.sprint.model.TaskActivity and com.flexganttfx.sprint.model.UserStory are in unnamed module of loader 'app') - JavaFX Application Thread
2026-04-20 14:58:46,502 [ERROR] in JavaFX Application Thread - 	at com.flexganttfx.sprint.renderer.UserStoryRenderer.drawActivity(UserStoryRenderer.java:38) - JavaFX Application Thread
2026-04-20 14:58:46,502 [ERROR] in JavaFX Application Thread - 	at com.flexganttfx.view.graphics.renderer.ActivityRenderer.draw(ActivityRenderer.java:70) - JavaFX Application Thread
2026-04-20 14:58:46,502 [ERROR] in JavaFX Application Thread - 	at impl.com.flexganttfx.skin.graphics.RowCanvas.drawActivity(RowCanvas.java:772) - JavaFX Application Thread
2026-04-20 14:58:46,502 [ERROR] in JavaFX Application Thread - 	at impl.com.flexganttfx.skin.graphics.RowCanvas.drawLayer(RowCanvas.java:480) - JavaFX Application Thread
2026-04-20 14:58:46,502 [ERROR] in JavaFX Application Thread - 	at impl.com.flexganttfx.skin.graphics.RowCanvas.drawModelLayers(RowCanvas.java:371) - JavaFX Application Thread
2026-04-20 14:58:46,502 [ERROR] in JavaFX Application Thread - 	at impl.com.flexganttfx.skin.graphics.RowCanvas.draw(RowCanvas.java:300) - JavaFX Application Thread
2026-04-20 14:58:46,502 [ERROR] in JavaFX Application Thread - 	at com.flexganttfx.view.graphics.GraphicsBase.lambda$new$23(GraphicsBase.java:635) - JavaFX Application Thread
2026-04-20 14:58:46,502 [ERROR] in JavaFX Application Thread - 	at javafx.scene.Scene$ScenePulseListener.pulse(Scene.java:2728) - JavaFX Application Thread
2026-04-20 14:58:46,502 [ERROR] in JavaFX Application Thread - 	at com.sun.javafx.tk.Toolkit.runPulse(Toolkit.java:382) - JavaFX Application Thread
2026-04-20 14:58:46,502 [ERROR] in JavaFX Application Thread - 	at com.sun.javafx.tk.Toolkit.firePulse(Toolkit.java:407) - JavaFX Application Thread
2026-04-20 14:58:46,502 [ERROR] in JavaFX Application Thread - 	at com.sun.javafx.tk.quantum.QuantumToolkit.pulse(QuantumToolkit.java:601) - JavaFX Application Thread
2026-04-20 14:58:46,502 [ERROR] in JavaFX Application Thread - 	at com.sun.javafx.tk.quantum.QuantumToolkit.pulse(QuantumToolkit.java:581) - JavaFX Application Thread
2026-04-20 14:58:46,502 [ERROR] in JavaFX Application Thread - 	at com.sun.javafx.tk.quantum.QuantumToolkit.pulseFromQueue(QuantumToolkit.java:574) - JavaFX Application Thread
2026-04-20 14:58:46,502 [ERROR] in JavaFX Application Thread - 	at com.sun.javafx.tk.quantum.QuantumToolkit.lambda$runToolkit$0(QuantumToolkit.java:351) - JavaFX Application Thread
2026-04-20 14:58:46,502 [ERROR] in JavaFX Application Thread - 	at com.sun.glass.ui.monocle.RunnableProcessor.runLoop(RunnableProcessor.java:92) - JavaFX Application Thread
2026-04-20 14:58:46,502 [ERROR] in JavaFX Application Thread - 	at com.sun.glass.ui.monocle.RunnableProcessor.run(RunnableProcessor.java:51) - JavaFX Application Thread
2026-04-20 14:58:46,502 [ERROR] in JavaFX Application Thread - 	at java.base/java.lang.Thread.run(Thread.java:1474) - JavaFX Application Thread
2026-04-20 14:58:46,523 [ERROR] in JavaFX Application Thread - Exception in thread "JavaFX Application Thread" java.lang.ClassCastException: class com.flexganttfx.sprint.model.TaskActivity cannot be cast to class com.flexganttfx.sprint.model.UserStory (com.flexganttfx.sprint.model.TaskActivity and com.flexganttfx.sprint.model.UserStory are in unnamed module of loader 'app') - JavaFX Application Thread
2026-04-20 14:58:46,523 [ERROR] in JavaFX Application Thread - 	at com.flexganttfx.sprint.renderer.UserStoryRenderer.drawActivity(UserStoryRenderer.java:38) - JavaFX Application Thread
2026-04-20 14:58:46,523 [ERROR] in JavaFX Application Thread - 	at com.flexganttfx.view.graphics.renderer.ActivityRenderer.draw(ActivityRenderer.java:70) - JavaFX Application Thread
2026-04-20 14:58:46,523 [ERROR] in JavaFX Application Thread - 	at impl.com.flexganttfx.skin.graphics.RowCanvas.drawActivity(RowCanvas.java:772) - JavaFX Application Thread
2026-04-20 14:58:46,523 [ERROR] in JavaFX Application Thread - 	at impl.com.flexganttfx.skin.graphics.RowCanvas.drawLayer(RowCanvas.java:480) - JavaFX Application Thread
2026-04-20 14:58:46,523 [ERROR] in JavaFX Application Thread - 	at impl.com.flexganttfx.skin.graphics.RowCanvas.drawModelLayers(RowCanvas.java:371) - JavaFX Application Thread
2026-04-20 14:58:46,523 [ERROR] in JavaFX Application Thread - 	at impl.com.flexganttfx.skin.graphics.RowCanvas.draw(RowCanvas.java:300) - JavaFX Application Thread
2026-04-20 14:58:46,523 [ERROR] in JavaFX Application Thread - 	at com.flexganttfx.view.graphics.GraphicsBase.lambda$new$23(GraphicsBase.java:635) - JavaFX Application Thread
2026-04-20 14:58:46,523 [ERROR] in JavaFX Application Thread - 	at javafx.scene.Scene$ScenePulseListener.pulse(Scene.java:2728) - JavaFX Application Thread
2026-04-20 14:58:46,523 [ERROR] in JavaFX Application Thread - 	at com.sun.javafx.tk.Toolkit.runPulse(Toolkit.java:382) - JavaFX Application Thread
2026-04-20 14:58:46,523 [ERROR] in JavaFX Application Thread - 	at com.sun.javafx.tk.Toolkit.firePulse(Toolkit.java:407) - JavaFX Application Thread
2026-04-20 14:58:46,523 [ERROR] in JavaFX Application Thread - 	at com.sun.javafx.tk.quantum.QuantumToolkit.pulse(QuantumToolkit.java:601) - JavaFX Application Thread
2026-04-20 14:58:46,523 [ERROR] in JavaFX Application Thread - 	at com.sun.javafx.tk.quantum.QuantumToolkit.pulse(QuantumToolkit.java:581) - JavaFX Application Thread
2026-04-20 14:58:46,523 [ERROR] in JavaFX Application Thread - 	at com.sun.javafx.tk.quantum.QuantumToolkit.pulseFromQueue(QuantumToolkit.java:574) - JavaFX Application Thread
2026-04-20 14:58:46,523 [ERROR] in JavaFX Application Thread - 	at com.sun.javafx.tk.quantum.QuantumToolkit.lambda$runToolkit$0(QuantumToolkit.java:351) - JavaFX Application Thread
2026-04-20 14:58:46,523 [ERROR] in JavaFX Application Thread - 	at com.sun.glass.ui.monocle.RunnableProcessor.runLoop(RunnableProcessor.java:92) - JavaFX Application Thread
2026-04-20 14:58:46,523 [ERROR] in JavaFX Application Thread - 	at com.sun.glass.ui.monocle.RunnableProcessor.run(RunnableProcessor.java:51) - JavaFX Application Thread
2026-04-20 14:58:46,523 [ERROR] in JavaFX Application Thread - 	at java.base/java.lang.Thread.run(Thread.java:1474) - JavaFX Application Thread
2026-04-20 14:58:46,540 [ERROR] in JavaFX Application Thread - Exception in thread "JavaFX Application Thread" java.lang.ClassCastException: class com.flexganttfx.sprint.model.TaskActivity cannot be cast to class com.flexganttfx.sprint.model.UserStory (com.flexganttfx.sprint.model.TaskActivity and com.flexganttfx.sprint.model.UserStory are in unnamed module of loader 'app') - JavaFX Application Thread
2026-04-20 14:58:46,540 [ERROR] in JavaFX Application Thread - 	at com.flexganttfx.sprint.renderer.UserStoryRenderer.drawActivity(UserStoryRenderer.java:38) - JavaFX Application Thread
2026-04-20 14:58:46,540 [ERROR] in JavaFX Application Thread - 	at com.flexganttfx.view.graphics.renderer.ActivityRenderer.draw(ActivityRenderer.java:70) - JavaFX Application Thread
2026-04-20 14:58:46,540 [ERROR] in JavaFX Application Thread - 	at impl.com.flexganttfx.skin.graphics.RowCanvas.drawActivity(RowCanvas.java:772) - JavaFX Application Thread
2026-04-20 14:58:46,541 [ERROR] in JavaFX Application Thread - 	at impl.com.flexganttfx.skin.graphics.RowCanvas.drawLayer(RowCanvas.java:480) - JavaFX Application Thread
2026-04-20 14:58:46,541 [ERROR] in JavaFX Application Thread - 	at impl.com.flexganttfx.skin.graphics.RowCanvas.drawModelLayers(RowCanvas.java:371) - JavaFX Application Thread
2026-04-20 14:58:46,541 [ERROR] in JavaFX Application Thread - 	at impl.com.flexganttfx.skin.graphics.RowCanvas.draw(RowCanvas.java:300) - JavaFX Application Thread
2026-04-20 14:58:46,541 [ERROR] in JavaFX Application Thread - 	at com.flexganttfx.view.graphics.GraphicsBase.lambda$new$23(GraphicsBase.java:635) - JavaFX Application Thread
2026-04-20 14:58:46,541 [ERROR] in JavaFX Application Thread - 	at javafx.scene.Scene$ScenePulseListener.pulse(Scene.java:2728) - JavaFX Application Thread
2026-04-20 14:58:46,541 [ERROR] in JavaFX Application Thread - 	at com.sun.javafx.tk.Toolkit.runPulse(Toolkit.java:382) - JavaFX Application Thread
2026-04-20 14:58:46,541 [ERROR] in JavaFX Application Thread - 	at com.sun.javafx.tk.Toolkit.firePulse(Toolkit.java:407) - JavaFX Application Thread
2026-04-20 14:58:46,541 [ERROR] in JavaFX Application Thread - 	at com.sun.javafx.tk.quantum.QuantumToolkit.pulse(QuantumToolkit.java:601) - JavaFX Application Thread
2026-04-20 14:58:46,541 [ERROR] in JavaFX Application Thread - 	at com.sun.javafx.tk.quantum.QuantumToolkit.pulse(QuantumToolkit.java:581) - JavaFX Application Thread
2026-04-20 14:58:46,541 [ERROR] in JavaFX Application Thread - 	at com.sun.javafx.tk.quantum.QuantumToolkit.pulseFromQueue(QuantumToolkit.java:574) - JavaFX Application Thread
2026-04-20 14:58:46,541 [ERROR] in JavaFX Application Thread - 	at com.sun.javafx.tk.quantum.QuantumToolkit.lambda$runToolkit$0(QuantumToolkit.java:351) - JavaFX Application Thread
2026-04-20 14:58:46,541 [ERROR] in JavaFX Application Thread - 	at com.sun.glass.ui.monocle.RunnableProcessor.runLoop(RunnableProcessor.java:92) - JavaFX Application Thread
2026-04-20 14:58:46,541 [ERROR] in JavaFX Application Thread - 	at com.sun.glass.ui.monocle.RunnableProcessor.run(RunnableProcessor.java:51) - JavaFX Application Thread
2026-04-20 14:58:46,541 [ERROR] in JavaFX Application Thread - 	at java.base/java.lang.Thread.run(Thread.java:1474) - JavaFX Application Thread
2026-04-20 14:58:46,553 [ERROR] in JavaFX Application Thread - Exception in thread "JavaFX Application Thread" java.lang.ClassCastException: class com.flexganttfx.sprint.model.TaskActivity cannot be cast to class com.flexganttfx.sprint.model.UserStory (com.flexganttfx.sprint.model.TaskActivity and com.flexganttfx.sprint.model.UserStory are in unnamed module of loader 'app') - JavaFX Application Thread
2026-04-20 14:58:46,553 [ERROR] in JavaFX Application Thread - 	at com.flexganttfx.sprint.renderer.UserStoryRenderer.drawActivity(UserStoryRenderer.java:38) - JavaFX Application Thread
2026-04-20 14:58:46,553 [ERROR] in JavaFX Application Thread - 	at com.flexganttfx.view.graphics.renderer.ActivityRenderer.draw(ActivityRenderer.java:70) - JavaFX Application Thread
2026-04-20 14:58:46,553 [ERROR] in JavaFX Application Thread - 	at impl.com.flexganttfx.skin.graphics.RowCanvas.drawActivity(RowCanvas.java:772) - JavaFX Application Thread
2026-04-20 14:58:46,553 [ERROR] in JavaFX Application Thread - 	at impl.com.flexganttfx.skin.graphics.RowCanvas.drawLayer(RowCanvas.java:480) - JavaFX Application Thread
2026-04-20 14:58:46,553 [ERROR] in JavaFX Application Thread - 	at impl.com.flexganttfx.skin.graphics.RowCanvas.drawModelLayers(RowCanvas.java:371) - JavaFX Application Thread
2026-04-20 14:58:46,553 [ERROR] in JavaFX Application Thread - 	at impl.com.flexganttfx.skin.graphics.RowCanvas.draw(RowCanvas.java:300) - JavaFX Application Thread
2026-04-20 14:58:46,553 [ERROR] in JavaFX Application Thread - 	at com.flexganttfx.view.graphics.GraphicsBase.lambda$new$23(GraphicsBase.java:635) - JavaFX Application Thread
2026-04-20 14:58:46,553 [ERROR] in JavaFX Application Thread - 	at javafx.scene.Scene$ScenePulseListener.pulse(Scene.java:2728) - JavaFX Application Thread
2026-04-20 14:58:46,553 [ERROR] in JavaFX Application Thread - 	at com.sun.javafx.tk.Toolkit.runPulse(Toolkit.java:382) - JavaFX Application Thread
2026-04-20 14:58:46,553 [ERROR] in JavaFX Application Thread - 	at com.sun.javafx.tk.Toolkit.firePulse(Toolkit.java:407) - JavaFX Application Thread
2026-04-20 14:58:46,553 [ERROR] in JavaFX Application Thread - 	at com.sun.javafx.tk.quantum.QuantumToolkit.pulse(QuantumToolkit.java:601) - JavaFX Application Thread
2026-04-20 14:58:46,553 [ERROR] in JavaFX Application Thread - 	at com.sun.javafx.tk.quantum.QuantumToolkit.pulse(QuantumToolkit.java:581) - JavaFX Application Thread
2026-04-20 14:58:46,553 [ERROR] in JavaFX Application Thread - 	at com.sun.javafx.tk.quantum.QuantumToolkit.pulseFromQueue(QuantumToolkit.java:574) - JavaFX Application Thread
2026-04-20 14:58:46,553 [ERROR] in JavaFX Application Thread - 	at com.sun.javafx.tk.quantum.QuantumToolkit.lambda$runToolkit$0(QuantumToolkit.java:351) - JavaFX Application Thread
2026-04-20 14:58:46,553 [ERROR] in JavaFX Application Thread - 	at com.sun.glass.ui.monocle.RunnableProcessor.runLoop(RunnableProcessor.java:92) - JavaFX Application Thread
2026-04-20 14:58:46,553 [ERROR] in JavaFX Application Thread - 	at com.sun.glass.ui.monocle.RunnableProcessor.run(RunnableProcessor.java:51) - JavaFX Application Thread
2026-04-20 14:58:46,553 [ERROR] in JavaFX Application Thread - 	at java.base/java.lang.Thread.run(Thread.java:1474) - JavaFX Application Thread
2026-04-20 14:58:46,567 [ERROR] in JavaFX Application Thread - Exception in thread "JavaFX Application Thread" java.lang.ClassCastException: class com.flexganttfx.sprint.model.TaskActivity cannot be cast to class com.flexganttfx.sprint.model.UserStory (com.flexganttfx.sprint.model.TaskActivity and com.flexganttfx.sprint.model.UserStory are in unnamed module of loader 'app') - JavaFX Application Thread
2026-04-20 14:58:46,567 [ERROR] in JavaFX Application Thread - 	at com.flexganttfx.sprint.renderer.UserStoryRenderer.drawActivity(UserStoryRenderer.java:38) - JavaFX Application Thread
2026-04-20 14:58:46,567 [ERROR] in JavaFX Application Thread - 	at com.flexganttfx.view.graphics.renderer.ActivityRenderer.draw(ActivityRenderer.java:70) - JavaFX Application Thread
2026-04-20 14:58:46,567 [ERROR] in JavaFX Application Thread - 	at impl.com.flexganttfx.skin.graphics.RowCanvas.drawActivity(RowCanvas.java:772) - JavaFX Application Thread
2026-04-20 14:58:46,567 [ERROR] in JavaFX Application Thread - 	at impl.com.flexganttfx.skin.graphics.RowCanvas.drawLayer(RowCanvas.java:480) - JavaFX Application Thread
2026-04-20 14:58:46,567 [ERROR] in JavaFX Application Thread - 	at impl.com.flexganttfx.skin.graphics.RowCanvas.drawModelLayers(RowCanvas.java:371) - JavaFX Application Thread
2026-04-20 14:58:46,567 [ERROR] in JavaFX Application Thread - 	at impl.com.flexganttfx.skin.graphics.RowCanvas.draw(RowCanvas.java:300) - JavaFX Application Thread
2026-04-20 14:58:46,567 [ERROR] in JavaFX Application Thread - 	at com.flexganttfx.view.graphics.GraphicsBase.lambda$new$23(GraphicsBase.java:635) - JavaFX Application Thread
2026-04-20 14:58:46,567 [ERROR] in JavaFX Application Thread - 	at javafx.scene.Scene$ScenePulseListener.pulse(Scene.java:2728) - JavaFX Application Thread
2026-04-20 14:58:46,567 [ERROR] in JavaFX Application Thread - 	at com.sun.javafx.tk.Toolkit.runPulse(Toolkit.java:382) - JavaFX Application Thread
2026-04-20 14:58:46,567 [ERROR] in JavaFX Application Thread - 	at com.sun.javafx.tk.Toolkit.firePulse(Toolkit.java:407) - JavaFX Application Thread
2026-04-20 14:58:46,567 [ERROR] in JavaFX Application Thread - 	at com.sun.javafx.tk.quantum.QuantumToolkit.pulse(QuantumToolkit.java:601) - JavaFX Application Thread
2026-04-20 14:58:46,567 [ERROR] in JavaFX Application Thread - 	at com.sun.javafx.tk.quantum.QuantumToolkit.pulse(QuantumToolkit.java:581) - JavaFX Application Thread
2026-04-20 14:58:46,567 [ERROR] in JavaFX Application Thread - 	at com.sun.javafx.tk.quantum.QuantumToolkit.pulseFromQueue(QuantumToolkit.java:574) - JavaFX Application Thread
2026-04-20 14:58:46,567 [ERROR] in JavaFX Application Thread - 	at com.sun.javafx.tk.quantum.QuantumToolkit.lambda$runToolkit$0(QuantumToolkit.java:351) - JavaFX Application Thread
2026-04-20 14:58:46,567 [ERROR] in JavaFX Application Thread - 	at com.sun.glass.ui.monocle.RunnableProcessor.runLoop(RunnableProcessor.java:92) - JavaFX Application Thread
2026-04-20 14:58:46,567 [ERROR] in JavaFX Application Thread - 	at com.sun.glass.ui.monocle.RunnableProcessor.run(RunnableProcessor.java:51) - JavaFX Application Thread
2026-04-20 14:58:46,567 [ERROR] in JavaFX Application Thread - 	at java.base/java.lang.Thread.run(Thread.java:1474) - JavaFX Application Thread
2026-04-20 14:58:46,587 [ERROR] in JavaFX Application Thread - Exception in thread "JavaFX Application Thread" java.lang.ClassCastException: class com.flexganttfx.sprint.model.TaskActivity cannot be cast to class com.flexganttfx.sprint.model.UserStory (com.flexganttfx.sprint.model.TaskActivity and com.flexganttfx.sprint.model.UserStory are in unnamed module of loader 'app') - JavaFX Application Thread
2026-04-20 14:58:46,587 [ERROR] in JavaFX Application Thread - 	at com.flexganttfx.sprint.renderer.UserStoryRenderer.drawActivity(UserStoryRenderer.java:38) - JavaFX Application Thread
2026-04-20 14:58:46,587 [ERROR] in JavaFX Application Thread - 	at com.flexganttfx.view.graphics.renderer.ActivityRenderer.draw(ActivityRenderer.java:70) - JavaFX Application Thread
2026-04-20 14:58:46,587 [ERROR] in JavaFX Application Thread - 	at impl.com.flexganttfx.skin.graphics.RowCanvas.drawActivity(RowCanvas.java:772) - JavaFX Application Thread
2026-04-20 14:58:46,587 [ERROR] in JavaFX Application Thread - 	at impl.com.flexganttfx.skin.graphics.RowCanvas.drawLayer(RowCanvas.java:480) - JavaFX Application Thread
2026-04-20 14:58:46,587 [ERROR] in JavaFX Application Thread - 	at impl.com.flexganttfx.skin.graphics.RowCanvas.drawModelLayers(RowCanvas.java:371) - JavaFX Application Thread
2026-04-20 14:58:46,587 [ERROR] in JavaFX Application Thread - 	at impl.com.flexganttfx.skin.graphics.RowCanvas.draw(RowCanvas.java:300) - JavaFX Application Thread
2026-04-20 14:58:46,587 [ERROR] in JavaFX Application Thread - 	at com.flexganttfx.view.graphics.GraphicsBase.lambda$new$23(GraphicsBase.java:635) - JavaFX Application Thread
2026-04-20 14:58:46,587 [ERROR] in JavaFX Application Thread - 	at javafx.scene.Scene$ScenePulseListener.pulse(Scene.java:2728) - JavaFX Application Thread
2026-04-20 14:58:46,587 [ERROR] in JavaFX Application Thread - 	at com.sun.javafx.tk.Toolkit.runPulse(Toolkit.java:382) - JavaFX Application Thread
2026-04-20 14:58:46,587 [ERROR] in JavaFX Application Thread - 	at com.sun.javafx.tk.Toolkit.firePulse(Toolkit.java:407) - JavaFX Application Thread
2026-04-20 14:58:46,587 [ERROR] in JavaFX Application Thread - 	at com.sun.javafx.tk.quantum.QuantumToolkit.pulse(QuantumToolkit.java:601) - JavaFX Application Thread
2026-04-20 14:58:46,587 [ERROR] in JavaFX Application Thread - 	at com.sun.javafx.tk.quantum.QuantumToolkit.pulse(QuantumToolkit.java:581) - JavaFX Application Thread
2026-04-20 14:58:46,587 [ERROR] in JavaFX Application Thread - 	at com.sun.javafx.tk.quantum.QuantumToolkit.pulseFromQueue(QuantumToolkit.java:574) - JavaFX Application Thread
2026-04-20 14:58:46,587 [ERROR] in JavaFX Application Thread - 	at com.sun.javafx.tk.quantum.QuantumToolkit.lambda$runToolkit$0(QuantumToolkit.java:351) - JavaFX Application Thread
2026-04-20 14:58:46,587 [ERROR] in JavaFX Application Thread - 	at com.sun.glass.ui.monocle.RunnableProcessor.runLoop(RunnableProcessor.java:92) - JavaFX Application Thread
2026-04-20 14:58:46,587 [ERROR] in JavaFX Application Thread - 	at com.sun.glass.ui.monocle.RunnableProcessor.run(RunnableProcessor.java:51) - JavaFX Application Thread
2026-04-20 14:58:46,587 [ERROR] in JavaFX Application Thread - 	at java.base/java.lang.Thread.run(Thread.java:1474) - JavaFX Application Thread
2026-04-20 14:58:46,604 [ERROR] in JavaFX Application Thread - Exception in thread "JavaFX Application Thread" java.lang.ClassCastException: class com.flexganttfx.sprint.model.TaskActivity cannot be cast to class com.flexganttfx.sprint.model.UserStory (com.flexganttfx.sprint.model.TaskActivity and com.flexganttfx.sprint.model.UserStory are in unnamed module of loader 'app') - JavaFX Application Thread
2026-04-20 14:58:46,604 [ERROR] in JavaFX Application Thread - 	at com.flexganttfx.sprint.renderer.UserStoryRenderer.drawActivity(UserStoryRenderer.java:38) - JavaFX Application Thread
2026-04-20 14:58:46,604 [ERROR] in JavaFX Application Thread - 	at com.flexganttfx.view.graphics.renderer.ActivityRenderer.draw(ActivityRenderer.java:70) - JavaFX Application Thread
2026-04-20 14:58:46,604 [ERROR] in JavaFX Application Thread - 	at impl.com.flexganttfx.skin.graphics.RowCanvas.drawActivity(RowCanvas.java:772) - JavaFX Application Thread
2026-04-20 14:58:46,605 [ERROR] in JavaFX Application Thread - 	at impl.com.flexganttfx.skin.graphics.RowCanvas.drawLayer(RowCanvas.java:480) - JavaFX Application Thread
2026-04-20 14:58:46,605 [ERROR] in JavaFX Application Thread - 	at impl.com.flexganttfx.skin.graphics.RowCanvas.drawModelLayers(RowCanvas.java:371) - JavaFX Application Thread
2026-04-20 14:58:46,605 [ERROR] in JavaFX Application Thread - 	at impl.com.flexganttfx.skin.graphics.RowCanvas.draw(RowCanvas.java:300) - JavaFX Application Thread
2026-04-20 14:58:46,605 [ERROR] in JavaFX Application Thread - 	at com.flexganttfx.view.graphics.GraphicsBase.lambda$new$23(GraphicsBase.java:635) - JavaFX Application Thread
2026-04-20 14:58:46,605 [ERROR] in JavaFX Application Thread - 	at javafx.scene.Scene$ScenePulseListener.pulse(Scene.java:2728) - JavaFX Application Thread
2026-04-20 14:58:46,605 [ERROR] in JavaFX Application Thread - 	at com.sun.javafx.tk.Toolkit.runPulse(Toolkit.java:382) - JavaFX Application Thread
2026-04-20 14:58:46,605 [ERROR] in JavaFX Application Thread - 	at com.sun.javafx.tk.Toolkit.firePulse(Toolkit.java:407) - JavaFX Application Thread
2026-04-20 14:58:46,605 [ERROR] in JavaFX Application Thread - 	at com.sun.javafx.tk.quantum.QuantumToolkit.pulse(QuantumToolkit.java:601) - JavaFX Application Thread
2026-04-20 14:58:46,605 [ERROR] in JavaFX Application Thread - 	at com.sun.javafx.tk.quantum.QuantumToolkit.pulse(QuantumToolkit.java:581) - JavaFX Application Thread
2026-04-20 14:58:46,605 [ERROR] in JavaFX Application Thread - 	at com.sun.javafx.tk.quantum.QuantumToolkit.pulseFromQueue(QuantumToolkit.java:574) - JavaFX Application Thread
2026-04-20 14:58:46,605 [ERROR] in JavaFX Application Thread - 	at com.sun.javafx.tk.quantum.QuantumToolkit.lambda$runToolkit$0(QuantumToolkit.java:351) - JavaFX Application Thread
2026-04-20 14:58:46,605 [ERROR] in JavaFX Application Thread - 	at com.sun.glass.ui.monocle.RunnableProcessor.runLoop(RunnableProcessor.java:92) - JavaFX Application Thread
2026-04-20 14:58:46,605 [ERROR] in JavaFX Application Thread - 	at com.sun.glass.ui.monocle.RunnableProcessor.run(RunnableProcessor.java:51) - JavaFX Application Thread
2026-04-20 14:58:46,605 [ERROR] in JavaFX Application Thread - 	at java.base/java.lang.Thread.run(Thread.java:1474) - JavaFX Application Thread
2026-04-20 14:58:46,620 [ERROR] in JavaFX Application Thread - Exception in thread "JavaFX Application Thread" java.lang.ClassCastException: class com.flexganttfx.sprint.model.TaskActivity cannot be cast to class com.flexganttfx.sprint.model.UserStory (com.flexganttfx.sprint.model.TaskActivity and com.flexganttfx.sprint.model.UserStory are in unnamed module of loader 'app') - JavaFX Application Thread
2026-04-20 14:58:46,620 [ERROR] in JavaFX Application Thread - 	at com.flexganttfx.sprint.renderer.UserStoryRenderer.drawActivity(UserStoryRenderer.java:38) - JavaFX Application Thread
2026-04-20 14:58:46,620 [ERROR] in JavaFX Application Thread - 	at com.flexganttfx.view.graphics.renderer.ActivityRenderer.draw(ActivityRenderer.java:70) - JavaFX Application Thread
2026-04-20 14:58:46,620 [ERROR] in JavaFX Application Thread - 	at impl.com.flexganttfx.skin.graphics.RowCanvas.drawActivity(RowCanvas.java:772) - JavaFX Application Thread
2026-04-20 14:58:46,620 [ERROR] in JavaFX Application Thread - 	at impl.com.flexganttfx.skin.graphics.RowCanvas.drawLayer(RowCanvas.java:480) - JavaFX Application Thread
2026-04-20 14:58:46,620 [ERROR] in JavaFX Application Thread - 	at impl.com.flexganttfx.skin.graphics.RowCanvas.drawModelLayers(RowCanvas.java:371) - JavaFX Application Thread
2026-04-20 14:58:46,620 [ERROR] in JavaFX Application Thread - 	at impl.com.flexganttfx.skin.graphics.RowCanvas.draw(RowCanvas.java:300) - JavaFX Application Thread
2026-04-20 14:58:46,620 [ERROR] in JavaFX Application Thread - 	at com.flexganttfx.view.graphics.GraphicsBase.lambda$new$23(GraphicsBase.java:635) - JavaFX Application Thread
2026-04-20 14:58:46,620 [ERROR] in JavaFX Application Thread - 	at javafx.scene.Scene$ScenePulseListener.pulse(Scene.java:2728) - JavaFX Application Thread
2026-04-20 14:58:46,620 [ERROR] in JavaFX Application Thread - 	at com.sun.javafx.tk.Toolkit.runPulse(Toolkit.java:382) - JavaFX Application Thread
2026-04-20 14:58:46,620 [ERROR] in JavaFX Application Thread - 	at com.sun.javafx.tk.Toolkit.firePulse(Toolkit.java:407) - JavaFX Application Thread
2026-04-20 14:58:46,620 [ERROR] in JavaFX Application Thread - 	at com.sun.javafx.tk.quantum.QuantumToolkit.pulse(QuantumToolkit.java:601) - JavaFX Application Thread
2026-04-20 14:58:46,620 [ERROR] in JavaFX Application Thread - 	at com.sun.javafx.tk.quantum.QuantumToolkit.pulse(QuantumToolkit.java:581) - JavaFX Application Thread
2026-04-20 14:58:46,620 [ERROR] in JavaFX Application Thread - 	at com.sun.javafx.tk.quantum.QuantumToolkit.pulseFromQueue(QuantumToolkit.java:574) - JavaFX Application Thread
2026-04-20 14:58:46,620 [ERROR] in JavaFX Application Thread - 	at com.sun.javafx.tk.quantum.QuantumToolkit.lambda$runToolkit$0(QuantumToolkit.java:351) - JavaFX Application Thread
2026-04-20 14:58:46,620 [ERROR] in JavaFX Application Thread - 	at com.sun.glass.ui.monocle.RunnableProcessor.runLoop(RunnableProcessor.java:92) - JavaFX Application Thread
2026-04-20 14:58:46,620 [ERROR] in JavaFX Application Thread - 	at com.sun.glass.ui.monocle.RunnableProcessor.run(RunnableProcessor.java:51) - JavaFX Application Thread
2026-04-20 14:58:46,620 [ERROR] in JavaFX Application Thread - 	at java.base/java.lang.Thread.run(Thread.java:1474) - JavaFX Application Thread
2026-04-20 14:58:46,638 [ERROR] in JavaFX Application Thread - Exception in thread "JavaFX Application Thread" java.lang.ClassCastException: class com.flexganttfx.sprint.model.TaskActivity cannot be cast to class com.flexganttfx.sprint.model.UserStory (com.flexganttfx.sprint.model.TaskActivity and com.flexganttfx.sprint.model.UserStory are in unnamed module of loader 'app') - JavaFX Application Thread
2026-04-20 14:58:46,638 [ERROR] in JavaFX Application Thread - 	at com.flexganttfx.sprint.renderer.UserStoryRenderer.drawActivity(UserStoryRenderer.java:38) - JavaFX Application Thread
2026-04-20 14:58:46,638 [ERROR] in JavaFX Application Thread - 	at com.flexganttfx.view.graphics.renderer.ActivityRenderer.draw(ActivityRenderer.java:70) - JavaFX Application Thread
2026-04-20 14:58:46,638 [ERROR] in JavaFX Application Thread - 	at impl.com.flexganttfx.skin.graphics.RowCanvas.drawActivity(RowCanvas.java:772) - JavaFX Application Thread
2026-04-20 14:58:46,638 [ERROR] in JavaFX Application Thread - 	at impl.com.flexganttfx.skin.graphics.RowCanvas.drawLayer(RowCanvas.java:480) - JavaFX Application Thread
2026-04-20 14:58:46,638 [ERROR] in JavaFX Application Thread - 	at impl.com.flexganttfx.skin.graphics.RowCanvas.drawModelLayers(RowCanvas.java:371) - JavaFX Application Thread
2026-04-20 14:58:46,638 [ERROR] in JavaFX Application Thread - 	at impl.com.flexganttfx.skin.graphics.RowCanvas.draw(RowCanvas.java:300) - JavaFX Application Thread
2026-04-20 14:58:46,638 [ERROR] in JavaFX Application Thread - 	at com.flexganttfx.view.graphics.GraphicsBase.lambda$new$23(GraphicsBase.java:635) - JavaFX Application Thread
2026-04-20 14:58:46,638 [ERROR] in JavaFX Application Thread - 	at javafx.scene.Scene$ScenePulseListener.pulse(Scene.java:2728) - JavaFX Application Thread
2026-04-20 14:58:46,638 [ERROR] in JavaFX Application Thread - 	at com.sun.javafx.tk.Toolkit.runPulse(Toolkit.java:382) - JavaFX Application Thread
2026-04-20 14:58:46,638 [ERROR] in JavaFX Application Thread - 	at com.sun.javafx.tk.Toolkit.firePulse(Toolkit.java:407) - JavaFX Application Thread
2026-04-20 14:58:46,638 [ERROR] in JavaFX Application Thread - 	at com.sun.javafx.tk.quantum.QuantumToolkit.pulse(QuantumToolkit.java:601) - JavaFX Application Thread
2026-04-20 14:58:46,638 [ERROR] in JavaFX Application Thread - 	at com.sun.javafx.tk.quantum.QuantumToolkit.pulse(QuantumToolkit.java:581) - JavaFX Application Thread
2026-04-20 14:58:46,638 [ERROR] in JavaFX Application Thread - 	at com.sun.javafx.tk.quantum.QuantumToolkit.pulseFromQueue(QuantumToolkit.java:574) - JavaFX Application Thread
2026-04-20 14:58:46,638 [ERROR] in JavaFX Application Thread - 	at com.sun.javafx.tk.quantum.QuantumToolkit.lambda$runToolkit$0(QuantumToolkit.java:351) - JavaFX Application Thread
2026-04-20 14:58:46,638 [ERROR] in JavaFX Application Thread - 	at com.sun.glass.ui.monocle.RunnableProcessor.runLoop(RunnableProcessor.java:92) - JavaFX Application Thread
2026-04-20 14:58:46,638 [ERROR] in JavaFX Application Thread - 	at com.sun.glass.ui.monocle.RunnableProcessor.run(RunnableProcessor.java:51) - JavaFX Application Thread
2026-04-20 14:58:46,638 [ERROR] in JavaFX Application Thread - 	at java.base/java.lang.Thread.run(Thread.java:1474) - JavaFX Application Thread
2026-04-20 14:58:46,643 [ERROR] in JavaFX Application Thread - Exception in thread "JavaFX Application Thread" java.lang.ClassCastException: class com.flexganttfx.sprint.model.TaskActivity cannot be cast to class com.flexganttfx.sprint.model.UserStory (com.flexganttfx.sprint.model.TaskActivity and com.flexganttfx.sprint.model.UserStory are in unnamed module of loader 'app') - JavaFX Application Thread
2026-04-20 14:58:46,643 [ERROR] in JavaFX Application Thread - 	at com.flexganttfx.sprint.renderer.UserStoryRenderer.drawActivity(UserStoryRenderer.java:38) - JavaFX Application Thread
2026-04-20 14:58:46,643 [ERROR] in JavaFX Application Thread - 	at com.flexganttfx.view.graphics.renderer.ActivityRenderer.draw(ActivityRenderer.java:70) - JavaFX Application Thread
2026-04-20 14:58:46,643 [ERROR] in JavaFX Application Thread - 	at impl.com.flexganttfx.skin.graphics.RowCanvas.drawActivity(RowCanvas.java:772) - JavaFX Application Thread
2026-04-20 14:58:46,643 [ERROR] in JavaFX Application Thread - 	at impl.com.flexganttfx.skin.graphics.RowCanvas.drawLayer(RowCanvas.java:480) - JavaFX Application Thread
2026-04-20 14:58:46,643 [ERROR] in JavaFX Application Thread - 	at impl.com.flexganttfx.skin.graphics.RowCanvas.drawModelLayers(RowCanvas.java:371) - JavaFX Application Thread
2026-04-20 14:58:46,643 [ERROR] in JavaFX Application Thread - 	at impl.com.flexganttfx.skin.graphics.RowCanvas.draw(RowCanvas.java:300) - JavaFX Application Thread
2026-04-20 14:58:46,644 [ERROR] in JavaFX Application Thread - 	at com.flexganttfx.view.graphics.GraphicsBase.lambda$new$23(GraphicsBase.java:635) - JavaFX Application Thread
2026-04-20 14:58:46,644 [ERROR] in JavaFX Application Thread - 	at javafx.scene.Scene$ScenePulseListener.pulse(Scene.java:2728) - JavaFX Application Thread
2026-04-20 14:58:46,644 [ERROR] in JavaFX Application Thread - 	at com.sun.javafx.tk.Toolkit.runPulse(Toolkit.java:382) - JavaFX Application Thread
2026-04-20 14:58:46,644 [ERROR] in JavaFX Application Thread - 	at com.sun.javafx.tk.Toolkit.firePulse(Toolkit.java:407) - JavaFX Application Thread
2026-04-20 14:58:46,644 [ERROR] in JavaFX Application Thread - 	at com.sun.javafx.tk.quantum.QuantumToolkit.pulse(QuantumToolkit.java:601) - JavaFX Application Thread
2026-04-20 14:58:46,644 [ERROR] in JavaFX Application Thread - 	at com.sun.javafx.tk.quantum.QuantumToolkit.pulse(QuantumToolkit.java:581) - JavaFX Application Thread
2026-04-20 14:58:46,644 [ERROR] in JavaFX Application Thread - 	at com.sun.javafx.tk.quantum.QuantumToolkit.pulseFromQueue(QuantumToolkit.java:574) - JavaFX Application Thread
2026-04-20 14:58:46,644 [ERROR] in JavaFX Application Thread - 	at com.sun.javafx.tk.quantum.QuantumToolkit.lambda$runToolkit$0(QuantumToolkit.java:351) - JavaFX Application Thread
2026-04-20 14:58:46,644 [ERROR] in JavaFX Application Thread - 	at com.sun.glass.ui.monocle.RunnableProcessor.runLoop(RunnableProcessor.java:92) - JavaFX Application Thread
2026-04-20 14:58:46,644 [ERROR] in JavaFX Application Thread - 	at com.sun.glass.ui.monocle.RunnableProcessor.run(RunnableProcessor.java:51) - JavaFX Application Thread
2026-04-20 14:58:46,644 [ERROR] in JavaFX Application Thread - 	at java.base/java.lang.Thread.run(Thread.java:1474) - JavaFX Application Thread
2026-04-20 14:58:46,659 [ERROR] in JavaFX Application Thread - Exception in thread "JavaFX Application Thread" java.lang.ClassCastException: class com.flexganttfx.sprint.model.TaskActivity cannot be cast to class com.flexganttfx.sprint.model.UserStory (com.flexganttfx.sprint.model.TaskActivity and com.flexganttfx.sprint.model.UserStory are in unnamed module of loader 'app') - JavaFX Application Thread
2026-04-20 14:58:46,659 [ERROR] in JavaFX Application Thread - 	at com.flexganttfx.sprint.renderer.UserStoryRenderer.drawActivity(UserStoryRenderer.java:38) - JavaFX Application Thread
2026-04-20 14:58:46,659 [ERROR] in JavaFX Application Thread - 	at com.flexganttfx.view.graphics.renderer.ActivityRenderer.draw(ActivityRenderer.java:70) - JavaFX Application Thread
2026-04-20 14:58:46,659 [ERROR] in JavaFX Application Thread - 	at impl.com.flexganttfx.skin.graphics.RowCanvas.drawActivity(RowCanvas.java:772) - JavaFX Application Thread
2026-04-20 14:58:46,659 [ERROR] in JavaFX Application Thread - 	at impl.com.flexganttfx.skin.graphics.RowCanvas.drawLayer(RowCanvas.java:480) - JavaFX Application Thread
2026-04-20 14:58:46,659 [ERROR] in JavaFX Application Thread - 	at impl.com.flexganttfx.skin.graphics.RowCanvas.drawModelLayers(RowCanvas.java:371) - JavaFX Application Thread
2026-04-20 14:58:46,659 [ERROR] in JavaFX Application Thread - 	at impl.com.flexganttfx.skin.graphics.RowCanvas.draw(RowCanvas.java:300) - JavaFX Application Thread
2026-04-20 14:58:46,659 [ERROR] in JavaFX Application Thread - 	at com.flexganttfx.view.graphics.GraphicsBase.lambda$new$23(GraphicsBase.java:635) - JavaFX Application Thread
2026-04-20 14:58:46,659 [ERROR] in JavaFX Application Thread - 	at javafx.scene.Scene$ScenePulseListener.pulse(Scene.java:2728) - JavaFX Application Thread
2026-04-20 14:58:46,660 [ERROR] in JavaFX Application Thread - 	at com.sun.javafx.tk.Toolkit.runPulse(Toolkit.java:382) - JavaFX Application Thread
2026-04-20 14:58:46,660 [ERROR] in JavaFX Application Thread - 	at com.sun.javafx.tk.Toolkit.firePulse(Toolkit.java:407) - JavaFX Application Thread
2026-04-20 14:58:46,660 [ERROR] in JavaFX Application Thread - 	at com.sun.javafx.tk.quantum.QuantumToolkit.pulse(QuantumToolkit.java:601) - JavaFX Application Thread
2026-04-20 14:58:46,660 [ERROR] in JavaFX Application Thread - 	at com.sun.javafx.tk.quantum.QuantumToolkit.pulse(QuantumToolkit.java:581) - JavaFX Application Thread
2026-04-20 14:58:46,660 [ERROR] in JavaFX Application Thread - 	at com.sun.javafx.tk.quantum.QuantumToolkit.pulseFromQueue(QuantumToolkit.java:574) - JavaFX Application Thread
2026-04-20 14:58:46,660 [ERROR] in JavaFX Application Thread - 	at com.sun.javafx.tk.quantum.QuantumToolkit.lambda$runToolkit$0(QuantumToolkit.java:351) - JavaFX Application Thread
2026-04-20 14:58:46,660 [ERROR] in JavaFX Application Thread - 	at com.sun.glass.ui.monocle.RunnableProcessor.runLoop(RunnableProcessor.java:92) - JavaFX Application Thread
2026-04-20 14:58:46,660 [ERROR] in JavaFX Application Thread - 	at com.sun.glass.ui.monocle.RunnableProcessor.run(RunnableProcessor.java:51) - JavaFX Application Thread
2026-04-20 14:58:46,660 [ERROR] in JavaFX Application Thread - 	at java.base/java.lang.Thread.run(Thread.java:1474) - JavaFX Application Thread
2026-04-20 14:58:46,675 [ERROR] in JavaFX Application Thread - Exception in thread "JavaFX Application Thread" java.lang.ClassCastException: class com.flexganttfx.sprint.model.TaskActivity cannot be cast to class com.flexganttfx.sprint.model.UserStory (com.flexganttfx.sprint.model.TaskActivity and com.flexganttfx.sprint.model.UserStory are in unnamed module of loader 'app') - JavaFX Application Thread
2026-04-20 14:58:46,675 [ERROR] in JavaFX Application Thread - 	at com.flexganttfx.sprint.renderer.UserStoryRenderer.drawActivity(UserStoryRenderer.java:38) - JavaFX Application Thread
2026-04-20 14:58:46,675 [ERROR] in JavaFX Application Thread - 	at com.flexganttfx.view.graphics.renderer.ActivityRenderer.draw(ActivityRenderer.java:70) - JavaFX Application Thread
2026-04-20 14:58:46,676 [ERROR] in JavaFX Application Thread - 	at impl.com.flexganttfx.skin.graphics.RowCanvas.drawActivity(RowCanvas.java:772) - JavaFX Application Thread
2026-04-20 14:58:46,676 [ERROR] in JavaFX Application Thread - 	at impl.com.flexganttfx.skin.graphics.RowCanvas.drawLayer(RowCanvas.java:480) - JavaFX Application Thread
2026-04-20 14:58:46,676 [ERROR] in JavaFX Application Thread - 	at impl.com.flexganttfx.skin.graphics.RowCanvas.drawModelLayers(RowCanvas.java:371) - JavaFX Application Thread
2026-04-20 14:58:46,676 [ERROR] in JavaFX Application Thread - 	at impl.com.flexganttfx.skin.graphics.RowCanvas.draw(RowCanvas.java:300) - JavaFX Application Thread
2026-04-20 14:58:46,676 [ERROR] in JavaFX Application Thread - 	at com.flexganttfx.view.graphics.GraphicsBase.lambda$new$23(GraphicsBase.java:635) - JavaFX Application Thread
2026-04-20 14:58:46,676 [ERROR] in JavaFX Application Thread - 	at javafx.scene.Scene$ScenePulseListener.pulse(Scene.java:2728) - JavaFX Application Thread
2026-04-20 14:58:46,676 [ERROR] in JavaFX Application Thread - 	at com.sun.javafx.tk.Toolkit.runPulse(Toolkit.java:382) - JavaFX Application Thread
2026-04-20 14:58:46,676 [ERROR] in JavaFX Application Thread - 	at com.sun.javafx.tk.Toolkit.firePulse(Toolkit.java:407) - JavaFX Application Thread
2026-04-20 14:58:46,676 [ERROR] in JavaFX Application Thread - 	at com.sun.javafx.tk.quantum.QuantumToolkit.pulse(QuantumToolkit.java:601) - JavaFX Application Thread
2026-04-20 14:58:46,676 [ERROR] in JavaFX Application Thread - 	at com.sun.javafx.tk.quantum.QuantumToolkit.pulse(QuantumToolkit.java:581) - JavaFX Application Thread
2026-04-20 14:58:46,676 [ERROR] in JavaFX Application Thread - 	at com.sun.javafx.tk.quantum.QuantumToolkit.pulseFromQueue(QuantumToolkit.java:574) - JavaFX Application Thread
2026-04-20 14:58:46,676 [ERROR] in JavaFX Application Thread - 	at com.sun.javafx.tk.quantum.QuantumToolkit.lambda$runToolkit$0(QuantumToolkit.java:351) - JavaFX Application Thread
2026-04-20 14:58:46,676 [ERROR] in JavaFX Application Thread - 	at com.sun.glass.ui.monocle.RunnableProcessor.runLoop(RunnableProcessor.java:92) - JavaFX Application Thread
2026-04-20 14:58:46,676 [ERROR] in JavaFX Application Thread - 	at com.sun.glass.ui.monocle.RunnableProcessor.run(RunnableProcessor.java:51) - JavaFX Application Thread
2026-04-20 14:58:46,676 [ERROR] in JavaFX Application Thread - 	at java.base/java.lang.Thread.run(Thread.java:1474) - JavaFX Application Thread
2026-04-20 14:58:46,691 [ERROR] in JavaFX Application Thread - Exception in thread "JavaFX Application Thread" java.lang.ClassCastException: class com.flexganttfx.sprint.model.TaskActivity cannot be cast to class com.flexganttfx.sprint.model.UserStory (com.flexganttfx.sprint.model.TaskActivity and com.flexganttfx.sprint.model.UserStory are in unnamed module of loader 'app') - JavaFX Application Thread
2026-04-20 14:58:46,691 [ERROR] in JavaFX Application Thread - 	at com.flexganttfx.sprint.renderer.UserStoryRenderer.drawActivity(UserStoryRenderer.java:38) - JavaFX Application Thread
2026-04-20 14:58:46,691 [ERROR] in JavaFX Application Thread - 	at com.flexganttfx.view.graphics.renderer.ActivityRenderer.draw(ActivityRenderer.java:70) - JavaFX Application Thread
2026-04-20 14:58:46,691 [ERROR] in JavaFX Application Thread - 	at impl.com.flexganttfx.skin.graphics.RowCanvas.drawActivity(RowCanvas.java:772) - JavaFX Application Thread
2026-04-20 14:58:46,691 [ERROR] in JavaFX Application Thread - 	at impl.com.flexganttfx.skin.graphics.RowCanvas.drawLayer(RowCanvas.java:480) - JavaFX Application Thread
2026-04-20 14:58:46,691 [ERROR] in JavaFX Application Thread - 	at impl.com.flexganttfx.skin.graphics.RowCanvas.drawModelLayers(RowCanvas.java:371) - JavaFX Application Thread
2026-04-20 14:58:46,691 [ERROR] in JavaFX Application Thread - 	at impl.com.flexganttfx.skin.graphics.RowCanvas.draw(RowCanvas.java:300) - JavaFX Application Thread
2026-04-20 14:58:46,691 [ERROR] in JavaFX Application Thread - 	at com.flexganttfx.view.graphics.GraphicsBase.lambda$new$23(GraphicsBase.java:635) - JavaFX Application Thread
2026-04-20 14:58:46,691 [ERROR] in JavaFX Application Thread - 	at javafx.scene.Scene$ScenePulseListener.pulse(Scene.java:2728) - JavaFX Application Thread
2026-04-20 14:58:46,692 [ERROR] in JavaFX Application Thread - 	at com.sun.javafx.tk.Toolkit.runPulse(Toolkit.java:382) - JavaFX Application Thread
2026-04-20 14:58:46,692 [ERROR] in JavaFX Application Thread - 	at com.sun.javafx.tk.Toolkit.firePulse(Toolkit.java:407) - JavaFX Application Thread
2026-04-20 14:58:46,692 [ERROR] in JavaFX Application Thread - 	at com.sun.javafx.tk.quantum.QuantumToolkit.pulse(QuantumToolkit.java:601) - JavaFX Application Thread
2026-04-20 14:58:46,692 [ERROR] in JavaFX Application Thread - 	at com.sun.javafx.tk.quantum.QuantumToolkit.pulse(QuantumToolkit.java:581) - JavaFX Application Thread
2026-04-20 14:58:46,692 [ERROR] in JavaFX Application Thread - 	at com.sun.javafx.tk.quantum.QuantumToolkit.pulseFromQueue(QuantumToolkit.java:574) - JavaFX Application Thread
2026-04-20 14:58:46,692 [ERROR] in JavaFX Application Thread - 	at com.sun.javafx.tk.quantum.QuantumToolkit.lambda$runToolkit$0(QuantumToolkit.java:351) - JavaFX Application Thread
2026-04-20 14:58:46,692 [ERROR] in JavaFX Application Thread - 	at com.sun.glass.ui.monocle.RunnableProcessor.runLoop(RunnableProcessor.java:92) - JavaFX Application Thread
2026-04-20 14:58:46,692 [ERROR] in JavaFX Application Thread - 	at com.sun.glass.ui.monocle.RunnableProcessor.run(RunnableProcessor.java:51) - JavaFX Application Thread
2026-04-20 14:58:46,692 [ERROR] in JavaFX Application Thread - 	at java.base/java.lang.Thread.run(Thread.java:1474) - JavaFX Application Thread
2026-04-20 14:58:47,444 [ERROR] in JavaFX Application Thread - Exception in thread "JavaFX Application Thread" java.lang.ClassCastException: class com.flexganttfx.sprint.model.TaskActivity cannot be cast to class com.flexganttfx.sprint.model.UserStory (com.flexganttfx.sprint.model.TaskActivity and com.flexganttfx.sprint.model.UserStory are in unnamed module of loader 'app') - JavaFX Application Thread
2026-04-20 14:58:47,444 [ERROR] in JavaFX Application Thread - 	at com.flexganttfx.sprint.renderer.UserStoryRenderer.drawActivity(UserStoryRenderer.java:38) - JavaFX Application Thread
2026-04-20 14:58:47,444 [ERROR] in JavaFX Application Thread - 	at com.flexganttfx.view.graphics.renderer.ActivityRenderer.draw(ActivityRenderer.java:70) - JavaFX Application Thread
2026-04-20 14:58:47,444 [ERROR] in JavaFX Application Thread - 	at impl.com.flexganttfx.skin.graphics.RowCanvas.drawActivity(RowCanvas.java:772) - JavaFX Application Thread
2026-04-20 14:58:47,444 [ERROR] in JavaFX Application Thread - 	at impl.com.flexganttfx.skin.graphics.RowCanvas.drawLayer(RowCanvas.java:480) - JavaFX Application Thread
2026-04-20 14:58:47,444 [ERROR] in JavaFX Application Thread - 	at impl.com.flexganttfx.skin.graphics.RowCanvas.drawModelLayers(RowCanvas.java:371) - JavaFX Application Thread
2026-04-20 14:58:47,444 [ERROR] in JavaFX Application Thread - 	at impl.com.flexganttfx.skin.graphics.RowCanvas.draw(RowCanvas.java:300) - JavaFX Application Thread
2026-04-20 14:58:47,444 [ERROR] in JavaFX Application Thread - 	at com.flexganttfx.view.graphics.GraphicsBase.lambda$new$23(GraphicsBase.java:635) - JavaFX Application Thread
2026-04-20 14:58:47,444 [ERROR] in JavaFX Application Thread - 	at javafx.scene.Scene$ScenePulseListener.pulse(Scene.java:2728) - JavaFX Application Thread
2026-04-20 14:58:47,444 [ERROR] in JavaFX Application Thread - 	at com.sun.javafx.tk.Toolkit.runPulse(Toolkit.java:382) - JavaFX Application Thread
2026-04-20 14:58:47,444 [ERROR] in JavaFX Application Thread - 	at com.sun.javafx.tk.Toolkit.firePulse(Toolkit.java:407) - JavaFX Application Thread
2026-04-20 14:58:47,444 [ERROR] in JavaFX Application Thread - 	at com.sun.javafx.tk.quantum.QuantumToolkit.pulse(QuantumToolkit.java:601) - JavaFX Application Thread
2026-04-20 14:58:47,444 [ERROR] in JavaFX Application Thread - 	at com.sun.javafx.tk.quantum.QuantumToolkit.pulse(QuantumToolkit.java:581) - JavaFX Application Thread
2026-04-20 14:58:47,444 [ERROR] in JavaFX Application Thread - 	at com.sun.javafx.tk.quantum.QuantumToolkit.pulseFromQueue(QuantumToolkit.java:574) - JavaFX Application Thread
2026-04-20 14:58:47,444 [ERROR] in JavaFX Application Thread - 	at com.sun.javafx.tk.quantum.QuantumToolkit.lambda$runToolkit$0(QuantumToolkit.java:351) - JavaFX Application Thread
2026-04-20 14:58:47,444 [ERROR] in JavaFX Application Thread - 	at com.sun.glass.ui.monocle.RunnableProcessor.runLoop(RunnableProcessor.java:92) - JavaFX Application Thread
2026-04-20 14:58:47,444 [ERROR] in JavaFX Application Thread - 	at com.sun.glass.ui.monocle.RunnableProcessor.run(RunnableProcessor.java:51) - JavaFX Application Thread
2026-04-20 14:58:47,444 [ERROR] in JavaFX Application Thread - 	at java.base/java.lang.Thread.run(Thread.java:1474) - JavaFX Application Thread
2026-04-20 14:58:47,469 [ERROR] in JavaFX Application Thread - Exception in thread "JavaFX Application Thread" java.lang.ClassCastException: class com.flexganttfx.sprint.model.TaskActivity cannot be cast to class com.flexganttfx.sprint.model.UserStory (com.flexganttfx.sprint.model.TaskActivity and com.flexganttfx.sprint.model.UserStory are in unnamed module of loader 'app') - JavaFX Application Thread
2026-04-20 14:58:47,469 [ERROR] in JavaFX Application Thread - 	at com.flexganttfx.sprint.renderer.UserStoryRenderer.drawActivity(UserStoryRenderer.java:38) - JavaFX Application Thread
2026-04-20 14:58:47,469 [ERROR] in JavaFX Application Thread - 	at com.flexganttfx.view.graphics.renderer.ActivityRenderer.draw(ActivityRenderer.java:70) - JavaFX Application Thread
2026-04-20 14:58:47,469 [ERROR] in JavaFX Application Thread - 	at impl.com.flexganttfx.skin.graphics.RowCanvas.drawActivity(RowCanvas.java:772) - JavaFX Application Thread
2026-04-20 14:58:47,469 [ERROR] in JavaFX Application Thread - 	at impl.com.flexganttfx.skin.graphics.RowCanvas.drawLayer(RowCanvas.java:480) - JavaFX Application Thread
2026-04-20 14:58:47,469 [ERROR] in JavaFX Application Thread - 	at impl.com.flexganttfx.skin.graphics.RowCanvas.drawModelLayers(RowCanvas.java:371) - JavaFX Application Thread
2026-04-20 14:58:47,469 [ERROR] in JavaFX Application Thread - 	at impl.com.flexganttfx.skin.graphics.RowCanvas.draw(RowCanvas.java:300) - JavaFX Application Thread
2026-04-20 14:58:47,469 [ERROR] in JavaFX Application Thread - 	at com.flexganttfx.view.graphics.GraphicsBase.lambda$new$23(GraphicsBase.java:635) - JavaFX Application Thread
2026-04-20 14:58:47,469 [ERROR] in JavaFX Application Thread - 	at javafx.scene.Scene$ScenePulseListener.pulse(Scene.java:2728) - JavaFX Application Thread
2026-04-20 14:58:47,469 [ERROR] in JavaFX Application Thread - 	at com.sun.javafx.tk.Toolkit.runPulse(Toolkit.java:382) - JavaFX Application Thread
2026-04-20 14:58:47,469 [ERROR] in JavaFX Application Thread - 	at com.sun.javafx.tk.Toolkit.firePulse(Toolkit.java:407) - JavaFX Application Thread
2026-04-20 14:58:47,469 [ERROR] in JavaFX Application Thread - 	at com.sun.javafx.tk.quantum.QuantumToolkit.pulse(QuantumToolkit.java:601) - JavaFX Application Thread
2026-04-20 14:58:47,469 [ERROR] in JavaFX Application Thread - 	at com.sun.javafx.tk.quantum.QuantumToolkit.pulse(QuantumToolkit.java:581) - JavaFX Application Thread
2026-04-20 14:58:47,469 [ERROR] in JavaFX Application Thread - 	at com.sun.javafx.tk.quantum.QuantumToolkit.pulseFromQueue(QuantumToolkit.java:574) - JavaFX Application Thread
2026-04-20 14:58:47,469 [ERROR] in JavaFX Application Thread - 	at com.sun.javafx.tk.quantum.QuantumToolkit.lambda$runToolkit$0(QuantumToolkit.java:351) - JavaFX Application Thread
2026-04-20 14:58:47,469 [ERROR] in JavaFX Application Thread - 	at com.sun.glass.ui.monocle.RunnableProcessor.runLoop(RunnableProcessor.java:92) - JavaFX Application Thread
2026-04-20 14:58:47,469 [ERROR] in JavaFX Application Thread - 	at com.sun.glass.ui.monocle.RunnableProcessor.run(RunnableProcessor.java:51) - JavaFX Application Thread
2026-04-20 14:58:47,469 [ERROR] in JavaFX Application Thread - 	at java.base/java.lang.Thread.run(Thread.java:1474) - JavaFX Application Thread
2026-04-20 14:58:47,489 [ERROR] in JavaFX Application Thread - Exception in thread "JavaFX Application Thread" java.lang.ClassCastException: class com.flexganttfx.sprint.model.TaskActivity cannot be cast to class com.flexganttfx.sprint.model.UserStory (com.flexganttfx.sprint.model.TaskActivity and com.flexganttfx.sprint.model.UserStory are in unnamed module of loader 'app') - JavaFX Application Thread
2026-04-20 14:58:47,489 [ERROR] in JavaFX Application Thread - 	at com.flexganttfx.sprint.renderer.UserStoryRenderer.drawActivity(UserStoryRenderer.java:38) - JavaFX Application Thread
2026-04-20 14:58:47,489 [ERROR] in JavaFX Application Thread - 	at com.flexganttfx.view.graphics.renderer.ActivityRenderer.draw(ActivityRenderer.java:70) - JavaFX Application Thread
2026-04-20 14:58:47,489 [ERROR] in JavaFX Application Thread - 	at impl.com.flexganttfx.skin.graphics.RowCanvas.drawActivity(RowCanvas.java:772) - JavaFX Application Thread
2026-04-20 14:58:47,489 [ERROR] in JavaFX Application Thread - 	at impl.com.flexganttfx.skin.graphics.RowCanvas.drawLayer(RowCanvas.java:480) - JavaFX Application Thread
2026-04-20 14:58:47,489 [ERROR] in JavaFX Application Thread - 	at impl.com.flexganttfx.skin.graphics.RowCanvas.drawModelLayers(RowCanvas.java:371) - JavaFX Application Thread
2026-04-20 14:58:47,489 [ERROR] in JavaFX Application Thread - 	at impl.com.flexganttfx.skin.graphics.RowCanvas.draw(RowCanvas.java:300) - JavaFX Application Thread
2026-04-20 14:58:47,489 [ERROR] in JavaFX Application Thread - 	at com.flexganttfx.view.graphics.GraphicsBase.lambda$new$23(GraphicsBase.java:635) - JavaFX Application Thread
2026-04-20 14:58:47,489 [ERROR] in JavaFX Application Thread - 	at javafx.scene.Scene$ScenePulseListener.pulse(Scene.java:2728) - JavaFX Application Thread
2026-04-20 14:58:47,489 [ERROR] in JavaFX Application Thread - 	at com.sun.javafx.tk.Toolkit.runPulse(Toolkit.java:382) - JavaFX Application Thread
2026-04-20 14:58:47,489 [ERROR] in JavaFX Application Thread - 	at com.sun.javafx.tk.Toolkit.firePulse(Toolkit.java:407) - JavaFX Application Thread
2026-04-20 14:58:47,489 [ERROR] in JavaFX Application Thread - 	at com.sun.javafx.tk.quantum.QuantumToolkit.pulse(QuantumToolkit.java:601) - JavaFX Application Thread
2026-04-20 14:58:47,489 [ERROR] in JavaFX Application Thread - 	at com.sun.javafx.tk.quantum.QuantumToolkit.pulse(QuantumToolkit.java:581) - JavaFX Application Thread
2026-04-20 14:58:47,489 [ERROR] in JavaFX Application Thread - 	at com.sun.javafx.tk.quantum.QuantumToolkit.pulseFromQueue(QuantumToolkit.java:574) - JavaFX Application Thread
2026-04-20 14:58:47,489 [ERROR] in JavaFX Application Thread - 	at com.sun.javafx.tk.quantum.QuantumToolkit.lambda$runToolkit$0(QuantumToolkit.java:351) - JavaFX Application Thread
2026-04-20 14:58:47,489 [ERROR] in JavaFX Application Thread - 	at com.sun.glass.ui.monocle.RunnableProcessor.runLoop(RunnableProcessor.java:92) - JavaFX Application Thread
2026-04-20 14:58:47,489 [ERROR] in JavaFX Application Thread - 	at com.sun.glass.ui.monocle.RunnableProcessor.run(RunnableProcessor.java:51) - JavaFX Application Thread
2026-04-20 14:58:47,489 [ERROR] in JavaFX Application Thread - 	at java.base/java.lang.Thread.run(Thread.java:1474) - JavaFX Application Thread
2026-04-20 14:58:47,501 [ERROR] in JavaFX Application Thread - Exception in thread "JavaFX Application Thread" java.lang.ClassCastException: class com.flexganttfx.sprint.model.TaskActivity cannot be cast to class com.flexganttfx.sprint.model.UserStory (com.flexganttfx.sprint.model.TaskActivity and com.flexganttfx.sprint.model.UserStory are in unnamed module of loader 'app') - JavaFX Application Thread
2026-04-20 14:58:47,501 [ERROR] in JavaFX Application Thread - 	at com.flexganttfx.sprint.renderer.UserStoryRenderer.drawActivity(UserStoryRenderer.java:38) - JavaFX Application Thread
2026-04-20 14:58:47,501 [ERROR] in JavaFX Application Thread - 	at com.flexganttfx.view.graphics.renderer.ActivityRenderer.draw(ActivityRenderer.java:70) - JavaFX Application Thread
2026-04-20 14:58:47,501 [ERROR] in JavaFX Application Thread - 	at impl.com.flexganttfx.skin.graphics.RowCanvas.drawActivity(RowCanvas.java:772) - JavaFX Application Thread
2026-04-20 14:58:47,501 [ERROR] in JavaFX Application Thread - 	at impl.com.flexganttfx.skin.graphics.RowCanvas.drawLayer(RowCanvas.java:480) - JavaFX Application Thread
2026-04-20 14:58:47,501 [ERROR] in JavaFX Application Thread - 	at impl.com.flexganttfx.skin.graphics.RowCanvas.drawModelLayers(RowCanvas.java:371) - JavaFX Application Thread
2026-04-20 14:58:47,501 [ERROR] in JavaFX Application Thread - 	at impl.com.flexganttfx.skin.graphics.RowCanvas.draw(RowCanvas.java:300) - JavaFX Application Thread
2026-04-20 14:58:47,501 [ERROR] in JavaFX Application Thread - 	at com.flexganttfx.view.graphics.GraphicsBase.lambda$new$23(GraphicsBase.java:635) - JavaFX Application Thread
2026-04-20 14:58:47,501 [ERROR] in JavaFX Application Thread - 	at javafx.scene.Scene$ScenePulseListener.pulse(Scene.java:2728) - JavaFX Application Thread
2026-04-20 14:58:47,501 [ERROR] in JavaFX Application Thread - 	at com.sun.javafx.tk.Toolkit.runPulse(Toolkit.java:382) - JavaFX Application Thread
2026-04-20 14:58:47,501 [ERROR] in JavaFX Application Thread - 	at com.sun.javafx.tk.Toolkit.firePulse(Toolkit.java:407) - JavaFX Application Thread
2026-04-20 14:58:47,501 [ERROR] in JavaFX Application Thread - 	at com.sun.javafx.tk.quantum.QuantumToolkit.pulse(QuantumToolkit.java:601) - JavaFX Application Thread
2026-04-20 14:58:47,501 [ERROR] in JavaFX Application Thread - 	at com.sun.javafx.tk.quantum.QuantumToolkit.pulse(QuantumToolkit.java:581) - JavaFX Application Thread
2026-04-20 14:58:47,501 [ERROR] in JavaFX Application Thread - 	at com.sun.javafx.tk.quantum.QuantumToolkit.pulseFromQueue(QuantumToolkit.java:574) - JavaFX Application Thread
2026-04-20 14:58:47,501 [ERROR] in JavaFX Application Thread - 	at com.sun.javafx.tk.quantum.QuantumToolkit.lambda$runToolkit$0(QuantumToolkit.java:351) - JavaFX Application Thread
2026-04-20 14:58:47,501 [ERROR] in JavaFX Application Thread - 	at com.sun.glass.ui.monocle.RunnableProcessor.runLoop(RunnableProcessor.java:92) - JavaFX Application Thread
2026-04-20 14:58:47,501 [ERROR] in JavaFX Application Thread - 	at com.sun.glass.ui.monocle.RunnableProcessor.run(RunnableProcessor.java:51) - JavaFX Application Thread
2026-04-20 14:58:47,501 [ERROR] in JavaFX Application Thread - 	at java.base/java.lang.Thread.run(Thread.java:1474) - JavaFX Application Thread
2026-04-20 14:58:47,520 [ERROR] in JavaFX Application Thread - Exception in thread "JavaFX Application Thread" java.lang.ClassCastException: class com.flexganttfx.sprint.model.TaskActivity cannot be cast to class com.flexganttfx.sprint.model.UserStory (com.flexganttfx.sprint.model.TaskActivity and com.flexganttfx.sprint.model.UserStory are in unnamed module of loader 'app') - JavaFX Application Thread
2026-04-20 14:58:47,520 [ERROR] in JavaFX Application Thread - 	at com.flexganttfx.sprint.renderer.UserStoryRenderer.drawActivity(UserStoryRenderer.java:38) - JavaFX Application Thread
2026-04-20 14:58:47,520 [ERROR] in JavaFX Application Thread - 	at com.flexganttfx.view.graphics.renderer.ActivityRenderer.draw(ActivityRenderer.java:70) - JavaFX Application Thread
2026-04-20 14:58:47,520 [ERROR] in JavaFX Application Thread - 	at impl.com.flexganttfx.skin.graphics.RowCanvas.drawActivity(RowCanvas.java:772) - JavaFX Application Thread
2026-04-20 14:58:47,520 [ERROR] in JavaFX Application Thread - 	at impl.com.flexganttfx.skin.graphics.RowCanvas.drawLayer(RowCanvas.java:480) - JavaFX Application Thread
2026-04-20 14:58:47,520 [ERROR] in JavaFX Application Thread - 	at impl.com.flexganttfx.skin.graphics.RowCanvas.drawModelLayers(RowCanvas.java:371) - JavaFX Application Thread
2026-04-20 14:58:47,520 [ERROR] in JavaFX Application Thread - 	at impl.com.flexganttfx.skin.graphics.RowCanvas.draw(RowCanvas.java:300) - JavaFX Application Thread
2026-04-20 14:58:47,520 [ERROR] in JavaFX Application Thread - 	at com.flexganttfx.view.graphics.GraphicsBase.lambda$new$23(GraphicsBase.java:635) - JavaFX Application Thread
2026-04-20 14:58:47,520 [ERROR] in JavaFX Application Thread - 	at javafx.scene.Scene$ScenePulseListener.pulse(Scene.java:2728) - JavaFX Application Thread
2026-04-20 14:58:47,520 [ERROR] in JavaFX Application Thread - 	at com.sun.javafx.tk.Toolkit.runPulse(Toolkit.java:382) - JavaFX Application Thread
2026-04-20 14:58:47,520 [ERROR] in JavaFX Application Thread - 	at com.sun.javafx.tk.Toolkit.firePulse(Toolkit.java:407) - JavaFX Application Thread
2026-04-20 14:58:47,520 [ERROR] in JavaFX Application Thread - 	at com.sun.javafx.tk.quantum.QuantumToolkit.pulse(QuantumToolkit.java:601) - JavaFX Application Thread
2026-04-20 14:58:47,520 [ERROR] in JavaFX Application Thread - 	at com.sun.javafx.tk.quantum.QuantumToolkit.pulse(QuantumToolkit.java:581) - JavaFX Application Thread
2026-04-20 14:58:47,520 [ERROR] in JavaFX Application Thread - 	at com.sun.javafx.tk.quantum.QuantumToolkit.pulseFromQueue(QuantumToolkit.java:574) - JavaFX Application Thread
2026-04-20 14:58:47,520 [ERROR] in JavaFX Application Thread - 	at com.sun.javafx.tk.quantum.QuantumToolkit.lambda$runToolkit$0(QuantumToolkit.java:351) - JavaFX Application Thread
2026-04-20 14:58:47,520 [ERROR] in JavaFX Application Thread - 	at com.sun.glass.ui.monocle.RunnableProcessor.runLoop(RunnableProcessor.java:92) - JavaFX Application Thread
2026-04-20 14:58:47,520 [ERROR] in JavaFX Application Thread - 	at com.sun.glass.ui.monocle.RunnableProcessor.run(RunnableProcessor.java:51) - JavaFX Application Thread
2026-04-20 14:58:47,520 [ERROR] in JavaFX Application Thread - 	at java.base/java.lang.Thread.run(Thread.java:1474) - JavaFX Application Thread
2026-04-20 14:58:47,539 [ERROR] in JavaFX Application Thread - Exception in thread "JavaFX Application Thread" java.lang.ClassCastException: class com.flexganttfx.sprint.model.TaskActivity cannot be cast to class com.flexganttfx.sprint.model.UserStory (com.flexganttfx.sprint.model.TaskActivity and com.flexganttfx.sprint.model.UserStory are in unnamed module of loader 'app') - JavaFX Application Thread
2026-04-20 14:58:47,539 [ERROR] in JavaFX Application Thread - 	at com.flexganttfx.sprint.renderer.UserStoryRenderer.drawActivity(UserStoryRenderer.java:38) - JavaFX Application Thread
2026-04-20 14:58:47,539 [ERROR] in JavaFX Application Thread - 	at com.flexganttfx.view.graphics.renderer.ActivityRenderer.draw(ActivityRenderer.java:70) - JavaFX Application Thread
2026-04-20 14:58:47,539 [ERROR] in JavaFX Application Thread - 	at impl.com.flexganttfx.skin.graphics.RowCanvas.drawActivity(RowCanvas.java:772) - JavaFX Application Thread
2026-04-20 14:58:47,539 [ERROR] in JavaFX Application Thread - 	at impl.com.flexganttfx.skin.graphics.RowCanvas.drawLayer(RowCanvas.java:480) - JavaFX Application Thread
2026-04-20 14:58:47,539 [ERROR] in JavaFX Application Thread - 	at impl.com.flexganttfx.skin.graphics.RowCanvas.drawModelLayers(RowCanvas.java:371) - JavaFX Application Thread
2026-04-20 14:58:47,539 [ERROR] in JavaFX Application Thread - 	at impl.com.flexganttfx.skin.graphics.RowCanvas.draw(RowCanvas.java:300) - JavaFX Application Thread
2026-04-20 14:58:47,539 [ERROR] in JavaFX Application Thread - 	at com.flexganttfx.view.graphics.GraphicsBase.lambda$new$23(GraphicsBase.java:635) - JavaFX Application Thread
2026-04-20 14:58:47,539 [ERROR] in JavaFX Application Thread - 	at javafx.scene.Scene$ScenePulseListener.pulse(Scene.java:2728) - JavaFX Application Thread
2026-04-20 14:58:47,539 [ERROR] in JavaFX Application Thread - 	at com.sun.javafx.tk.Toolkit.runPulse(Toolkit.java:382) - JavaFX Application Thread
2026-04-20 14:58:47,539 [ERROR] in JavaFX Application Thread - 	at com.sun.javafx.tk.Toolkit.firePulse(Toolkit.java:407) - JavaFX Application Thread
2026-04-20 14:58:47,539 [ERROR] in JavaFX Application Thread - 	at com.sun.javafx.tk.quantum.QuantumToolkit.pulse(QuantumToolkit.java:601) - JavaFX Application Thread
2026-04-20 14:58:47,539 [ERROR] in JavaFX Application Thread - 	at com.sun.javafx.tk.quantum.QuantumToolkit.pulse(QuantumToolkit.java:581) - JavaFX Application Thread
2026-04-20 14:58:47,539 [ERROR] in JavaFX Application Thread - 	at com.sun.javafx.tk.quantum.QuantumToolkit.pulseFromQueue(QuantumToolkit.java:574) - JavaFX Application Thread
2026-04-20 14:58:47,539 [ERROR] in JavaFX Application Thread - 	at com.sun.javafx.tk.quantum.QuantumToolkit.lambda$runToolkit$0(QuantumToolkit.java:351) - JavaFX Application Thread
2026-04-20 14:58:47,539 [ERROR] in JavaFX Application Thread - 	at com.sun.glass.ui.monocle.RunnableProcessor.runLoop(RunnableProcessor.java:92) - JavaFX Application Thread
2026-04-20 14:58:47,539 [ERROR] in JavaFX Application Thread - 	at com.sun.glass.ui.monocle.RunnableProcessor.run(RunnableProcessor.java:51) - JavaFX Application Thread
2026-04-20 14:58:47,539 [ERROR] in JavaFX Application Thread - 	at java.base/java.lang.Thread.run(Thread.java:1474) - JavaFX Application Thread
2026-04-20 14:58:47,570 [ERROR] in JavaFX Application Thread - Exception in thread "JavaFX Application Thread" java.lang.ClassCastException: class com.flexganttfx.sprint.model.TaskActivity cannot be cast to class com.flexganttfx.sprint.model.UserStory (com.flexganttfx.sprint.model.TaskActivity and com.flexganttfx.sprint.model.UserStory are in unnamed module of loader 'app') - JavaFX Application Thread
2026-04-20 14:58:47,570 [ERROR] in JavaFX Application Thread - 	at com.flexganttfx.sprint.renderer.UserStoryRenderer.drawActivity(UserStoryRenderer.java:38) - JavaFX Application Thread
2026-04-20 14:58:47,570 [ERROR] in JavaFX Application Thread - 	at com.flexganttfx.view.graphics.renderer.ActivityRenderer.draw(ActivityRenderer.java:70) - JavaFX Application Thread
2026-04-20 14:58:47,570 [ERROR] in JavaFX Application Thread - 	at impl.com.flexganttfx.skin.graphics.RowCanvas.drawActivity(RowCanvas.java:772) - JavaFX Application Thread
2026-04-20 14:58:47,570 [ERROR] in JavaFX Application Thread - 	at impl.com.flexganttfx.skin.graphics.RowCanvas.drawLayer(RowCanvas.java:480) - JavaFX Application Thread
2026-04-20 14:58:47,570 [ERROR] in JavaFX Application Thread - 	at impl.com.flexganttfx.skin.graphics.RowCanvas.drawModelLayers(RowCanvas.java:371) - JavaFX Application Thread
2026-04-20 14:58:47,570 [ERROR] in JavaFX Application Thread - 	at impl.com.flexganttfx.skin.graphics.RowCanvas.draw(RowCanvas.java:300) - JavaFX Application Thread
2026-04-20 14:58:47,571 [ERROR] in JavaFX Application Thread - 	at com.flexganttfx.view.graphics.GraphicsBase.lambda$new$23(GraphicsBase.java:635) - JavaFX Application Thread
2026-04-20 14:58:47,571 [ERROR] in JavaFX Application Thread - 	at javafx.scene.Scene$ScenePulseListener.pulse(Scene.java:2728) - JavaFX Application Thread
2026-04-20 14:58:47,571 [ERROR] in JavaFX Application Thread - 	at com.sun.javafx.tk.Toolkit.runPulse(Toolkit.java:382) - JavaFX Application Thread
2026-04-20 14:58:47,571 [ERROR] in JavaFX Application Thread - 	at com.sun.javafx.tk.Toolkit.firePulse(Toolkit.java:407) - JavaFX Application Thread
2026-04-20 14:58:47,571 [ERROR] in JavaFX Application Thread - 	at com.sun.javafx.tk.quantum.QuantumToolkit.pulse(QuantumToolkit.java:601) - JavaFX Application Thread
2026-04-20 14:58:47,571 [ERROR] in JavaFX Application Thread - 	at com.sun.javafx.tk.quantum.QuantumToolkit.pulse(QuantumToolkit.java:581) - JavaFX Application Thread
2026-04-20 14:58:47,571 [ERROR] in JavaFX Application Thread - 	at com.sun.javafx.tk.quantum.QuantumToolkit.pulseFromQueue(QuantumToolkit.java:574) - JavaFX Application Thread
2026-04-20 14:58:47,571 [ERROR] in JavaFX Application Thread - 	at com.sun.javafx.tk.quantum.QuantumToolkit.lambda$runToolkit$0(QuantumToolkit.java:351) - JavaFX Application Thread
2026-04-20 14:58:47,571 [ERROR] in JavaFX Application Thread - 	at com.sun.glass.ui.monocle.RunnableProcessor.runLoop(RunnableProcessor.java:92) - JavaFX Application Thread
2026-04-20 14:58:47,571 [ERROR] in JavaFX Application Thread - 	at com.sun.glass.ui.monocle.RunnableProcessor.run(RunnableProcessor.java:51) - JavaFX Application Thread
2026-04-20 14:58:47,571 [ERROR] in JavaFX Application Thread - 	at java.base/java.lang.Thread.run(Thread.java:1474) - JavaFX Application Thread
2026-04-20 14:58:47,586 [ERROR] in JavaFX Application Thread - Exception in thread "JavaFX Application Thread" java.lang.ClassCastException: class com.flexganttfx.sprint.model.TaskActivity cannot be cast to class com.flexganttfx.sprint.model.UserStory (com.flexganttfx.sprint.model.TaskActivity and com.flexganttfx.sprint.model.UserStory are in unnamed module of loader 'app') - JavaFX Application Thread
2026-04-20 14:58:47,586 [ERROR] in JavaFX Application Thread - 	at com.flexganttfx.sprint.renderer.UserStoryRenderer.drawActivity(UserStoryRenderer.java:38) - JavaFX Application Thread
2026-04-20 14:58:47,586 [ERROR] in JavaFX Application Thread - 	at com.flexganttfx.view.graphics.renderer.ActivityRenderer.draw(ActivityRenderer.java:70) - JavaFX Application Thread
2026-04-20 14:58:47,586 [ERROR] in JavaFX Application Thread - 	at impl.com.flexganttfx.skin.graphics.RowCanvas.drawActivity(RowCanvas.java:772) - JavaFX Application Thread
2026-04-20 14:58:47,586 [ERROR] in JavaFX Application Thread - 	at impl.com.flexganttfx.skin.graphics.RowCanvas.drawLayer(RowCanvas.java:480) - JavaFX Application Thread
2026-04-20 14:58:47,586 [ERROR] in JavaFX Application Thread - 	at impl.com.flexganttfx.skin.graphics.RowCanvas.drawModelLayers(RowCanvas.java:371) - JavaFX Application Thread
2026-04-20 14:58:47,586 [ERROR] in JavaFX Application Thread - 	at impl.com.flexganttfx.skin.graphics.RowCanvas.draw(RowCanvas.java:300) - JavaFX Application Thread
2026-04-20 14:58:47,586 [ERROR] in JavaFX Application Thread - 	at com.flexganttfx.view.graphics.GraphicsBase.lambda$new$23(GraphicsBase.java:635) - JavaFX Application Thread
2026-04-20 14:58:47,586 [ERROR] in JavaFX Application Thread - 	at javafx.scene.Scene$ScenePulseListener.pulse(Scene.java:2728) - JavaFX Application Thread
2026-04-20 14:58:47,586 [ERROR] in JavaFX Application Thread - 	at com.sun.javafx.tk.Toolkit.runPulse(Toolkit.java:382) - JavaFX Application Thread
2026-04-20 14:58:47,586 [ERROR] in JavaFX Application Thread - 	at com.sun.javafx.tk.Toolkit.firePulse(Toolkit.java:407) - JavaFX Application Thread
2026-04-20 14:58:47,586 [ERROR] in JavaFX Application Thread - 	at com.sun.javafx.tk.quantum.QuantumToolkit.pulse(QuantumToolkit.java:601) - JavaFX Application Thread
2026-04-20 14:58:47,586 [ERROR] in JavaFX Application Thread - 	at com.sun.javafx.tk.quantum.QuantumToolkit.pulse(QuantumToolkit.java:581) - JavaFX Application Thread
2026-04-20 14:58:47,586 [ERROR] in JavaFX Application Thread - 	at com.sun.javafx.tk.quantum.QuantumToolkit.pulseFromQueue(QuantumToolkit.java:574) - JavaFX Application Thread
2026-04-20 14:58:47,586 [ERROR] in JavaFX Application Thread - 	at com.sun.javafx.tk.quantum.QuantumToolkit.lambda$runToolkit$0(QuantumToolkit.java:351) - JavaFX Application Thread
2026-04-20 14:58:47,586 [ERROR] in JavaFX Application Thread - 	at com.sun.glass.ui.monocle.RunnableProcessor.runLoop(RunnableProcessor.java:92) - JavaFX Application Thread
2026-04-20 14:58:47,586 [ERROR] in JavaFX Application Thread - 	at com.sun.glass.ui.monocle.RunnableProcessor.run(RunnableProcessor.java:51) - JavaFX Application Thread
2026-04-20 14:58:47,586 [ERROR] in JavaFX Application Thread - 	at java.base/java.lang.Thread.run(Thread.java:1474) - JavaFX Application Thread
2026-04-20 14:58:47,593 [ERROR] in JavaFX Application Thread - Exception in thread "JavaFX Application Thread" java.lang.ClassCastException: class com.flexganttfx.sprint.model.TaskActivity cannot be cast to class com.flexganttfx.sprint.model.UserStory (com.flexganttfx.sprint.model.TaskActivity and com.flexganttfx.sprint.model.UserStory are in unnamed module of loader 'app') - JavaFX Application Thread
2026-04-20 14:58:47,593 [ERROR] in JavaFX Application Thread - 	at com.flexganttfx.sprint.renderer.UserStoryRenderer.drawActivity(UserStoryRenderer.java:38) - JavaFX Application Thread
2026-04-20 14:58:47,593 [ERROR] in JavaFX Application Thread - 	at com.flexganttfx.view.graphics.renderer.ActivityRenderer.draw(ActivityRenderer.java:70) - JavaFX Application Thread
2026-04-20 14:58:47,593 [ERROR] in JavaFX Application Thread - 	at impl.com.flexganttfx.skin.graphics.RowCanvas.drawActivity(RowCanvas.java:772) - JavaFX Application Thread
2026-04-20 14:58:47,593 [ERROR] in JavaFX Application Thread - 	at impl.com.flexganttfx.skin.graphics.RowCanvas.drawLayer(RowCanvas.java:480) - JavaFX Application Thread
2026-04-20 14:58:47,593 [ERROR] in JavaFX Application Thread - 	at impl.com.flexganttfx.skin.graphics.RowCanvas.drawModelLayers(RowCanvas.java:371) - JavaFX Application Thread
2026-04-20 14:58:47,593 [ERROR] in JavaFX Application Thread - 	at impl.com.flexganttfx.skin.graphics.RowCanvas.draw(RowCanvas.java:300) - JavaFX Application Thread
2026-04-20 14:58:47,593 [ERROR] in JavaFX Application Thread - 	at com.flexganttfx.view.graphics.GraphicsBase.lambda$new$23(GraphicsBase.java:635) - JavaFX Application Thread
2026-04-20 14:58:47,593 [ERROR] in JavaFX Application Thread - 	at javafx.scene.Scene$ScenePulseListener.pulse(Scene.java:2728) - JavaFX Application Thread
2026-04-20 14:58:47,593 [ERROR] in JavaFX Application Thread - 	at com.sun.javafx.tk.Toolkit.runPulse(Toolkit.java:382) - JavaFX Application Thread
2026-04-20 14:58:47,593 [ERROR] in JavaFX Application Thread - 	at com.sun.javafx.tk.Toolkit.firePulse(Toolkit.java:407) - JavaFX Application Thread
2026-04-20 14:58:47,593 [ERROR] in JavaFX Application Thread - 	at com.sun.javafx.tk.quantum.QuantumToolkit.pulse(QuantumToolkit.java:601) - JavaFX Application Thread
2026-04-20 14:58:47,593 [ERROR] in JavaFX Application Thread - 	at com.sun.javafx.tk.quantum.QuantumToolkit.pulse(QuantumToolkit.java:581) - JavaFX Application Thread
2026-04-20 14:58:47,593 [ERROR] in JavaFX Application Thread - 	at com.sun.javafx.tk.quantum.QuantumToolkit.pulseFromQueue(QuantumToolkit.java:574) - JavaFX Application Thread
2026-04-20 14:58:47,593 [ERROR] in JavaFX Application Thread - 	at com.sun.javafx.tk.quantum.QuantumToolkit.lambda$runToolkit$0(QuantumToolkit.java:351) - JavaFX Application Thread
2026-04-20 14:58:47,593 [ERROR] in JavaFX Application Thread - 	at com.sun.glass.ui.monocle.RunnableProcessor.runLoop(RunnableProcessor.java:92) - JavaFX Application Thread
2026-04-20 14:58:47,593 [ERROR] in JavaFX Application Thread - 	at com.sun.glass.ui.monocle.RunnableProcessor.run(RunnableProcessor.java:51) - JavaFX Application Thread
2026-04-20 14:58:47,593 [ERROR] in JavaFX Application Thread - 	at java.base/java.lang.Thread.run(Thread.java:1474) - JavaFX Application Thread
2026-04-20 14:58:47,611 [ERROR] in JavaFX Application Thread - Exception in thread "JavaFX Application Thread" java.lang.ClassCastException: class com.flexganttfx.sprint.model.TaskActivity cannot be cast to class com.flexganttfx.sprint.model.UserStory (com.flexganttfx.sprint.model.TaskActivity and com.flexganttfx.sprint.model.UserStory are in unnamed module of loader 'app') - JavaFX Application Thread
2026-04-20 14:58:47,611 [ERROR] in JavaFX Application Thread - 	at com.flexganttfx.sprint.renderer.UserStoryRenderer.drawActivity(UserStoryRenderer.java:38) - JavaFX Application Thread
2026-04-20 14:58:47,611 [ERROR] in JavaFX Application Thread - 	at com.flexganttfx.view.graphics.renderer.ActivityRenderer.draw(ActivityRenderer.java:70) - JavaFX Application Thread
2026-04-20 14:58:47,611 [ERROR] in JavaFX Application Thread - 	at impl.com.flexganttfx.skin.graphics.RowCanvas.drawActivity(RowCanvas.java:772) - JavaFX Application Thread
2026-04-20 14:58:47,611 [ERROR] in JavaFX Application Thread - 	at impl.com.flexganttfx.skin.graphics.RowCanvas.drawLayer(RowCanvas.java:480) - JavaFX Application Thread
2026-04-20 14:58:47,611 [ERROR] in JavaFX Application Thread - 	at impl.com.flexganttfx.skin.graphics.RowCanvas.drawModelLayers(RowCanvas.java:371) - JavaFX Application Thread
2026-04-20 14:58:47,611 [ERROR] in JavaFX Application Thread - 	at impl.com.flexganttfx.skin.graphics.RowCanvas.draw(RowCanvas.java:300) - JavaFX Application Thread
2026-04-20 14:58:47,611 [ERROR] in JavaFX Application Thread - 	at com.flexganttfx.view.graphics.GraphicsBase.lambda$new$23(GraphicsBase.java:635) - JavaFX Application Thread
2026-04-20 14:58:47,611 [ERROR] in JavaFX Application Thread - 	at javafx.scene.Scene$ScenePulseListener.pulse(Scene.java:2728) - JavaFX Application Thread
2026-04-20 14:58:47,611 [ERROR] in JavaFX Application Thread - 	at com.sun.javafx.tk.Toolkit.runPulse(Toolkit.java:382) - JavaFX Application Thread
2026-04-20 14:58:47,611 [ERROR] in JavaFX Application Thread - 	at com.sun.javafx.tk.Toolkit.firePulse(Toolkit.java:407) - JavaFX Application Thread
2026-04-20 14:58:47,611 [ERROR] in JavaFX Application Thread - 	at com.sun.javafx.tk.quantum.QuantumToolkit.pulse(QuantumToolkit.java:601) - JavaFX Application Thread
2026-04-20 14:58:47,611 [ERROR] in JavaFX Application Thread - 	at com.sun.javafx.tk.quantum.QuantumToolkit.pulse(QuantumToolkit.java:581) - JavaFX Application Thread
2026-04-20 14:58:47,611 [ERROR] in JavaFX Application Thread - 	at com.sun.javafx.tk.quantum.QuantumToolkit.pulseFromQueue(QuantumToolkit.java:574) - JavaFX Application Thread
2026-04-20 14:58:47,611 [ERROR] in JavaFX Application Thread - 	at com.sun.javafx.tk.quantum.QuantumToolkit.lambda$runToolkit$0(QuantumToolkit.java:351) - JavaFX Application Thread
2026-04-20 14:58:47,611 [ERROR] in JavaFX Application Thread - 	at com.sun.glass.ui.monocle.RunnableProcessor.runLoop(RunnableProcessor.java:92) - JavaFX Application Thread
2026-04-20 14:58:47,611 [ERROR] in JavaFX Application Thread - 	at com.sun.glass.ui.monocle.RunnableProcessor.run(RunnableProcessor.java:51) - JavaFX Application Thread
2026-04-20 14:58:47,611 [ERROR] in JavaFX Application Thread - 	at java.base/java.lang.Thread.run(Thread.java:1474) - JavaFX Application Thread
2026-04-20 14:58:47,624 [ERROR] in JavaFX Application Thread - Exception in thread "JavaFX Application Thread" java.lang.ClassCastException: class com.flexganttfx.sprint.model.TaskActivity cannot be cast to class com.flexganttfx.sprint.model.UserStory (com.flexganttfx.sprint.model.TaskActivity and com.flexganttfx.sprint.model.UserStory are in unnamed module of loader 'app') - JavaFX Application Thread
2026-04-20 14:58:47,624 [ERROR] in JavaFX Application Thread - 	at com.flexganttfx.sprint.renderer.UserStoryRenderer.drawActivity(UserStoryRenderer.java:38) - JavaFX Application Thread
2026-04-20 14:58:47,624 [ERROR] in JavaFX Application Thread - 	at com.flexganttfx.view.graphics.renderer.ActivityRenderer.draw(ActivityRenderer.java:70) - JavaFX Application Thread
2026-04-20 14:58:47,624 [ERROR] in JavaFX Application Thread - 	at impl.com.flexganttfx.skin.graphics.RowCanvas.drawActivity(RowCanvas.java:772) - JavaFX Application Thread
2026-04-20 14:58:47,624 [ERROR] in JavaFX Application Thread - 	at impl.com.flexganttfx.skin.graphics.RowCanvas.drawLayer(RowCanvas.java:480) - JavaFX Application Thread
2026-04-20 14:58:47,624 [ERROR] in JavaFX Application Thread - 	at impl.com.flexganttfx.skin.graphics.RowCanvas.drawModelLayers(RowCanvas.java:371) - JavaFX Application Thread
2026-04-20 14:58:47,624 [ERROR] in JavaFX Application Thread - 	at impl.com.flexganttfx.skin.graphics.RowCanvas.draw(RowCanvas.java:300) - JavaFX Application Thread
2026-04-20 14:58:47,624 [ERROR] in JavaFX Application Thread - 	at com.flexganttfx.view.graphics.GraphicsBase.lambda$new$23(GraphicsBase.java:635) - JavaFX Application Thread
2026-04-20 14:58:47,624 [ERROR] in JavaFX Application Thread - 	at javafx.scene.Scene$ScenePulseListener.pulse(Scene.java:2728) - JavaFX Application Thread
2026-04-20 14:58:47,624 [ERROR] in JavaFX Application Thread - 	at com.sun.javafx.tk.Toolkit.runPulse(Toolkit.java:382) - JavaFX Application Thread
2026-04-20 14:58:47,624 [ERROR] in JavaFX Application Thread - 	at com.sun.javafx.tk.Toolkit.firePulse(Toolkit.java:407) - JavaFX Application Thread
2026-04-20 14:58:47,624 [ERROR] in JavaFX Application Thread - 	at com.sun.javafx.tk.quantum.QuantumToolkit.pulse(QuantumToolkit.java:601) - JavaFX Application Thread
2026-04-20 14:58:47,624 [ERROR] in JavaFX Application Thread - 	at com.sun.javafx.tk.quantum.QuantumToolkit.pulse(QuantumToolkit.java:581) - JavaFX Application Thread
2026-04-20 14:58:47,624 [ERROR] in JavaFX Application Thread - 	at com.sun.javafx.tk.quantum.QuantumToolkit.pulseFromQueue(QuantumToolkit.java:574) - JavaFX Application Thread
2026-04-20 14:58:47,624 [ERROR] in JavaFX Application Thread - 	at com.sun.javafx.tk.quantum.QuantumToolkit.lambda$runToolkit$0(QuantumToolkit.java:351) - JavaFX Application Thread
2026-04-20 14:58:47,624 [ERROR] in JavaFX Application Thread - 	at com.sun.glass.ui.monocle.RunnableProcessor.runLoop(RunnableProcessor.java:92) - JavaFX Application Thread
2026-04-20 14:58:47,624 [ERROR] in JavaFX Application Thread - 	at com.sun.glass.ui.monocle.RunnableProcessor.run(RunnableProcessor.java:51) - JavaFX Application Thread
2026-04-20 14:58:47,625 [ERROR] in JavaFX Application Thread - 	at java.base/java.lang.Thread.run(Thread.java:1474) - JavaFX Application Thread
2026-04-20 14:58:47,635 [ERROR] in JavaFX Application Thread - Exception in thread "JavaFX Application Thread" java.lang.ClassCastException: class com.flexganttfx.sprint.model.TaskActivity cannot be cast to class com.flexganttfx.sprint.model.UserStory (com.flexganttfx.sprint.model.TaskActivity and com.flexganttfx.sprint.model.UserStory are in unnamed module of loader 'app') - JavaFX Application Thread
2026-04-20 14:58:47,635 [ERROR] in JavaFX Application Thread - 	at com.flexganttfx.sprint.renderer.UserStoryRenderer.drawActivity(UserStoryRenderer.java:38) - JavaFX Application Thread
2026-04-20 14:58:47,635 [ERROR] in JavaFX Application Thread - 	at com.flexganttfx.view.graphics.renderer.ActivityRenderer.draw(ActivityRenderer.java:70) - JavaFX Application Thread
2026-04-20 14:58:47,635 [ERROR] in JavaFX Application Thread - 	at impl.com.flexganttfx.skin.graphics.RowCanvas.drawActivity(RowCanvas.java:772) - JavaFX Application Thread
2026-04-20 14:58:47,635 [ERROR] in JavaFX Application Thread - 	at impl.com.flexganttfx.skin.graphics.RowCanvas.drawLayer(RowCanvas.java:480) - JavaFX Application Thread
2026-04-20 14:58:47,635 [ERROR] in JavaFX Application Thread - 	at impl.com.flexganttfx.skin.graphics.RowCanvas.drawModelLayers(RowCanvas.java:371) - JavaFX Application Thread
2026-04-20 14:58:47,635 [ERROR] in JavaFX Application Thread - 	at impl.com.flexganttfx.skin.graphics.RowCanvas.draw(RowCanvas.java:300) - JavaFX Application Thread
2026-04-20 14:58:47,636 [ERROR] in JavaFX Application Thread - 	at com.flexganttfx.view.graphics.GraphicsBase.lambda$new$23(GraphicsBase.java:635) - JavaFX Application Thread
2026-04-20 14:58:47,636 [ERROR] in JavaFX Application Thread - 	at javafx.scene.Scene$ScenePulseListener.pulse(Scene.java:2728) - JavaFX Application Thread
2026-04-20 14:58:47,636 [ERROR] in JavaFX Application Thread - 	at com.sun.javafx.tk.Toolkit.runPulse(Toolkit.java:382) - JavaFX Application Thread
2026-04-20 14:58:47,636 [ERROR] in JavaFX Application Thread - 	at com.sun.javafx.tk.Toolkit.firePulse(Toolkit.java:407) - JavaFX Application Thread
2026-04-20 14:58:47,636 [ERROR] in JavaFX Application Thread - 	at com.sun.javafx.tk.quantum.QuantumToolkit.pulse(QuantumToolkit.java:601) - JavaFX Application Thread
2026-04-20 14:58:47,636 [ERROR] in JavaFX Application Thread - 	at com.sun.javafx.tk.quantum.QuantumToolkit.pulse(QuantumToolkit.java:581) - JavaFX Application Thread
2026-04-20 14:58:47,636 [ERROR] in JavaFX Application Thread - 	at com.sun.javafx.tk.quantum.QuantumToolkit.pulseFromQueue(QuantumToolkit.java:574) - JavaFX Application Thread
2026-04-20 14:58:47,636 [ERROR] in JavaFX Application Thread - 	at com.sun.javafx.tk.quantum.QuantumToolkit.lambda$runToolkit$0(QuantumToolkit.java:351) - JavaFX Application Thread
2026-04-20 14:58:47,636 [ERROR] in JavaFX Application Thread - 	at com.sun.glass.ui.monocle.RunnableProcessor.runLoop(RunnableProcessor.java:92) - JavaFX Application Thread
2026-04-20 14:58:47,636 [ERROR] in JavaFX Application Thread - 	at com.sun.glass.ui.monocle.RunnableProcessor.run(RunnableProcessor.java:51) - JavaFX Application Thread
2026-04-20 14:58:47,636 [ERROR] in JavaFX Application Thread - 	at java.base/java.lang.Thread.run(Thread.java:1474) - JavaFX Application Thread
2026-04-20 14:58:47,651 [ERROR] in JavaFX Application Thread - Exception in thread "JavaFX Application Thread" java.lang.ClassCastException: class com.flexganttfx.sprint.model.TaskActivity cannot be cast to class com.flexganttfx.sprint.model.UserStory (com.flexganttfx.sprint.model.TaskActivity and com.flexganttfx.sprint.model.UserStory are in unnamed module of loader 'app') - JavaFX Application Thread
2026-04-20 14:58:47,651 [ERROR] in JavaFX Application Thread - 	at com.flexganttfx.sprint.renderer.UserStoryRenderer.drawActivity(UserStoryRenderer.java:38) - JavaFX Application Thread
2026-04-20 14:58:47,651 [ERROR] in JavaFX Application Thread - 	at com.flexganttfx.view.graphics.renderer.ActivityRenderer.draw(ActivityRenderer.java:70) - JavaFX Application Thread
2026-04-20 14:58:47,651 [ERROR] in JavaFX Application Thread - 	at impl.com.flexganttfx.skin.graphics.RowCanvas.drawActivity(RowCanvas.java:772) - JavaFX Application Thread
2026-04-20 14:58:47,651 [ERROR] in JavaFX Application Thread - 	at impl.com.flexganttfx.skin.graphics.RowCanvas.drawLayer(RowCanvas.java:480) - JavaFX Application Thread
2026-04-20 14:58:47,651 [ERROR] in JavaFX Application Thread - 	at impl.com.flexganttfx.skin.graphics.RowCanvas.drawModelLayers(RowCanvas.java:371) - JavaFX Application Thread
2026-04-20 14:58:47,651 [ERROR] in JavaFX Application Thread - 	at impl.com.flexganttfx.skin.graphics.RowCanvas.draw(RowCanvas.java:300) - JavaFX Application Thread
2026-04-20 14:58:47,651 [ERROR] in JavaFX Application Thread - 	at com.flexganttfx.view.graphics.GraphicsBase.lambda$new$23(GraphicsBase.java:635) - JavaFX Application Thread
2026-04-20 14:58:47,651 [ERROR] in JavaFX Application Thread - 	at javafx.scene.Scene$ScenePulseListener.pulse(Scene.java:2728) - JavaFX Application Thread
2026-04-20 14:58:47,651 [ERROR] in JavaFX Application Thread - 	at com.sun.javafx.tk.Toolkit.runPulse(Toolkit.java:382) - JavaFX Application Thread
2026-04-20 14:58:47,651 [ERROR] in JavaFX Application Thread - 	at com.sun.javafx.tk.Toolkit.firePulse(Toolkit.java:407) - JavaFX Application Thread
2026-04-20 14:58:47,651 [ERROR] in JavaFX Application Thread - 	at com.sun.javafx.tk.quantum.QuantumToolkit.pulse(QuantumToolkit.java:601) - JavaFX Application Thread
2026-04-20 14:58:47,651 [ERROR] in JavaFX Application Thread - 	at com.sun.javafx.tk.quantum.QuantumToolkit.pulse(QuantumToolkit.java:581) - JavaFX Application Thread
2026-04-20 14:58:47,651 [ERROR] in JavaFX Application Thread - 	at com.sun.javafx.tk.quantum.QuantumToolkit.pulseFromQueue(QuantumToolkit.java:574) - JavaFX Application Thread
2026-04-20 14:58:47,651 [ERROR] in JavaFX Application Thread - 	at com.sun.javafx.tk.quantum.QuantumToolkit.lambda$runToolkit$0(QuantumToolkit.java:351) - JavaFX Application Thread
2026-04-20 14:58:47,651 [ERROR] in JavaFX Application Thread - 	at com.sun.glass.ui.monocle.RunnableProcessor.runLoop(RunnableProcessor.java:92) - JavaFX Application Thread
2026-04-20 14:58:47,652 [ERROR] in JavaFX Application Thread - 	at com.sun.glass.ui.monocle.RunnableProcessor.run(RunnableProcessor.java:51) - JavaFX Application Thread
2026-04-20 14:58:47,652 [ERROR] in JavaFX Application Thread - 	at java.base/java.lang.Thread.run(Thread.java:1474) - JavaFX Application Thread
2026-04-20 14:58:47,667 [ERROR] in JavaFX Application Thread - Exception in thread "JavaFX Application Thread" java.lang.ClassCastException: class com.flexganttfx.sprint.model.TaskActivity cannot be cast to class com.flexganttfx.sprint.model.UserStory (com.flexganttfx.sprint.model.TaskActivity and com.flexganttfx.sprint.model.UserStory are in unnamed module of loader 'app') - JavaFX Application Thread
2026-04-20 14:58:47,667 [ERROR] in JavaFX Application Thread - 	at com.flexganttfx.sprint.renderer.UserStoryRenderer.drawActivity(UserStoryRenderer.java:38) - JavaFX Application Thread
2026-04-20 14:58:47,667 [ERROR] in JavaFX Application Thread - 	at com.flexganttfx.view.graphics.renderer.ActivityRenderer.draw(ActivityRenderer.java:70) - JavaFX Application Thread
2026-04-20 14:58:47,667 [ERROR] in JavaFX Application Thread - 	at impl.com.flexganttfx.skin.graphics.RowCanvas.drawActivity(RowCanvas.java:772) - JavaFX Application Thread
2026-04-20 14:58:47,667 [ERROR] in JavaFX Application Thread - 	at impl.com.flexganttfx.skin.graphics.RowCanvas.drawLayer(RowCanvas.java:480) - JavaFX Application Thread
2026-04-20 14:58:47,667 [ERROR] in JavaFX Application Thread - 	at impl.com.flexganttfx.skin.graphics.RowCanvas.drawModelLayers(RowCanvas.java:371) - JavaFX Application Thread
2026-04-20 14:58:47,667 [ERROR] in JavaFX Application Thread - 	at impl.com.flexganttfx.skin.graphics.RowCanvas.draw(RowCanvas.java:300) - JavaFX Application Thread
2026-04-20 14:58:47,667 [ERROR] in JavaFX Application Thread - 	at com.flexganttfx.view.graphics.GraphicsBase.lambda$new$23(GraphicsBase.java:635) - JavaFX Application Thread
2026-04-20 14:58:47,667 [ERROR] in JavaFX Application Thread - 	at javafx.scene.Scene$ScenePulseListener.pulse(Scene.java:2728) - JavaFX Application Thread
2026-04-20 14:58:47,667 [ERROR] in JavaFX Application Thread - 	at com.sun.javafx.tk.Toolkit.runPulse(Toolkit.java:382) - JavaFX Application Thread
2026-04-20 14:58:47,667 [ERROR] in JavaFX Application Thread - 	at com.sun.javafx.tk.Toolkit.firePulse(Toolkit.java:407) - JavaFX Application Thread
2026-04-20 14:58:47,667 [ERROR] in JavaFX Application Thread - 	at com.sun.javafx.tk.quantum.QuantumToolkit.pulse(QuantumToolkit.java:601) - JavaFX Application Thread
2026-04-20 14:58:47,667 [ERROR] in JavaFX Application Thread - 	at com.sun.javafx.tk.quantum.QuantumToolkit.pulse(QuantumToolkit.java:581) - JavaFX Application Thread
2026-04-20 14:58:47,667 [ERROR] in JavaFX Application Thread - 	at com.sun.javafx.tk.quantum.QuantumToolkit.pulseFromQueue(QuantumToolkit.java:574) - JavaFX Application Thread
2026-04-20 14:58:47,667 [ERROR] in JavaFX Application Thread - 	at com.sun.javafx.tk.quantum.QuantumToolkit.lambda$runToolkit$0(QuantumToolkit.java:351) - JavaFX Application Thread
2026-04-20 14:58:47,667 [ERROR] in JavaFX Application Thread - 	at com.sun.glass.ui.monocle.RunnableProcessor.runLoop(RunnableProcessor.java:92) - JavaFX Application Thread
2026-04-20 14:58:47,667 [ERROR] in JavaFX Application Thread - 	at com.sun.glass.ui.monocle.RunnableProcessor.run(RunnableProcessor.java:51) - JavaFX Application Thread
2026-04-20 14:58:47,667 [ERROR] in JavaFX Application Thread - 	at java.base/java.lang.Thread.run(Thread.java:1474) - JavaFX Application Thread
2026-04-20 14:58:47,682 [ERROR] in JavaFX Application Thread - Exception in thread "JavaFX Application Thread" java.lang.ClassCastException: class com.flexganttfx.sprint.model.TaskActivity cannot be cast to class com.flexganttfx.sprint.model.UserStory (com.flexganttfx.sprint.model.TaskActivity and com.flexganttfx.sprint.model.UserStory are in unnamed module of loader 'app') - JavaFX Application Thread
2026-04-20 14:58:47,682 [ERROR] in JavaFX Application Thread - 	at com.flexganttfx.sprint.renderer.UserStoryRenderer.drawActivity(UserStoryRenderer.java:38) - JavaFX Application Thread
2026-04-20 14:58:47,682 [ERROR] in JavaFX Application Thread - 	at com.flexganttfx.view.graphics.renderer.ActivityRenderer.draw(ActivityRenderer.java:70) - JavaFX Application Thread
2026-04-20 14:58:47,682 [ERROR] in JavaFX Application Thread - 	at impl.com.flexganttfx.skin.graphics.RowCanvas.drawActivity(RowCanvas.java:772) - JavaFX Application Thread
2026-04-20 14:58:47,682 [ERROR] in JavaFX Application Thread - 	at impl.com.flexganttfx.skin.graphics.RowCanvas.drawLayer(RowCanvas.java:480) - JavaFX Application Thread
2026-04-20 14:58:47,682 [ERROR] in JavaFX Application Thread - 	at impl.com.flexganttfx.skin.graphics.RowCanvas.drawModelLayers(RowCanvas.java:371) - JavaFX Application Thread
2026-04-20 14:58:47,682 [ERROR] in JavaFX Application Thread - 	at impl.com.flexganttfx.skin.graphics.RowCanvas.draw(RowCanvas.java:300) - JavaFX Application Thread
2026-04-20 14:58:47,682 [ERROR] in JavaFX Application Thread - 	at com.flexganttfx.view.graphics.GraphicsBase.lambda$new$23(GraphicsBase.java:635) - JavaFX Application Thread
2026-04-20 14:58:47,682 [ERROR] in JavaFX Application Thread - 	at javafx.scene.Scene$ScenePulseListener.pulse(Scene.java:2728) - JavaFX Application Thread
2026-04-20 14:58:47,682 [ERROR] in JavaFX Application Thread - 	at com.sun.javafx.tk.Toolkit.runPulse(Toolkit.java:382) - JavaFX Application Thread
2026-04-20 14:58:47,682 [ERROR] in JavaFX Application Thread - 	at com.sun.javafx.tk.Toolkit.firePulse(Toolkit.java:407) - JavaFX Application Thread
2026-04-20 14:58:47,682 [ERROR] in JavaFX Application Thread - 	at com.sun.javafx.tk.quantum.QuantumToolkit.pulse(QuantumToolkit.java:601) - JavaFX Application Thread
2026-04-20 14:58:47,682 [ERROR] in JavaFX Application Thread - 	at com.sun.javafx.tk.quantum.QuantumToolkit.pulse(QuantumToolkit.java:581) - JavaFX Application Thread
2026-04-20 14:58:47,682 [ERROR] in JavaFX Application Thread - 	at com.sun.javafx.tk.quantum.QuantumToolkit.pulseFromQueue(QuantumToolkit.java:574) - JavaFX Application Thread
2026-04-20 14:58:47,682 [ERROR] in JavaFX Application Thread - 	at com.sun.javafx.tk.quantum.QuantumToolkit.lambda$runToolkit$0(QuantumToolkit.java:351) - JavaFX Application Thread
2026-04-20 14:58:47,682 [ERROR] in JavaFX Application Thread - 	at com.sun.glass.ui.monocle.RunnableProcessor.runLoop(RunnableProcessor.java:92) - JavaFX Application Thread
2026-04-20 14:58:47,682 [ERROR] in JavaFX Application Thread - 	at com.sun.glass.ui.monocle.RunnableProcessor.run(RunnableProcessor.java:51) - JavaFX Application Thread
2026-04-20 14:58:47,682 [ERROR] in JavaFX Application Thread - 	at java.base/java.lang.Thread.run(Thread.java:1474) - JavaFX Application Thread
2026-04-20 15:15:37,560 [INFO] in AsyncAppender-Worker-ASYNCSTDOUT - 15:15:37.550 [+1479131 ms] INFO  c.j.i.s.JProWSEndpoint - Frame received after poison, ignoring - AsyncAppender-Worker-ASYNCSTDOUT
2026-04-20 15:15:37,562 [INFO] in AsyncAppender-Worker-ASYNCSTDOUT - 15:15:37.554 [+1479135 ms] INFO  c.j.i.s.JProWSEndpoint - WebSocket for [default] closed: 1000 – tab-closed - AsyncAppender-Worker-ASYNCSTDOUT
2026-04-20 15:15:37,563 [INFO] in AsyncAppender-Worker-ASYNCSTDOUT - 15:15:37.556 [+1479137 ms] INFO  c.j.i.s.ViewInfo$ - [JPro] -> View closed: {app_name: default, host_name: localhost:8099, instance_id: egrymstczkts77t92hi17fyw1, browser: Safari 605.1.15, browser_url: http://localhost:8099/, client_ip: 0:0:0:0:0:0:0:1, reason: tab-closed} - AsyncAppender-Worker-ASYNCSTDOUT
2026-04-20 15:15:37,784 [INFO] in AsyncAppender-Worker-ASYNCSTDOUT - 15:15:37.784 [+1479365 ms] INFO  c.j.i.s.ViewInfo$ -  - AsyncAppender-Worker-ASYNCSTDOUT
2026-04-20 15:15:37,784 [INFO] in AsyncAppender-Worker-ASYNCSTDOUT - 15:15:37.784 [+1479365 ms] INFO  c.j.i.s.ViewInfo$ - Application closed: - AsyncAppender-Worker-ASYNCSTDOUT
2026-04-20 15:15:37,784 [INFO] in AsyncAppender-Worker-ASYNCSTDOUT - 15:15:37.784 [+1479365 ms] INFO  c.j.i.s.ViewInfo$ - startTime      : Mon Apr 20 14:51:00 CEST 2026       - AsyncAppender-Worker-ASYNCSTDOUT
2026-04-20 15:15:37,784 [INFO] in AsyncAppender-Worker-ASYNCSTDOUT - 15:15:37.784 [+1479365 ms] INFO  c.j.i.s.ViewInfo$ - duration       : 00:24:37.360  - AsyncAppender-Worker-ASYNCSTDOUT
2026-04-20 15:15:37,784 [INFO] in AsyncAppender-Worker-ASYNCSTDOUT - 15:15:37.784 [+1479365 ms] INFO  c.j.i.s.ViewInfo$ - averageLatency : 00:00:00.005  - AsyncAppender-Worker-ASYNCSTDOUT
2026-04-20 15:15:37,784 [INFO] in AsyncAppender-Worker-ASYNCSTDOUT - 15:15:37.784 [+1479365 ms] INFO  c.j.i.s.ViewInfo$ - averageJitter  : 00:00:00.004   - AsyncAppender-Worker-ASYNCSTDOUT
2026-04-20 15:15:37,785 [INFO] in AsyncAppender-Worker-ASYNCSTDOUT - 15:15:37.784 [+1479365 ms] INFO  c.j.i.s.ViewInfo$ - framerateServer: 00:00:00.000 - AsyncAppender-Worker-ASYNCSTDOUT
2026-04-20 15:15:37,785 [INFO] in AsyncAppender-Worker-ASYNCSTDOUT - 15:15:37.785 [+1479366 ms] INFO  c.j.i.s.ViewInfo$ - framerateClient: 00:00:00.000 - AsyncAppender-Worker-ASYNCSTDOUT
2026-04-20 15:15:37,785 [INFO] in AsyncAppender-Worker-ASYNCSTDOUT - 15:15:37.785 [+1479366 ms] INFO  c.j.i.s.ViewInfo$ - raw            : 103670149 - AsyncAppender-Worker-ASYNCSTDOUT
2026-04-20 15:15:37,785 [INFO] in AsyncAppender-Worker-ASYNCSTDOUT - 15:15:37.785 [+1479366 ms] INFO  c.j.i.s.ViewInfo$ - zipped         : 19915506 - AsyncAppender-Worker-ASYNCSTDOUT
2026-04-20 15:15:37,785 [INFO] in AsyncAppender-Worker-ASYNCSTDOUT - 15:15:37.785 [+1479366 ms] INFO  c.j.i.s.ViewInfo$ -  - AsyncAppender-Worker-ASYNCSTDOUT
2026-04-20 15:15:38,551 [INFO] in AsyncAppender-Worker-ASYNCSTDOUT - 15:15:38.550 [+1480131 ms] INFO  c.j.i.c.InstanceImpl - [JPro] -> Instance closed: {app_name: default, host_name: localhost:8099, instance_id: egrymstczkts77t92hi17fyw1, browser: Safari 605.1.15, browser_url: http://localhost:8099/, client_ip: 0:0:0:0:0:0:0:1, reason: close-tab-closed} - AsyncAppender-Worker-ASYNCSTDOUT
