2020-07-02 16:34:39,800 [WARN] from com.jpro.internal.server.Initializer$ in JavaFX Application Thread - JPro prevent System.exit
2020-07-02 16:34:39,802 [ERROR] from com.jpro.internal.server.ViewSerializerActor in JavaFX Application Thread - JavaFXStreamer - got Exception: 
java.lang.reflect.InvocationTargetException: null
	at java.base/jdk.internal.reflect.NativeConstructorAccessorImpl.newInstance0(Native Method)
	at java.base/jdk.internal.reflect.NativeConstructorAccessorImpl.newInstance(NativeConstructorAccessorImpl.java:62)
	at java.base/jdk.internal.reflect.DelegatingConstructorAccessorImpl.newInstance(DelegatingConstructorAccessorImpl.java:45)
	at java.base/java.lang.reflect.Constructor.newInstanceWithCaller(Constructor.java:500)
	at java.base/java.lang.reflect.Constructor.newInstance(Constructor.java:481)
	at simplefx.util.ReflectionUtil.callNew(ReflectionUtil.scala:107)
	at com.jpro.internal.config.ApplicationStarter$.startApplication(ApplicationStarter.scala:111)
	at com.jpro.internal.config.ApplicationStarter$.requestApplication(ApplicationStarter.scala:97)
	at com.jpro.internal.config.ApplicationStarter$.getApplication(ApplicationStarter.scala:63)
	at com.jpro.internal.communicator.ViewImpl.<init>(ViewImpl.scala:29)
	at com.jpro.internal.server.ViewByActor.<init>(ViewSerializerActor.scala:82)
	at com.jpro.internal.server.ViewSerializerActor$$anonfun$receive$1$$anonfun$applyOrElse$1.$anonfun$applyOrElse$2(ViewSerializerActor.scala:50)
	at scala.runtime.java8.JFunction0$mcV$sp.apply(JFunction0$mcV$sp.java:23)
	at simplefx.util.Predef$.$anonfun$runInAndBlock$1(Predef.scala:184)
	at scala.runtime.java8.JFunction0$mcV$sp.apply(JFunction0$mcV$sp.java:23)
	at simplefx.cores.standard.parts.CoreTimeEvent.$anonfun$runAsAnimation$1(CoreTimeEvent.scala:64)
	at simplefx.cores.standard.parts.CoreTimeEvent$$anon$2.handle(CoreTimeEvent.scala:46)
	at javafx.animation.AnimationTimer$AnimationTimerReceiver.lambda$handle$0(AnimationTimer.java:57)
	at java.base/java.security.AccessController.doPrivileged(AccessController.java:391)
	at javafx.animation.AnimationTimer$AnimationTimerReceiver.handle(AnimationTimer.java:56)
	at com.sun.scenario.animation.AbstractMasterTimer.timePulseImpl(AbstractMasterTimer.java:357)
	at com.sun.scenario.animation.AbstractMasterTimer$MainLoop.run(AbstractMasterTimer.java:267)
	at com.sun.javafx.tk.quantum.QuantumToolkit.pulse(QuantumToolkit.java:525)
	at com.sun.javafx.tk.quantum.QuantumToolkit.pulse(QuantumToolkit.java:509)
	at com.sun.javafx.tk.quantum.QuantumToolkit.pulseFromQueue(QuantumToolkit.java:502)
	at com.sun.javafx.tk.quantum.QuantumToolkit.lambda$runToolkit$12(QuantumToolkit.java:326)
	at com.sun.glass.ui.monocle.RunnableProcessor.runLoop(RunnableProcessor.java:92)
	at com.sun.glass.ui.monocle.RunnableProcessor.run(RunnableProcessor.java:51)
	at java.base/java.lang.Thread.run(Thread.java:832)
Caused by: java.lang.Exception: Prevented System.exit
	at com.jpro.internal.server.Initializer$$anon$3.checkOnlyPermission(Initializer.scala:118)
	at com.jpro.internal.server.Initializer$$anon$3.checkPermission(Initializer.scala:123)
	at java.base/java.lang.SecurityManager.checkExit(SecurityManager.java:620)
	at java.base/java.lang.Runtime.exit(Runtime.java:112)
	at java.base/java.lang.System.exit(System.java:1783)
	at com.flexganttfx.view.util.FlexGanttFXControl.checkEvaluationPeriod(FlexGanttFXControl.java:173)
	at com.flexganttfx.view.util.FlexGanttFXControl.nagging(FlexGanttFXControl.java:87)
	at com.flexganttfx.view.util.FlexGanttFXControl.<init>(FlexGanttFXControl.java:31)
	at com.flexganttfx.view.GanttChartBase.<init>(GanttChartBase.java:76)
	at com.flexganttfx.view.GanttChartLite.<init>(GanttChartLite.java:176)
	at com.flexganttfx.covid.CovidApp.<init>(CovidApp.java:74)
	... 29 common frames omitted
2020-07-02 16:42:22,667 [WARN] from com.jpro.JS in JavaFX Application Thread - received msg: Audio not supported on this client!
2020-07-02 17:51:23,530 [WARN] from com.jpro.JS in JavaFX Application Thread - received msg: Audio not supported on this client!
2020-07-02 17:53:58,505 [WARN] from com.jpro.JS in JavaFX Application Thread - received msg: Audio not supported on this client!
2020-07-02 18:03:06,813 [ERROR] from com.jpro.meta.tk.SceneInputListener in JavaFX Application Thread - Error while processing the input: MouseEventToken(MouseReleased,419.16015625,48.3671875,MouseButtonToken(3),false,false,false,false,false,false,false,false) app: stage title: Covid-19 Data
java.lang.reflect.InvocationTargetException: null
	at jdk.internal.reflect.GeneratedMethodAccessor19.invoke(Unknown Source)
	at java.base/jdk.internal.reflect.DelegatingMethodAccessorImpl.invoke(DelegatingMethodAccessorImpl.java:43)
	at java.base/java.lang.reflect.Method.invoke(Method.java:564)
	at simplefx.util.ReflectionUtil$UseReflection.applyDynamic(ReflectionUtil.scala:21)
	at com.jpro.meta.tk.SceneInputListener.processInputInScene(SceneInputListener.scala:169)
	at com.jpro.meta.tk.SceneInputListener.processInput(SceneInputListener.scala:117)
	at com.jpro.meta.tk.SceneInputListener.processInputs(SceneInputListener.scala:98)
	at com.jpro.meta.tk.SceneInputListener.$anonfun$new$4(SceneInputListener.scala:39)
	at simplefx.cores.standard.parts.CoreTimeEvent.$anonfun$runAsAnimation$1(CoreTimeEvent.scala:64)
	at simplefx.cores.standard.parts.CoreTimeEvent$$anon$2.handle(CoreTimeEvent.scala:46)
	at javafx.animation.AnimationTimer$AnimationTimerReceiver.lambda$handle$0(AnimationTimer.java:57)
	at java.base/java.security.AccessController.doPrivileged(AccessController.java:391)
	at javafx.animation.AnimationTimer$AnimationTimerReceiver.handle(AnimationTimer.java:56)
	at com.sun.scenario.animation.AbstractMasterTimer.timePulseImpl(AbstractMasterTimer.java:357)
	at com.sun.scenario.animation.AbstractMasterTimer$MainLoop.run(AbstractMasterTimer.java:267)
	at com.sun.javafx.tk.quantum.QuantumToolkit.pulse(QuantumToolkit.java:525)
	at com.sun.javafx.tk.quantum.QuantumToolkit.pulse(QuantumToolkit.java:509)
	at com.sun.javafx.tk.quantum.QuantumToolkit.pulseFromQueue(QuantumToolkit.java:502)
	at com.sun.javafx.tk.quantum.QuantumToolkit.lambda$runToolkit$12(QuantumToolkit.java:326)
	at com.sun.glass.ui.monocle.RunnableProcessor.runLoop(RunnableProcessor.java:92)
	at com.sun.glass.ui.monocle.RunnableProcessor.run(RunnableProcessor.java:51)
	at java.base/java.lang.Thread.run(Thread.java:832)
Caused by: java.lang.reflect.InvocationTargetException: null
	at jdk.internal.reflect.GeneratedMethodAccessor17.invoke(Unknown Source)
	at java.base/jdk.internal.reflect.DelegatingMethodAccessorImpl.invoke(DelegatingMethodAccessorImpl.java:43)
	at java.base/java.lang.reflect.Method.invoke(Method.java:564)
	at simplefx.util.ReflectionUtil$UseReflection.applyDynamic(ReflectionUtil.scala:21)
	at com.sun.glass.ui.monocle.input.fork.NativeMouseInput.notifyMouse(NativeMouseInput.scala:326)
	at com.sun.glass.ui.monocle.input.fork.NativeMouseInput.postMouseEvent(NativeMouseInput.scala:222)
	at com.sun.glass.ui.monocle.input.fork.NativeMouseInput.setState(NativeMouseInput.scala:182)
	... 22 common frames omitted
Caused by: java.lang.NoClassDefFoundError: com/flexganttfx/view/timeline/Timeline$2
	at com.flexganttfx.view.timeline.Timeline.zoom(Timeline.java:843)
	at com.flexganttfx.view.timeline.Timeline.zoomOut(Timeline.java:778)
	at com.flexganttfx.covid.CovidToolBar.lambda$zoomOut$6(CovidToolBar.java:236)
	at com.sun.javafx.event.CompositeEventHandler.dispatchBubblingEvent(CompositeEventHandler.java:86)
	at com.sun.javafx.event.EventHandlerManager.dispatchBubblingEvent(EventHandlerManager.java:238)
	at com.sun.javafx.event.EventHandlerManager.dispatchBubblingEvent(EventHandlerManager.java:191)
	at com.sun.javafx.event.CompositeEventDispatcher.dispatchBubblingEvent(CompositeEventDispatcher.java:59)
	at com.sun.javafx.event.BasicEventDispatcher.dispatchEvent(BasicEventDispatcher.java:58)
	at com.sun.javafx.event.EventDispatchChainImpl.dispatchEvent(EventDispatchChainImpl.java:114)
	at com.sun.javafx.event.BasicEventDispatcher.dispatchEvent(BasicEventDispatcher.java:56)
	at com.sun.javafx.event.EventDispatchChainImpl.dispatchEvent(EventDispatchChainImpl.java:114)
	at com.sun.javafx.event.BasicEventDispatcher.dispatchEvent(BasicEventDispatcher.java:56)
	at com.sun.javafx.event.EventDispatchChainImpl.dispatchEvent(EventDispatchChainImpl.java:114)
	at com.sun.javafx.event.BasicEventDispatcher.dispatchEvent(BasicEventDispatcher.java:56)
	at com.sun.javafx.event.EventDispatchChainImpl.dispatchEvent(EventDispatchChainImpl.java:114)
	at com.sun.javafx.event.EventUtil.fireEventImpl(EventUtil.java:74)
	at com.sun.javafx.event.EventUtil.fireEvent(EventUtil.java:49)
	at javafx.event.Event.fireEvent(Event.java:198)
	at javafx.scene.Node.fireEvent(Node.java:8890)
	at javafx.scene.control.Button.fire(Button.java:200)
	at com.sun.javafx.scene.control.behavior.ButtonBehavior.mouseReleased(ButtonBehavior.java:206)
	at com.sun.javafx.scene.control.inputmap.InputMap.handle(InputMap.java:274)
	at com.sun.javafx.event.CompositeEventHandler$NormalEventHandlerRecord.handleBubblingEvent(CompositeEventHandler.java:218)
	at com.sun.javafx.event.CompositeEventHandler.dispatchBubblingEvent(CompositeEventHandler.java:80)
	at com.sun.javafx.event.EventHandlerManager.dispatchBubblingEvent(EventHandlerManager.java:238)
	at com.sun.javafx.event.EventHandlerManager.dispatchBubblingEvent(EventHandlerManager.java:191)
	at com.sun.javafx.event.CompositeEventDispatcher.dispatchBubblingEvent(CompositeEventDispatcher.java:59)
	at com.sun.javafx.event.BasicEventDispatcher.dispatchEvent(BasicEventDispatcher.java:58)
	at com.sun.javafx.event.EventDispatchChainImpl.dispatchEvent(EventDispatchChainImpl.java:114)
	at com.sun.javafx.event.BasicEventDispatcher.dispatchEvent(BasicEventDispatcher.java:56)
	at com.sun.javafx.event.EventDispatchChainImpl.dispatchEvent(EventDispatchChainImpl.java:114)
	at com.sun.javafx.event.BasicEventDispatcher.dispatchEvent(BasicEventDispatcher.java:56)
	at com.sun.javafx.event.EventDispatchChainImpl.dispatchEvent(EventDispatchChainImpl.java:114)
	at com.sun.javafx.event.BasicEventDispatcher.dispatchEvent(BasicEventDispatcher.java:56)
	at com.sun.javafx.event.EventDispatchChainImpl.dispatchEvent(EventDispatchChainImpl.java:114)
	at com.sun.javafx.event.EventUtil.fireEventImpl(EventUtil.java:74)
	at com.sun.javafx.event.EventUtil.fireEvent(EventUtil.java:54)
	at javafx.event.Event.fireEvent(Event.java:198)
	at javafx.scene.Scene$MouseHandler.process(Scene.java:3851)
	at javafx.scene.Scene$MouseHandler.access$1200(Scene.java:3579)
	at javafx.scene.Scene.processMouseEvent(Scene.java:1849)
	at javafx.scene.Scene$ScenePeerListener.mouseEvent(Scene.java:2588)
	at com.sun.javafx.tk.quantum.GlassViewEventHandler$MouseEventNotification.run(GlassViewEventHandler.java:397)
	at com.sun.javafx.tk.quantum.GlassViewEventHandler$MouseEventNotification.run(GlassViewEventHandler.java:295)
	at java.base/java.security.AccessController.doPrivileged(AccessController.java:391)
	at com.sun.javafx.tk.quantum.GlassViewEventHandler.lambda$handleMouseEvent$2(GlassViewEventHandler.java:434)
	at com.sun.javafx.tk.quantum.QuantumToolkit.runWithoutRenderLock(QuantumToolkit.java:396)
	at com.sun.javafx.tk.quantum.GlassViewEventHandler.handleMouseEvent(GlassViewEventHandler.java:433)
	at com.sun.glass.ui.View.handleMouseEvent(View.java:556)
	at com.sun.glass.ui.View.notifyMouse(View.java:942)
	at com.sun.glass.ui.monocle.MonocleView.notifyMouse(MonocleView.java:116)
	... 29 common frames omitted
Caused by: java.lang.ClassNotFoundException: com.flexganttfx.view.timeline.Timeline$2
	at java.base/jdk.internal.loader.BuiltinClassLoader.loadClass(BuiltinClassLoader.java:602)
	at java.base/jdk.internal.loader.ClassLoaders$AppClassLoader.loadClass(ClassLoaders.java:178)
	at java.base/java.lang.ClassLoader.loadClass(ClassLoader.java:522)
	... 80 common frames omitted
2020-07-02 18:03:07,754 [ERROR] from com.jpro.meta.tk.SceneInputListener in JavaFX Application Thread - Error while processing the input: MouseEventToken(MouseReleased,425.72265625,46.0703125,MouseButtonToken(3),false,false,false,false,false,false,false,false) app: stage title: Covid-19 Data
java.lang.reflect.InvocationTargetException: null
	at jdk.internal.reflect.GeneratedMethodAccessor19.invoke(Unknown Source)
	at java.base/jdk.internal.reflect.DelegatingMethodAccessorImpl.invoke(DelegatingMethodAccessorImpl.java:43)
	at java.base/java.lang.reflect.Method.invoke(Method.java:564)
	at simplefx.util.ReflectionUtil$UseReflection.applyDynamic(ReflectionUtil.scala:21)
	at com.jpro.meta.tk.SceneInputListener.processInputInScene(SceneInputListener.scala:169)
	at com.jpro.meta.tk.SceneInputListener.processInput(SceneInputListener.scala:117)
	at com.jpro.meta.tk.SceneInputListener.processInputs(SceneInputListener.scala:98)
	at com.jpro.meta.tk.SceneInputListener.$anonfun$new$4(SceneInputListener.scala:39)
	at simplefx.cores.standard.parts.CoreTimeEvent.$anonfun$runAsAnimation$1(CoreTimeEvent.scala:64)
	at simplefx.cores.standard.parts.CoreTimeEvent$$anon$2.handle(CoreTimeEvent.scala:46)
	at javafx.animation.AnimationTimer$AnimationTimerReceiver.lambda$handle$0(AnimationTimer.java:57)
	at java.base/java.security.AccessController.doPrivileged(AccessController.java:391)
	at javafx.animation.AnimationTimer$AnimationTimerReceiver.handle(AnimationTimer.java:56)
	at com.sun.scenario.animation.AbstractMasterTimer.timePulseImpl(AbstractMasterTimer.java:357)
	at com.sun.scenario.animation.AbstractMasterTimer$MainLoop.run(AbstractMasterTimer.java:267)
	at com.sun.javafx.tk.quantum.QuantumToolkit.pulse(QuantumToolkit.java:525)
	at com.sun.javafx.tk.quantum.QuantumToolkit.pulse(QuantumToolkit.java:509)
	at com.sun.javafx.tk.quantum.QuantumToolkit.pulseFromQueue(QuantumToolkit.java:502)
	at com.sun.javafx.tk.quantum.QuantumToolkit.lambda$runToolkit$12(QuantumToolkit.java:326)
	at com.sun.glass.ui.monocle.RunnableProcessor.runLoop(RunnableProcessor.java:92)
	at com.sun.glass.ui.monocle.RunnableProcessor.run(RunnableProcessor.java:51)
	at java.base/java.lang.Thread.run(Thread.java:832)
Caused by: java.lang.reflect.InvocationTargetException: null
	at jdk.internal.reflect.GeneratedMethodAccessor17.invoke(Unknown Source)
	at java.base/jdk.internal.reflect.DelegatingMethodAccessorImpl.invoke(DelegatingMethodAccessorImpl.java:43)
	at java.base/java.lang.reflect.Method.invoke(Method.java:564)
	at simplefx.util.ReflectionUtil$UseReflection.applyDynamic(ReflectionUtil.scala:21)
	at com.sun.glass.ui.monocle.input.fork.NativeMouseInput.notifyMouse(NativeMouseInput.scala:326)
	at com.sun.glass.ui.monocle.input.fork.NativeMouseInput.postMouseEvent(NativeMouseInput.scala:222)
	at com.sun.glass.ui.monocle.input.fork.NativeMouseInput.setState(NativeMouseInput.scala:182)
	... 22 common frames omitted
Caused by: java.lang.NoClassDefFoundError: com/flexganttfx/view/timeline/Timeline$2
	at com.flexganttfx.view.timeline.Timeline.zoom(Timeline.java:843)
	at com.flexganttfx.view.timeline.Timeline.zoomOut(Timeline.java:778)
	at com.flexganttfx.covid.CovidToolBar.lambda$zoomOut$6(CovidToolBar.java:236)
	at com.sun.javafx.event.CompositeEventHandler.dispatchBubblingEvent(CompositeEventHandler.java:86)
	at com.sun.javafx.event.EventHandlerManager.dispatchBubblingEvent(EventHandlerManager.java:238)
	at com.sun.javafx.event.EventHandlerManager.dispatchBubblingEvent(EventHandlerManager.java:191)
	at com.sun.javafx.event.CompositeEventDispatcher.dispatchBubblingEvent(CompositeEventDispatcher.java:59)
	at com.sun.javafx.event.BasicEventDispatcher.dispatchEvent(BasicEventDispatcher.java:58)
	at com.sun.javafx.event.EventDispatchChainImpl.dispatchEvent(EventDispatchChainImpl.java:114)
	at com.sun.javafx.event.BasicEventDispatcher.dispatchEvent(BasicEventDispatcher.java:56)
	at com.sun.javafx.event.EventDispatchChainImpl.dispatchEvent(EventDispatchChainImpl.java:114)
	at com.sun.javafx.event.BasicEventDispatcher.dispatchEvent(BasicEventDispatcher.java:56)
	at com.sun.javafx.event.EventDispatchChainImpl.dispatchEvent(EventDispatchChainImpl.java:114)
	at com.sun.javafx.event.BasicEventDispatcher.dispatchEvent(BasicEventDispatcher.java:56)
	at com.sun.javafx.event.EventDispatchChainImpl.dispatchEvent(EventDispatchChainImpl.java:114)
	at com.sun.javafx.event.EventUtil.fireEventImpl(EventUtil.java:74)
	at com.sun.javafx.event.EventUtil.fireEvent(EventUtil.java:49)
	at javafx.event.Event.fireEvent(Event.java:198)
	at javafx.scene.Node.fireEvent(Node.java:8890)
	at javafx.scene.control.Button.fire(Button.java:200)
	at com.sun.javafx.scene.control.behavior.ButtonBehavior.mouseReleased(ButtonBehavior.java:206)
	at com.sun.javafx.scene.control.inputmap.InputMap.handle(InputMap.java:274)
	at com.sun.javafx.event.CompositeEventHandler$NormalEventHandlerRecord.handleBubblingEvent(CompositeEventHandler.java:218)
	at com.sun.javafx.event.CompositeEventHandler.dispatchBubblingEvent(CompositeEventHandler.java:80)
	at com.sun.javafx.event.EventHandlerManager.dispatchBubblingEvent(EventHandlerManager.java:238)
	at com.sun.javafx.event.EventHandlerManager.dispatchBubblingEvent(EventHandlerManager.java:191)
	at com.sun.javafx.event.CompositeEventDispatcher.dispatchBubblingEvent(CompositeEventDispatcher.java:59)
	at com.sun.javafx.event.BasicEventDispatcher.dispatchEvent(BasicEventDispatcher.java:58)
	at com.sun.javafx.event.EventDispatchChainImpl.dispatchEvent(EventDispatchChainImpl.java:114)
	at com.sun.javafx.event.BasicEventDispatcher.dispatchEvent(BasicEventDispatcher.java:56)
	at com.sun.javafx.event.EventDispatchChainImpl.dispatchEvent(EventDispatchChainImpl.java:114)
	at com.sun.javafx.event.BasicEventDispatcher.dispatchEvent(BasicEventDispatcher.java:56)
	at com.sun.javafx.event.EventDispatchChainImpl.dispatchEvent(EventDispatchChainImpl.java:114)
	at com.sun.javafx.event.BasicEventDispatcher.dispatchEvent(BasicEventDispatcher.java:56)
	at com.sun.javafx.event.EventDispatchChainImpl.dispatchEvent(EventDispatchChainImpl.java:114)
	at com.sun.javafx.event.EventUtil.fireEventImpl(EventUtil.java:74)
	at com.sun.javafx.event.EventUtil.fireEvent(EventUtil.java:54)
	at javafx.event.Event.fireEvent(Event.java:198)
	at javafx.scene.Scene$MouseHandler.process(Scene.java:3851)
	at javafx.scene.Scene$MouseHandler.access$1200(Scene.java:3579)
	at javafx.scene.Scene.processMouseEvent(Scene.java:1849)
	at javafx.scene.Scene$ScenePeerListener.mouseEvent(Scene.java:2588)
	at com.sun.javafx.tk.quantum.GlassViewEventHandler$MouseEventNotification.run(GlassViewEventHandler.java:397)
	at com.sun.javafx.tk.quantum.GlassViewEventHandler$MouseEventNotification.run(GlassViewEventHandler.java:295)
	at java.base/java.security.AccessController.doPrivileged(AccessController.java:391)
	at com.sun.javafx.tk.quantum.GlassViewEventHandler.lambda$handleMouseEvent$2(GlassViewEventHandler.java:434)
	at com.sun.javafx.tk.quantum.QuantumToolkit.runWithoutRenderLock(QuantumToolkit.java:396)
	at com.sun.javafx.tk.quantum.GlassViewEventHandler.handleMouseEvent(GlassViewEventHandler.java:433)
	at com.sun.glass.ui.View.handleMouseEvent(View.java:556)
	at com.sun.glass.ui.View.notifyMouse(View.java:942)
	at com.sun.glass.ui.monocle.MonocleView.notifyMouse(MonocleView.java:116)
	... 29 common frames omitted
2020-07-02 18:03:28,610 [ERROR] from com.jpro.meta.tk.SceneInputListener in JavaFX Application Thread - Error while processing the input: MouseEventToken(MouseReleased,438.46484375,52.38671875,MouseButtonToken(3),false,false,false,false,false,false,false,false) app: stage title: Covid-19 Data
java.lang.reflect.InvocationTargetException: null
	at jdk.internal.reflect.GeneratedMethodAccessor19.invoke(Unknown Source)
	at java.base/jdk.internal.reflect.DelegatingMethodAccessorImpl.invoke(DelegatingMethodAccessorImpl.java:43)
	at java.base/java.lang.reflect.Method.invoke(Method.java:564)
	at simplefx.util.ReflectionUtil$UseReflection.applyDynamic(ReflectionUtil.scala:21)
	at com.jpro.meta.tk.SceneInputListener.processInputInScene(SceneInputListener.scala:169)
	at com.jpro.meta.tk.SceneInputListener.processInput(SceneInputListener.scala:117)
	at com.jpro.meta.tk.SceneInputListener.processInputs(SceneInputListener.scala:98)
	at com.jpro.meta.tk.SceneInputListener.$anonfun$new$4(SceneInputListener.scala:39)
	at simplefx.cores.standard.parts.CoreTimeEvent.$anonfun$runAsAnimation$1(CoreTimeEvent.scala:64)
	at simplefx.cores.standard.parts.CoreTimeEvent$$anon$2.handle(CoreTimeEvent.scala:46)
	at javafx.animation.AnimationTimer$AnimationTimerReceiver.lambda$handle$0(AnimationTimer.java:57)
	at java.base/java.security.AccessController.doPrivileged(AccessController.java:391)
	at javafx.animation.AnimationTimer$AnimationTimerReceiver.handle(AnimationTimer.java:56)
	at com.sun.scenario.animation.AbstractMasterTimer.timePulseImpl(AbstractMasterTimer.java:357)
	at com.sun.scenario.animation.AbstractMasterTimer$MainLoop.run(AbstractMasterTimer.java:267)
	at com.sun.javafx.tk.quantum.QuantumToolkit.pulse(QuantumToolkit.java:525)
	at com.sun.javafx.tk.quantum.QuantumToolkit.pulse(QuantumToolkit.java:509)
	at com.sun.javafx.tk.quantum.QuantumToolkit.pulseFromQueue(QuantumToolkit.java:502)
	at com.sun.javafx.tk.quantum.QuantumToolkit.lambda$runToolkit$12(QuantumToolkit.java:326)
	at com.sun.glass.ui.monocle.RunnableProcessor.runLoop(RunnableProcessor.java:92)
	at com.sun.glass.ui.monocle.RunnableProcessor.run(RunnableProcessor.java:51)
	at java.base/java.lang.Thread.run(Thread.java:832)
Caused by: java.lang.reflect.InvocationTargetException: null
	at jdk.internal.reflect.GeneratedMethodAccessor17.invoke(Unknown Source)
	at java.base/jdk.internal.reflect.DelegatingMethodAccessorImpl.invoke(DelegatingMethodAccessorImpl.java:43)
	at java.base/java.lang.reflect.Method.invoke(Method.java:564)
	at simplefx.util.ReflectionUtil$UseReflection.applyDynamic(ReflectionUtil.scala:21)
	at com.sun.glass.ui.monocle.input.fork.NativeMouseInput.notifyMouse(NativeMouseInput.scala:326)
	at com.sun.glass.ui.monocle.input.fork.NativeMouseInput.postMouseEvent(NativeMouseInput.scala:222)
	at com.sun.glass.ui.monocle.input.fork.NativeMouseInput.setState(NativeMouseInput.scala:182)
	... 22 common frames omitted
Caused by: java.lang.NoClassDefFoundError: com/flexganttfx/view/timeline/Timeline$2
	at com.flexganttfx.view.timeline.Timeline.zoom(Timeline.java:843)
	at com.flexganttfx.view.timeline.Timeline.zoomOut(Timeline.java:778)
	at com.flexganttfx.covid.CovidToolBar.lambda$zoomOut$6(CovidToolBar.java:236)
	at com.sun.javafx.event.CompositeEventHandler.dispatchBubblingEvent(CompositeEventHandler.java:86)
	at com.sun.javafx.event.EventHandlerManager.dispatchBubblingEvent(EventHandlerManager.java:238)
	at com.sun.javafx.event.EventHandlerManager.dispatchBubblingEvent(EventHandlerManager.java:191)
	at com.sun.javafx.event.CompositeEventDispatcher.dispatchBubblingEvent(CompositeEventDispatcher.java:59)
	at com.sun.javafx.event.BasicEventDispatcher.dispatchEvent(BasicEventDispatcher.java:58)
	at com.sun.javafx.event.EventDispatchChainImpl.dispatchEvent(EventDispatchChainImpl.java:114)
	at com.sun.javafx.event.BasicEventDispatcher.dispatchEvent(BasicEventDispatcher.java:56)
	at com.sun.javafx.event.EventDispatchChainImpl.dispatchEvent(EventDispatchChainImpl.java:114)
	at com.sun.javafx.event.BasicEventDispatcher.dispatchEvent(BasicEventDispatcher.java:56)
	at com.sun.javafx.event.EventDispatchChainImpl.dispatchEvent(EventDispatchChainImpl.java:114)
	at com.sun.javafx.event.BasicEventDispatcher.dispatchEvent(BasicEventDispatcher.java:56)
	at com.sun.javafx.event.EventDispatchChainImpl.dispatchEvent(EventDispatchChainImpl.java:114)
	at com.sun.javafx.event.EventUtil.fireEventImpl(EventUtil.java:74)
	at com.sun.javafx.event.EventUtil.fireEvent(EventUtil.java:49)
	at javafx.event.Event.fireEvent(Event.java:198)
	at javafx.scene.Node.fireEvent(Node.java:8890)
	at javafx.scene.control.Button.fire(Button.java:200)
	at com.sun.javafx.scene.control.behavior.ButtonBehavior.mouseReleased(ButtonBehavior.java:206)
	at com.sun.javafx.scene.control.inputmap.InputMap.handle(InputMap.java:274)
	at com.sun.javafx.event.CompositeEventHandler$NormalEventHandlerRecord.handleBubblingEvent(CompositeEventHandler.java:218)
	at com.sun.javafx.event.CompositeEventHandler.dispatchBubblingEvent(CompositeEventHandler.java:80)
	at com.sun.javafx.event.EventHandlerManager.dispatchBubblingEvent(EventHandlerManager.java:238)
	at com.sun.javafx.event.EventHandlerManager.dispatchBubblingEvent(EventHandlerManager.java:191)
	at com.sun.javafx.event.CompositeEventDispatcher.dispatchBubblingEvent(CompositeEventDispatcher.java:59)
	at com.sun.javafx.event.BasicEventDispatcher.dispatchEvent(BasicEventDispatcher.java:58)
	at com.sun.javafx.event.EventDispatchChainImpl.dispatchEvent(EventDispatchChainImpl.java:114)
	at com.sun.javafx.event.BasicEventDispatcher.dispatchEvent(BasicEventDispatcher.java:56)
	at com.sun.javafx.event.EventDispatchChainImpl.dispatchEvent(EventDispatchChainImpl.java:114)
	at com.sun.javafx.event.BasicEventDispatcher.dispatchEvent(BasicEventDispatcher.java:56)
	at com.sun.javafx.event.EventDispatchChainImpl.dispatchEvent(EventDispatchChainImpl.java:114)
	at com.sun.javafx.event.BasicEventDispatcher.dispatchEvent(BasicEventDispatcher.java:56)
	at com.sun.javafx.event.EventDispatchChainImpl.dispatchEvent(EventDispatchChainImpl.java:114)
	at com.sun.javafx.event.EventUtil.fireEventImpl(EventUtil.java:74)
	at com.sun.javafx.event.EventUtil.fireEvent(EventUtil.java:54)
	at javafx.event.Event.fireEvent(Event.java:198)
	at javafx.scene.Scene$MouseHandler.process(Scene.java:3851)
	at javafx.scene.Scene$MouseHandler.access$1200(Scene.java:3579)
	at javafx.scene.Scene.processMouseEvent(Scene.java:1849)
	at javafx.scene.Scene$ScenePeerListener.mouseEvent(Scene.java:2588)
	at com.sun.javafx.tk.quantum.GlassViewEventHandler$MouseEventNotification.run(GlassViewEventHandler.java:397)
	at com.sun.javafx.tk.quantum.GlassViewEventHandler$MouseEventNotification.run(GlassViewEventHandler.java:295)
	at java.base/java.security.AccessController.doPrivileged(AccessController.java:391)
	at com.sun.javafx.tk.quantum.GlassViewEventHandler.lambda$handleMouseEvent$2(GlassViewEventHandler.java:434)
	at com.sun.javafx.tk.quantum.QuantumToolkit.runWithoutRenderLock(QuantumToolkit.java:396)
	at com.sun.javafx.tk.quantum.GlassViewEventHandler.handleMouseEvent(GlassViewEventHandler.java:433)
	at com.sun.glass.ui.View.handleMouseEvent(View.java:556)
	at com.sun.glass.ui.View.notifyMouse(View.java:942)
	at com.sun.glass.ui.monocle.MonocleView.notifyMouse(MonocleView.java:116)
	... 29 common frames omitted
2020-07-02 18:03:29,537 [ERROR] from com.jpro.meta.tk.SceneInputListener in JavaFX Application Thread - Error while processing the input: MouseEventToken(MouseReleased,434.89453125,50.00390625,MouseButtonToken(3),false,false,false,false,false,false,false,false) app: stage title: Covid-19 Data
java.lang.reflect.InvocationTargetException: null
	at jdk.internal.reflect.GeneratedMethodAccessor19.invoke(Unknown Source)
	at java.base/jdk.internal.reflect.DelegatingMethodAccessorImpl.invoke(DelegatingMethodAccessorImpl.java:43)
	at java.base/java.lang.reflect.Method.invoke(Method.java:564)
	at simplefx.util.ReflectionUtil$UseReflection.applyDynamic(ReflectionUtil.scala:21)
	at com.jpro.meta.tk.SceneInputListener.processInputInScene(SceneInputListener.scala:169)
	at com.jpro.meta.tk.SceneInputListener.processInput(SceneInputListener.scala:117)
	at com.jpro.meta.tk.SceneInputListener.processInputs(SceneInputListener.scala:98)
	at com.jpro.meta.tk.SceneInputListener.$anonfun$new$4(SceneInputListener.scala:39)
	at simplefx.cores.standard.parts.CoreTimeEvent.$anonfun$runAsAnimation$1(CoreTimeEvent.scala:64)
	at simplefx.cores.standard.parts.CoreTimeEvent$$anon$2.handle(CoreTimeEvent.scala:46)
	at javafx.animation.AnimationTimer$AnimationTimerReceiver.lambda$handle$0(AnimationTimer.java:57)
	at java.base/java.security.AccessController.doPrivileged(AccessController.java:391)
	at javafx.animation.AnimationTimer$AnimationTimerReceiver.handle(AnimationTimer.java:56)
	at com.sun.scenario.animation.AbstractMasterTimer.timePulseImpl(AbstractMasterTimer.java:357)
	at com.sun.scenario.animation.AbstractMasterTimer$MainLoop.run(AbstractMasterTimer.java:267)
	at com.sun.javafx.tk.quantum.QuantumToolkit.pulse(QuantumToolkit.java:525)
	at com.sun.javafx.tk.quantum.QuantumToolkit.pulse(QuantumToolkit.java:509)
	at com.sun.javafx.tk.quantum.QuantumToolkit.pulseFromQueue(QuantumToolkit.java:502)
	at com.sun.javafx.tk.quantum.QuantumToolkit.lambda$runToolkit$12(QuantumToolkit.java:326)
	at com.sun.glass.ui.monocle.RunnableProcessor.runLoop(RunnableProcessor.java:92)
	at com.sun.glass.ui.monocle.RunnableProcessor.run(RunnableProcessor.java:51)
	at java.base/java.lang.Thread.run(Thread.java:832)
Caused by: java.lang.reflect.InvocationTargetException: null
	at jdk.internal.reflect.GeneratedMethodAccessor17.invoke(Unknown Source)
	at java.base/jdk.internal.reflect.DelegatingMethodAccessorImpl.invoke(DelegatingMethodAccessorImpl.java:43)
	at java.base/java.lang.reflect.Method.invoke(Method.java:564)
	at simplefx.util.ReflectionUtil$UseReflection.applyDynamic(ReflectionUtil.scala:21)
	at com.sun.glass.ui.monocle.input.fork.NativeMouseInput.notifyMouse(NativeMouseInput.scala:326)
	at com.sun.glass.ui.monocle.input.fork.NativeMouseInput.postMouseEvent(NativeMouseInput.scala:222)
	at com.sun.glass.ui.monocle.input.fork.NativeMouseInput.setState(NativeMouseInput.scala:182)
	... 22 common frames omitted
Caused by: java.lang.NoClassDefFoundError: com/flexganttfx/view/timeline/Timeline$2
	at com.flexganttfx.view.timeline.Timeline.zoom(Timeline.java:843)
	at com.flexganttfx.view.timeline.Timeline.zoomOut(Timeline.java:778)
	at com.flexganttfx.covid.CovidToolBar.lambda$zoomOut$6(CovidToolBar.java:236)
	at com.sun.javafx.event.CompositeEventHandler.dispatchBubblingEvent(CompositeEventHandler.java:86)
	at com.sun.javafx.event.EventHandlerManager.dispatchBubblingEvent(EventHandlerManager.java:238)
	at com.sun.javafx.event.EventHandlerManager.dispatchBubblingEvent(EventHandlerManager.java:191)
	at com.sun.javafx.event.CompositeEventDispatcher.dispatchBubblingEvent(CompositeEventDispatcher.java:59)
	at com.sun.javafx.event.BasicEventDispatcher.dispatchEvent(BasicEventDispatcher.java:58)
	at com.sun.javafx.event.EventDispatchChainImpl.dispatchEvent(EventDispatchChainImpl.java:114)
	at com.sun.javafx.event.BasicEventDispatcher.dispatchEvent(BasicEventDispatcher.java:56)
	at com.sun.javafx.event.EventDispatchChainImpl.dispatchEvent(EventDispatchChainImpl.java:114)
	at com.sun.javafx.event.BasicEventDispatcher.dispatchEvent(BasicEventDispatcher.java:56)
	at com.sun.javafx.event.EventDispatchChainImpl.dispatchEvent(EventDispatchChainImpl.java:114)
	at com.sun.javafx.event.BasicEventDispatcher.dispatchEvent(BasicEventDispatcher.java:56)
	at com.sun.javafx.event.EventDispatchChainImpl.dispatchEvent(EventDispatchChainImpl.java:114)
	at com.sun.javafx.event.EventUtil.fireEventImpl(EventUtil.java:74)
	at com.sun.javafx.event.EventUtil.fireEvent(EventUtil.java:49)
	at javafx.event.Event.fireEvent(Event.java:198)
	at javafx.scene.Node.fireEvent(Node.java:8890)
	at javafx.scene.control.Button.fire(Button.java:200)
	at com.sun.javafx.scene.control.behavior.ButtonBehavior.mouseReleased(ButtonBehavior.java:206)
	at com.sun.javafx.scene.control.inputmap.InputMap.handle(InputMap.java:274)
	at com.sun.javafx.event.CompositeEventHandler$NormalEventHandlerRecord.handleBubblingEvent(CompositeEventHandler.java:218)
	at com.sun.javafx.event.CompositeEventHandler.dispatchBubblingEvent(CompositeEventHandler.java:80)
	at com.sun.javafx.event.EventHandlerManager.dispatchBubblingEvent(EventHandlerManager.java:238)
	at com.sun.javafx.event.EventHandlerManager.dispatchBubblingEvent(EventHandlerManager.java:191)
	at com.sun.javafx.event.CompositeEventDispatcher.dispatchBubblingEvent(CompositeEventDispatcher.java:59)
	at com.sun.javafx.event.BasicEventDispatcher.dispatchEvent(BasicEventDispatcher.java:58)
	at com.sun.javafx.event.EventDispatchChainImpl.dispatchEvent(EventDispatchChainImpl.java:114)
	at com.sun.javafx.event.BasicEventDispatcher.dispatchEvent(BasicEventDispatcher.java:56)
	at com.sun.javafx.event.EventDispatchChainImpl.dispatchEvent(EventDispatchChainImpl.java:114)
	at com.sun.javafx.event.BasicEventDispatcher.dispatchEvent(BasicEventDispatcher.java:56)
	at com.sun.javafx.event.EventDispatchChainImpl.dispatchEvent(EventDispatchChainImpl.java:114)
	at com.sun.javafx.event.BasicEventDispatcher.dispatchEvent(BasicEventDispatcher.java:56)
	at com.sun.javafx.event.EventDispatchChainImpl.dispatchEvent(EventDispatchChainImpl.java:114)
	at com.sun.javafx.event.EventUtil.fireEventImpl(EventUtil.java:74)
	at com.sun.javafx.event.EventUtil.fireEvent(EventUtil.java:54)
	at javafx.event.Event.fireEvent(Event.java:198)
	at javafx.scene.Scene$MouseHandler.process(Scene.java:3851)
	at javafx.scene.Scene$MouseHandler.access$1200(Scene.java:3579)
	at javafx.scene.Scene.processMouseEvent(Scene.java:1849)
	at javafx.scene.Scene$ScenePeerListener.mouseEvent(Scene.java:2588)
	at com.sun.javafx.tk.quantum.GlassViewEventHandler$MouseEventNotification.run(GlassViewEventHandler.java:397)
	at com.sun.javafx.tk.quantum.GlassViewEventHandler$MouseEventNotification.run(GlassViewEventHandler.java:295)
	at java.base/java.security.AccessController.doPrivileged(AccessController.java:391)
	at com.sun.javafx.tk.quantum.GlassViewEventHandler.lambda$handleMouseEvent$2(GlassViewEventHandler.java:434)
	at com.sun.javafx.tk.quantum.QuantumToolkit.runWithoutRenderLock(QuantumToolkit.java:396)
	at com.sun.javafx.tk.quantum.GlassViewEventHandler.handleMouseEvent(GlassViewEventHandler.java:433)
	at com.sun.glass.ui.View.handleMouseEvent(View.java:556)
	at com.sun.glass.ui.View.notifyMouse(View.java:942)
	at com.sun.glass.ui.monocle.MonocleView.notifyMouse(MonocleView.java:116)
	... 29 common frames omitted
2020-07-02 18:03:37,700 [ERROR] from com.jpro.meta.tk.SceneInputListener in JavaFX Application Thread - Error while processing the input: MouseEventToken(MouseReleased,405.45703125,46.82421875,MouseButtonToken(3),false,false,false,false,false,false,false,false) app: stage title: Covid-19 Data
java.lang.reflect.InvocationTargetException: null
	at jdk.internal.reflect.GeneratedMethodAccessor19.invoke(Unknown Source)
	at java.base/jdk.internal.reflect.DelegatingMethodAccessorImpl.invoke(DelegatingMethodAccessorImpl.java:43)
	at java.base/java.lang.reflect.Method.invoke(Method.java:564)
	at simplefx.util.ReflectionUtil$UseReflection.applyDynamic(ReflectionUtil.scala:21)
	at com.jpro.meta.tk.SceneInputListener.processInputInScene(SceneInputListener.scala:169)
	at com.jpro.meta.tk.SceneInputListener.processInput(SceneInputListener.scala:117)
	at com.jpro.meta.tk.SceneInputListener.processInputs(SceneInputListener.scala:98)
	at com.jpro.meta.tk.SceneInputListener.$anonfun$new$4(SceneInputListener.scala:39)
	at simplefx.cores.standard.parts.CoreTimeEvent.$anonfun$runAsAnimation$1(CoreTimeEvent.scala:64)
	at simplefx.cores.standard.parts.CoreTimeEvent$$anon$2.handle(CoreTimeEvent.scala:46)
	at javafx.animation.AnimationTimer$AnimationTimerReceiver.lambda$handle$0(AnimationTimer.java:57)
	at java.base/java.security.AccessController.doPrivileged(AccessController.java:391)
	at javafx.animation.AnimationTimer$AnimationTimerReceiver.handle(AnimationTimer.java:56)
	at com.sun.scenario.animation.AbstractMasterTimer.timePulseImpl(AbstractMasterTimer.java:357)
	at com.sun.scenario.animation.AbstractMasterTimer$MainLoop.run(AbstractMasterTimer.java:267)
	at com.sun.javafx.tk.quantum.QuantumToolkit.pulse(QuantumToolkit.java:525)
	at com.sun.javafx.tk.quantum.QuantumToolkit.pulse(QuantumToolkit.java:509)
	at com.sun.javafx.tk.quantum.QuantumToolkit.pulseFromQueue(QuantumToolkit.java:502)
	at com.sun.javafx.tk.quantum.QuantumToolkit.lambda$runToolkit$12(QuantumToolkit.java:326)
	at com.sun.glass.ui.monocle.RunnableProcessor.runLoop(RunnableProcessor.java:92)
	at com.sun.glass.ui.monocle.RunnableProcessor.run(RunnableProcessor.java:51)
	at java.base/java.lang.Thread.run(Thread.java:832)
Caused by: java.lang.reflect.InvocationTargetException: null
	at jdk.internal.reflect.GeneratedMethodAccessor17.invoke(Unknown Source)
	at java.base/jdk.internal.reflect.DelegatingMethodAccessorImpl.invoke(DelegatingMethodAccessorImpl.java:43)
	at java.base/java.lang.reflect.Method.invoke(Method.java:564)
	at simplefx.util.ReflectionUtil$UseReflection.applyDynamic(ReflectionUtil.scala:21)
	at com.sun.glass.ui.monocle.input.fork.NativeMouseInput.notifyMouse(NativeMouseInput.scala:326)
	at com.sun.glass.ui.monocle.input.fork.NativeMouseInput.postMouseEvent(NativeMouseInput.scala:222)
	at com.sun.glass.ui.monocle.input.fork.NativeMouseInput.setState(NativeMouseInput.scala:182)
	... 22 common frames omitted
Caused by: java.lang.NoClassDefFoundError: com/flexganttfx/view/timeline/Timeline$2
	at com.flexganttfx.view.timeline.Timeline.zoom(Timeline.java:843)
	at com.flexganttfx.view.timeline.Timeline.zoomOut(Timeline.java:778)
	at com.flexganttfx.covid.CovidToolBar.lambda$zoomOut$6(CovidToolBar.java:236)
	at com.sun.javafx.event.CompositeEventHandler.dispatchBubblingEvent(CompositeEventHandler.java:86)
	at com.sun.javafx.event.EventHandlerManager.dispatchBubblingEvent(EventHandlerManager.java:238)
	at com.sun.javafx.event.EventHandlerManager.dispatchBubblingEvent(EventHandlerManager.java:191)
	at com.sun.javafx.event.CompositeEventDispatcher.dispatchBubblingEvent(CompositeEventDispatcher.java:59)
	at com.sun.javafx.event.BasicEventDispatcher.dispatchEvent(BasicEventDispatcher.java:58)
	at com.sun.javafx.event.EventDispatchChainImpl.dispatchEvent(EventDispatchChainImpl.java:114)
	at com.sun.javafx.event.BasicEventDispatcher.dispatchEvent(BasicEventDispatcher.java:56)
	at com.sun.javafx.event.EventDispatchChainImpl.dispatchEvent(EventDispatchChainImpl.java:114)
	at com.sun.javafx.event.BasicEventDispatcher.dispatchEvent(BasicEventDispatcher.java:56)
	at com.sun.javafx.event.EventDispatchChainImpl.dispatchEvent(EventDispatchChainImpl.java:114)
	at com.sun.javafx.event.BasicEventDispatcher.dispatchEvent(BasicEventDispatcher.java:56)
	at com.sun.javafx.event.EventDispatchChainImpl.dispatchEvent(EventDispatchChainImpl.java:114)
	at com.sun.javafx.event.EventUtil.fireEventImpl(EventUtil.java:74)
	at com.sun.javafx.event.EventUtil.fireEvent(EventUtil.java:49)
	at javafx.event.Event.fireEvent(Event.java:198)
	at javafx.scene.Node.fireEvent(Node.java:8890)
	at javafx.scene.control.Button.fire(Button.java:200)
	at com.sun.javafx.scene.control.behavior.ButtonBehavior.mouseReleased(ButtonBehavior.java:206)
	at com.sun.javafx.scene.control.inputmap.InputMap.handle(InputMap.java:274)
	at com.sun.javafx.event.CompositeEventHandler$NormalEventHandlerRecord.handleBubblingEvent(CompositeEventHandler.java:218)
	at com.sun.javafx.event.CompositeEventHandler.dispatchBubblingEvent(CompositeEventHandler.java:80)
	at com.sun.javafx.event.EventHandlerManager.dispatchBubblingEvent(EventHandlerManager.java:238)
	at com.sun.javafx.event.EventHandlerManager.dispatchBubblingEvent(EventHandlerManager.java:191)
	at com.sun.javafx.event.CompositeEventDispatcher.dispatchBubblingEvent(CompositeEventDispatcher.java:59)
	at com.sun.javafx.event.BasicEventDispatcher.dispatchEvent(BasicEventDispatcher.java:58)
	at com.sun.javafx.event.EventDispatchChainImpl.dispatchEvent(EventDispatchChainImpl.java:114)
	at com.sun.javafx.event.BasicEventDispatcher.dispatchEvent(BasicEventDispatcher.java:56)
	at com.sun.javafx.event.EventDispatchChainImpl.dispatchEvent(EventDispatchChainImpl.java:114)
	at com.sun.javafx.event.BasicEventDispatcher.dispatchEvent(BasicEventDispatcher.java:56)
	at com.sun.javafx.event.EventDispatchChainImpl.dispatchEvent(EventDispatchChainImpl.java:114)
	at com.sun.javafx.event.BasicEventDispatcher.dispatchEvent(BasicEventDispatcher.java:56)
	at com.sun.javafx.event.EventDispatchChainImpl.dispatchEvent(EventDispatchChainImpl.java:114)
	at com.sun.javafx.event.EventUtil.fireEventImpl(EventUtil.java:74)
	at com.sun.javafx.event.EventUtil.fireEvent(EventUtil.java:54)
	at javafx.event.Event.fireEvent(Event.java:198)
	at javafx.scene.Scene$MouseHandler.process(Scene.java:3851)
	at javafx.scene.Scene$MouseHandler.access$1200(Scene.java:3579)
	at javafx.scene.Scene.processMouseEvent(Scene.java:1849)
	at javafx.scene.Scene$ScenePeerListener.mouseEvent(Scene.java:2588)
	at com.sun.javafx.tk.quantum.GlassViewEventHandler$MouseEventNotification.run(GlassViewEventHandler.java:397)
	at com.sun.javafx.tk.quantum.GlassViewEventHandler$MouseEventNotification.run(GlassViewEventHandler.java:295)
	at java.base/java.security.AccessController.doPrivileged(AccessController.java:391)
	at com.sun.javafx.tk.quantum.GlassViewEventHandler.lambda$handleMouseEvent$2(GlassViewEventHandler.java:434)
	at com.sun.javafx.tk.quantum.QuantumToolkit.runWithoutRenderLock(QuantumToolkit.java:396)
	at com.sun.javafx.tk.quantum.GlassViewEventHandler.handleMouseEvent(GlassViewEventHandler.java:433)
	at com.sun.glass.ui.View.handleMouseEvent(View.java:556)
	at com.sun.glass.ui.View.notifyMouse(View.java:942)
	at com.sun.glass.ui.monocle.MonocleView.notifyMouse(MonocleView.java:116)
	... 29 common frames omitted
2020-07-02 18:03:38,294 [ERROR] from com.jpro.meta.tk.SceneInputListener in JavaFX Application Thread - Error while processing the input: MouseEventToken(MouseReleased,405.45703125,46.82421875,MouseButtonToken(3),false,false,false,false,false,false,false,false) app: stage title: Covid-19 Data
java.lang.reflect.InvocationTargetException: null
	at jdk.internal.reflect.GeneratedMethodAccessor19.invoke(Unknown Source)
	at java.base/jdk.internal.reflect.DelegatingMethodAccessorImpl.invoke(DelegatingMethodAccessorImpl.java:43)
	at java.base/java.lang.reflect.Method.invoke(Method.java:564)
	at simplefx.util.ReflectionUtil$UseReflection.applyDynamic(ReflectionUtil.scala:21)
	at com.jpro.meta.tk.SceneInputListener.processInputInScene(SceneInputListener.scala:169)
	at com.jpro.meta.tk.SceneInputListener.processInput(SceneInputListener.scala:117)
	at com.jpro.meta.tk.SceneInputListener.processInputs(SceneInputListener.scala:98)
	at com.jpro.meta.tk.SceneInputListener.$anonfun$new$4(SceneInputListener.scala:39)
	at simplefx.cores.standard.parts.CoreTimeEvent.$anonfun$runAsAnimation$1(CoreTimeEvent.scala:64)
	at simplefx.cores.standard.parts.CoreTimeEvent$$anon$2.handle(CoreTimeEvent.scala:46)
	at javafx.animation.AnimationTimer$AnimationTimerReceiver.lambda$handle$0(AnimationTimer.java:57)
	at java.base/java.security.AccessController.doPrivileged(AccessController.java:391)
	at javafx.animation.AnimationTimer$AnimationTimerReceiver.handle(AnimationTimer.java:56)
	at com.sun.scenario.animation.AbstractMasterTimer.timePulseImpl(AbstractMasterTimer.java:357)
	at com.sun.scenario.animation.AbstractMasterTimer$MainLoop.run(AbstractMasterTimer.java:267)
	at com.sun.javafx.tk.quantum.QuantumToolkit.pulse(QuantumToolkit.java:525)
	at com.sun.javafx.tk.quantum.QuantumToolkit.pulse(QuantumToolkit.java:509)
	at com.sun.javafx.tk.quantum.QuantumToolkit.pulseFromQueue(QuantumToolkit.java:502)
	at com.sun.javafx.tk.quantum.QuantumToolkit.lambda$runToolkit$12(QuantumToolkit.java:326)
	at com.sun.glass.ui.monocle.RunnableProcessor.runLoop(RunnableProcessor.java:92)
	at com.sun.glass.ui.monocle.RunnableProcessor.run(RunnableProcessor.java:51)
	at java.base/java.lang.Thread.run(Thread.java:832)
Caused by: java.lang.reflect.InvocationTargetException: null
	at jdk.internal.reflect.GeneratedMethodAccessor17.invoke(Unknown Source)
	at java.base/jdk.internal.reflect.DelegatingMethodAccessorImpl.invoke(DelegatingMethodAccessorImpl.java:43)
	at java.base/java.lang.reflect.Method.invoke(Method.java:564)
	at simplefx.util.ReflectionUtil$UseReflection.applyDynamic(ReflectionUtil.scala:21)
	at com.sun.glass.ui.monocle.input.fork.NativeMouseInput.notifyMouse(NativeMouseInput.scala:326)
	at com.sun.glass.ui.monocle.input.fork.NativeMouseInput.postMouseEvent(NativeMouseInput.scala:222)
	at com.sun.glass.ui.monocle.input.fork.NativeMouseInput.setState(NativeMouseInput.scala:182)
	... 22 common frames omitted
Caused by: java.lang.NoClassDefFoundError: com/flexganttfx/view/timeline/Timeline$2
	at com.flexganttfx.view.timeline.Timeline.zoom(Timeline.java:843)
	at com.flexganttfx.view.timeline.Timeline.zoomOut(Timeline.java:778)
	at com.flexganttfx.covid.CovidToolBar.lambda$zoomOut$6(CovidToolBar.java:236)
	at com.sun.javafx.event.CompositeEventHandler.dispatchBubblingEvent(CompositeEventHandler.java:86)
	at com.sun.javafx.event.EventHandlerManager.dispatchBubblingEvent(EventHandlerManager.java:238)
	at com.sun.javafx.event.EventHandlerManager.dispatchBubblingEvent(EventHandlerManager.java:191)
	at com.sun.javafx.event.CompositeEventDispatcher.dispatchBubblingEvent(CompositeEventDispatcher.java:59)
	at com.sun.javafx.event.BasicEventDispatcher.dispatchEvent(BasicEventDispatcher.java:58)
	at com.sun.javafx.event.EventDispatchChainImpl.dispatchEvent(EventDispatchChainImpl.java:114)
	at com.sun.javafx.event.BasicEventDispatcher.dispatchEvent(BasicEventDispatcher.java:56)
	at com.sun.javafx.event.EventDispatchChainImpl.dispatchEvent(EventDispatchChainImpl.java:114)
	at com.sun.javafx.event.BasicEventDispatcher.dispatchEvent(BasicEventDispatcher.java:56)
	at com.sun.javafx.event.EventDispatchChainImpl.dispatchEvent(EventDispatchChainImpl.java:114)
	at com.sun.javafx.event.BasicEventDispatcher.dispatchEvent(BasicEventDispatcher.java:56)
	at com.sun.javafx.event.EventDispatchChainImpl.dispatchEvent(EventDispatchChainImpl.java:114)
	at com.sun.javafx.event.EventUtil.fireEventImpl(EventUtil.java:74)
	at com.sun.javafx.event.EventUtil.fireEvent(EventUtil.java:49)
	at javafx.event.Event.fireEvent(Event.java:198)
	at javafx.scene.Node.fireEvent(Node.java:8890)
	at javafx.scene.control.Button.fire(Button.java:200)
	at com.sun.javafx.scene.control.behavior.ButtonBehavior.mouseReleased(ButtonBehavior.java:206)
	at com.sun.javafx.scene.control.inputmap.InputMap.handle(InputMap.java:274)
	at com.sun.javafx.event.CompositeEventHandler$NormalEventHandlerRecord.handleBubblingEvent(CompositeEventHandler.java:218)
	at com.sun.javafx.event.CompositeEventHandler.dispatchBubblingEvent(CompositeEventHandler.java:80)
	at com.sun.javafx.event.EventHandlerManager.dispatchBubblingEvent(EventHandlerManager.java:238)
	at com.sun.javafx.event.EventHandlerManager.dispatchBubblingEvent(EventHandlerManager.java:191)
	at com.sun.javafx.event.CompositeEventDispatcher.dispatchBubblingEvent(CompositeEventDispatcher.java:59)
	at com.sun.javafx.event.BasicEventDispatcher.dispatchEvent(BasicEventDispatcher.java:58)
	at com.sun.javafx.event.EventDispatchChainImpl.dispatchEvent(EventDispatchChainImpl.java:114)
	at com.sun.javafx.event.BasicEventDispatcher.dispatchEvent(BasicEventDispatcher.java:56)
	at com.sun.javafx.event.EventDispatchChainImpl.dispatchEvent(EventDispatchChainImpl.java:114)
	at com.sun.javafx.event.BasicEventDispatcher.dispatchEvent(BasicEventDispatcher.java:56)
	at com.sun.javafx.event.EventDispatchChainImpl.dispatchEvent(EventDispatchChainImpl.java:114)
	at com.sun.javafx.event.BasicEventDispatcher.dispatchEvent(BasicEventDispatcher.java:56)
	at com.sun.javafx.event.EventDispatchChainImpl.dispatchEvent(EventDispatchChainImpl.java:114)
	at com.sun.javafx.event.EventUtil.fireEventImpl(EventUtil.java:74)
	at com.sun.javafx.event.EventUtil.fireEvent(EventUtil.java:54)
	at javafx.event.Event.fireEvent(Event.java:198)
	at javafx.scene.Scene$MouseHandler.process(Scene.java:3851)
	at javafx.scene.Scene$MouseHandler.access$1200(Scene.java:3579)
	at javafx.scene.Scene.processMouseEvent(Scene.java:1849)
	at javafx.scene.Scene$ScenePeerListener.mouseEvent(Scene.java:2588)
	at com.sun.javafx.tk.quantum.GlassViewEventHandler$MouseEventNotification.run(GlassViewEventHandler.java:397)
	at com.sun.javafx.tk.quantum.GlassViewEventHandler$MouseEventNotification.run(GlassViewEventHandler.java:295)
	at java.base/java.security.AccessController.doPrivileged(AccessController.java:391)
	at com.sun.javafx.tk.quantum.GlassViewEventHandler.lambda$handleMouseEvent$2(GlassViewEventHandler.java:434)
	at com.sun.javafx.tk.quantum.QuantumToolkit.runWithoutRenderLock(QuantumToolkit.java:396)
	at com.sun.javafx.tk.quantum.GlassViewEventHandler.handleMouseEvent(GlassViewEventHandler.java:433)
	at com.sun.glass.ui.View.handleMouseEvent(View.java:556)
	at com.sun.glass.ui.View.notifyMouse(View.java:942)
	at com.sun.glass.ui.monocle.MonocleView.notifyMouse(MonocleView.java:116)
	... 29 common frames omitted
2020-07-02 18:03:38,508 [ERROR] from com.jpro.meta.tk.SceneInputListener in JavaFX Application Thread - Error while processing the input: MouseEventToken(MouseReleased,405.45703125,46.82421875,MouseButtonToken(3),false,false,false,false,false,false,false,false) app: stage title: Covid-19 Data
java.lang.reflect.InvocationTargetException: null
	at jdk.internal.reflect.GeneratedMethodAccessor19.invoke(Unknown Source)
	at java.base/jdk.internal.reflect.DelegatingMethodAccessorImpl.invoke(DelegatingMethodAccessorImpl.java:43)
	at java.base/java.lang.reflect.Method.invoke(Method.java:564)
	at simplefx.util.ReflectionUtil$UseReflection.applyDynamic(ReflectionUtil.scala:21)
	at com.jpro.meta.tk.SceneInputListener.processInputInScene(SceneInputListener.scala:169)
	at com.jpro.meta.tk.SceneInputListener.processInput(SceneInputListener.scala:117)
	at com.jpro.meta.tk.SceneInputListener.processInputs(SceneInputListener.scala:98)
	at com.jpro.meta.tk.SceneInputListener.$anonfun$new$4(SceneInputListener.scala:39)
	at simplefx.cores.standard.parts.CoreTimeEvent.$anonfun$runAsAnimation$1(CoreTimeEvent.scala:64)
	at simplefx.cores.standard.parts.CoreTimeEvent$$anon$2.handle(CoreTimeEvent.scala:46)
	at javafx.animation.AnimationTimer$AnimationTimerReceiver.lambda$handle$0(AnimationTimer.java:57)
	at java.base/java.security.AccessController.doPrivileged(AccessController.java:391)
	at javafx.animation.AnimationTimer$AnimationTimerReceiver.handle(AnimationTimer.java:56)
	at com.sun.scenario.animation.AbstractMasterTimer.timePulseImpl(AbstractMasterTimer.java:357)
	at com.sun.scenario.animation.AbstractMasterTimer$MainLoop.run(AbstractMasterTimer.java:267)
	at com.sun.javafx.tk.quantum.QuantumToolkit.pulse(QuantumToolkit.java:525)
	at com.sun.javafx.tk.quantum.QuantumToolkit.pulse(QuantumToolkit.java:509)
	at com.sun.javafx.tk.quantum.QuantumToolkit.pulseFromQueue(QuantumToolkit.java:502)
	at com.sun.javafx.tk.quantum.QuantumToolkit.lambda$runToolkit$12(QuantumToolkit.java:326)
	at com.sun.glass.ui.monocle.RunnableProcessor.runLoop(RunnableProcessor.java:92)
	at com.sun.glass.ui.monocle.RunnableProcessor.run(RunnableProcessor.java:51)
	at java.base/java.lang.Thread.run(Thread.java:832)
Caused by: java.lang.reflect.InvocationTargetException: null
	at jdk.internal.reflect.GeneratedMethodAccessor17.invoke(Unknown Source)
	at java.base/jdk.internal.reflect.DelegatingMethodAccessorImpl.invoke(DelegatingMethodAccessorImpl.java:43)
	at java.base/java.lang.reflect.Method.invoke(Method.java:564)
	at simplefx.util.ReflectionUtil$UseReflection.applyDynamic(ReflectionUtil.scala:21)
	at com.sun.glass.ui.monocle.input.fork.NativeMouseInput.notifyMouse(NativeMouseInput.scala:326)
	at com.sun.glass.ui.monocle.input.fork.NativeMouseInput.postMouseEvent(NativeMouseInput.scala:222)
	at com.sun.glass.ui.monocle.input.fork.NativeMouseInput.setState(NativeMouseInput.scala:182)
	... 22 common frames omitted
Caused by: java.lang.NoClassDefFoundError: com/flexganttfx/view/timeline/Timeline$2
	at com.flexganttfx.view.timeline.Timeline.zoom(Timeline.java:843)
	at com.flexganttfx.view.timeline.Timeline.zoomOut(Timeline.java:778)
	at com.flexganttfx.covid.CovidToolBar.lambda$zoomOut$6(CovidToolBar.java:236)
	at com.sun.javafx.event.CompositeEventHandler.dispatchBubblingEvent(CompositeEventHandler.java:86)
	at com.sun.javafx.event.EventHandlerManager.dispatchBubblingEvent(EventHandlerManager.java:238)
	at com.sun.javafx.event.EventHandlerManager.dispatchBubblingEvent(EventHandlerManager.java:191)
	at com.sun.javafx.event.CompositeEventDispatcher.dispatchBubblingEvent(CompositeEventDispatcher.java:59)
	at com.sun.javafx.event.BasicEventDispatcher.dispatchEvent(BasicEventDispatcher.java:58)
	at com.sun.javafx.event.EventDispatchChainImpl.dispatchEvent(EventDispatchChainImpl.java:114)
	at com.sun.javafx.event.BasicEventDispatcher.dispatchEvent(BasicEventDispatcher.java:56)
	at com.sun.javafx.event.EventDispatchChainImpl.dispatchEvent(EventDispatchChainImpl.java:114)
	at com.sun.javafx.event.BasicEventDispatcher.dispatchEvent(BasicEventDispatcher.java:56)
	at com.sun.javafx.event.EventDispatchChainImpl.dispatchEvent(EventDispatchChainImpl.java:114)
	at com.sun.javafx.event.BasicEventDispatcher.dispatchEvent(BasicEventDispatcher.java:56)
	at com.sun.javafx.event.EventDispatchChainImpl.dispatchEvent(EventDispatchChainImpl.java:114)
	at com.sun.javafx.event.EventUtil.fireEventImpl(EventUtil.java:74)
	at com.sun.javafx.event.EventUtil.fireEvent(EventUtil.java:49)
	at javafx.event.Event.fireEvent(Event.java:198)
	at javafx.scene.Node.fireEvent(Node.java:8890)
	at javafx.scene.control.Button.fire(Button.java:200)
	at com.sun.javafx.scene.control.behavior.ButtonBehavior.mouseReleased(ButtonBehavior.java:206)
	at com.sun.javafx.scene.control.inputmap.InputMap.handle(InputMap.java:274)
	at com.sun.javafx.event.CompositeEventHandler$NormalEventHandlerRecord.handleBubblingEvent(CompositeEventHandler.java:218)
	at com.sun.javafx.event.CompositeEventHandler.dispatchBubblingEvent(CompositeEventHandler.java:80)
	at com.sun.javafx.event.EventHandlerManager.dispatchBubblingEvent(EventHandlerManager.java:238)
	at com.sun.javafx.event.EventHandlerManager.dispatchBubblingEvent(EventHandlerManager.java:191)
	at com.sun.javafx.event.CompositeEventDispatcher.dispatchBubblingEvent(CompositeEventDispatcher.java:59)
	at com.sun.javafx.event.BasicEventDispatcher.dispatchEvent(BasicEventDispatcher.java:58)
	at com.sun.javafx.event.EventDispatchChainImpl.dispatchEvent(EventDispatchChainImpl.java:114)
	at com.sun.javafx.event.BasicEventDispatcher.dispatchEvent(BasicEventDispatcher.java:56)
	at com.sun.javafx.event.EventDispatchChainImpl.dispatchEvent(EventDispatchChainImpl.java:114)
	at com.sun.javafx.event.BasicEventDispatcher.dispatchEvent(BasicEventDispatcher.java:56)
	at com.sun.javafx.event.EventDispatchChainImpl.dispatchEvent(EventDispatchChainImpl.java:114)
	at com.sun.javafx.event.BasicEventDispatcher.dispatchEvent(BasicEventDispatcher.java:56)
	at com.sun.javafx.event.EventDispatchChainImpl.dispatchEvent(EventDispatchChainImpl.java:114)
	at com.sun.javafx.event.EventUtil.fireEventImpl(EventUtil.java:74)
	at com.sun.javafx.event.EventUtil.fireEvent(EventUtil.java:54)
	at javafx.event.Event.fireEvent(Event.java:198)
	at javafx.scene.Scene$MouseHandler.process(Scene.java:3851)
	at javafx.scene.Scene$MouseHandler.access$1200(Scene.java:3579)
	at javafx.scene.Scene.processMouseEvent(Scene.java:1849)
	at javafx.scene.Scene$ScenePeerListener.mouseEvent(Scene.java:2588)
	at com.sun.javafx.tk.quantum.GlassViewEventHandler$MouseEventNotification.run(GlassViewEventHandler.java:397)
	at com.sun.javafx.tk.quantum.GlassViewEventHandler$MouseEventNotification.run(GlassViewEventHandler.java:295)
	at java.base/java.security.AccessController.doPrivileged(AccessController.java:391)
	at com.sun.javafx.tk.quantum.GlassViewEventHandler.lambda$handleMouseEvent$2(GlassViewEventHandler.java:434)
	at com.sun.javafx.tk.quantum.QuantumToolkit.runWithoutRenderLock(QuantumToolkit.java:396)
	at com.sun.javafx.tk.quantum.GlassViewEventHandler.handleMouseEvent(GlassViewEventHandler.java:433)
	at com.sun.glass.ui.View.handleMouseEvent(View.java:556)
	at com.sun.glass.ui.View.notifyMouse(View.java:942)
	at com.sun.glass.ui.monocle.MonocleView.notifyMouse(MonocleView.java:116)
	... 29 common frames omitted
2020-07-02 18:03:38,714 [ERROR] from com.jpro.meta.tk.SceneInputListener in JavaFX Application Thread - Error while processing the input: MouseEventToken(MouseReleased,405.45703125,46.82421875,MouseButtonToken(3),false,false,false,false,false,false,false,false) app: stage title: Covid-19 Data
java.lang.reflect.InvocationTargetException: null
	at jdk.internal.reflect.GeneratedMethodAccessor19.invoke(Unknown Source)
	at java.base/jdk.internal.reflect.DelegatingMethodAccessorImpl.invoke(DelegatingMethodAccessorImpl.java:43)
	at java.base/java.lang.reflect.Method.invoke(Method.java:564)
	at simplefx.util.ReflectionUtil$UseReflection.applyDynamic(ReflectionUtil.scala:21)
	at com.jpro.meta.tk.SceneInputListener.processInputInScene(SceneInputListener.scala:169)
	at com.jpro.meta.tk.SceneInputListener.processInput(SceneInputListener.scala:117)
	at com.jpro.meta.tk.SceneInputListener.processInputs(SceneInputListener.scala:98)
	at com.jpro.meta.tk.SceneInputListener.$anonfun$new$4(SceneInputListener.scala:39)
	at simplefx.cores.standard.parts.CoreTimeEvent.$anonfun$runAsAnimation$1(CoreTimeEvent.scala:64)
	at simplefx.cores.standard.parts.CoreTimeEvent$$anon$2.handle(CoreTimeEvent.scala:46)
	at javafx.animation.AnimationTimer$AnimationTimerReceiver.lambda$handle$0(AnimationTimer.java:57)
	at java.base/java.security.AccessController.doPrivileged(AccessController.java:391)
	at javafx.animation.AnimationTimer$AnimationTimerReceiver.handle(AnimationTimer.java:56)
	at com.sun.scenario.animation.AbstractMasterTimer.timePulseImpl(AbstractMasterTimer.java:357)
	at com.sun.scenario.animation.AbstractMasterTimer$MainLoop.run(AbstractMasterTimer.java:267)
	at com.sun.javafx.tk.quantum.QuantumToolkit.pulse(QuantumToolkit.java:525)
	at com.sun.javafx.tk.quantum.QuantumToolkit.pulse(QuantumToolkit.java:509)
	at com.sun.javafx.tk.quantum.QuantumToolkit.pulseFromQueue(QuantumToolkit.java:502)
	at com.sun.javafx.tk.quantum.QuantumToolkit.lambda$runToolkit$12(QuantumToolkit.java:326)
	at com.sun.glass.ui.monocle.RunnableProcessor.runLoop(RunnableProcessor.java:92)
	at com.sun.glass.ui.monocle.RunnableProcessor.run(RunnableProcessor.java:51)
	at java.base/java.lang.Thread.run(Thread.java:832)
Caused by: java.lang.reflect.InvocationTargetException: null
	at jdk.internal.reflect.GeneratedMethodAccessor17.invoke(Unknown Source)
	at java.base/jdk.internal.reflect.DelegatingMethodAccessorImpl.invoke(DelegatingMethodAccessorImpl.java:43)
	at java.base/java.lang.reflect.Method.invoke(Method.java:564)
	at simplefx.util.ReflectionUtil$UseReflection.applyDynamic(ReflectionUtil.scala:21)
	at com.sun.glass.ui.monocle.input.fork.NativeMouseInput.notifyMouse(NativeMouseInput.scala:326)
	at com.sun.glass.ui.monocle.input.fork.NativeMouseInput.postMouseEvent(NativeMouseInput.scala:222)
	at com.sun.glass.ui.monocle.input.fork.NativeMouseInput.setState(NativeMouseInput.scala:182)
	... 22 common frames omitted
Caused by: java.lang.NoClassDefFoundError: com/flexganttfx/view/timeline/Timeline$2
	at com.flexganttfx.view.timeline.Timeline.zoom(Timeline.java:843)
	at com.flexganttfx.view.timeline.Timeline.zoomOut(Timeline.java:778)
	at com.flexganttfx.covid.CovidToolBar.lambda$zoomOut$6(CovidToolBar.java:236)
	at com.sun.javafx.event.CompositeEventHandler.dispatchBubblingEvent(CompositeEventHandler.java:86)
	at com.sun.javafx.event.EventHandlerManager.dispatchBubblingEvent(EventHandlerManager.java:238)
	at com.sun.javafx.event.EventHandlerManager.dispatchBubblingEvent(EventHandlerManager.java:191)
	at com.sun.javafx.event.CompositeEventDispatcher.dispatchBubblingEvent(CompositeEventDispatcher.java:59)
	at com.sun.javafx.event.BasicEventDispatcher.dispatchEvent(BasicEventDispatcher.java:58)
	at com.sun.javafx.event.EventDispatchChainImpl.dispatchEvent(EventDispatchChainImpl.java:114)
	at com.sun.javafx.event.BasicEventDispatcher.dispatchEvent(BasicEventDispatcher.java:56)
	at com.sun.javafx.event.EventDispatchChainImpl.dispatchEvent(EventDispatchChainImpl.java:114)
	at com.sun.javafx.event.BasicEventDispatcher.dispatchEvent(BasicEventDispatcher.java:56)
	at com.sun.javafx.event.EventDispatchChainImpl.dispatchEvent(EventDispatchChainImpl.java:114)
	at com.sun.javafx.event.BasicEventDispatcher.dispatchEvent(BasicEventDispatcher.java:56)
	at com.sun.javafx.event.EventDispatchChainImpl.dispatchEvent(EventDispatchChainImpl.java:114)
	at com.sun.javafx.event.EventUtil.fireEventImpl(EventUtil.java:74)
	at com.sun.javafx.event.EventUtil.fireEvent(EventUtil.java:49)
	at javafx.event.Event.fireEvent(Event.java:198)
	at javafx.scene.Node.fireEvent(Node.java:8890)
	at javafx.scene.control.Button.fire(Button.java:200)
	at com.sun.javafx.scene.control.behavior.ButtonBehavior.mouseReleased(ButtonBehavior.java:206)
	at com.sun.javafx.scene.control.inputmap.InputMap.handle(InputMap.java:274)
	at com.sun.javafx.event.CompositeEventHandler$NormalEventHandlerRecord.handleBubblingEvent(CompositeEventHandler.java:218)
	at com.sun.javafx.event.CompositeEventHandler.dispatchBubblingEvent(CompositeEventHandler.java:80)
	at com.sun.javafx.event.EventHandlerManager.dispatchBubblingEvent(EventHandlerManager.java:238)
	at com.sun.javafx.event.EventHandlerManager.dispatchBubblingEvent(EventHandlerManager.java:191)
	at com.sun.javafx.event.CompositeEventDispatcher.dispatchBubblingEvent(CompositeEventDispatcher.java:59)
	at com.sun.javafx.event.BasicEventDispatcher.dispatchEvent(BasicEventDispatcher.java:58)
	at com.sun.javafx.event.EventDispatchChainImpl.dispatchEvent(EventDispatchChainImpl.java:114)
	at com.sun.javafx.event.BasicEventDispatcher.dispatchEvent(BasicEventDispatcher.java:56)
	at com.sun.javafx.event.EventDispatchChainImpl.dispatchEvent(EventDispatchChainImpl.java:114)
	at com.sun.javafx.event.BasicEventDispatcher.dispatchEvent(BasicEventDispatcher.java:56)
	at com.sun.javafx.event.EventDispatchChainImpl.dispatchEvent(EventDispatchChainImpl.java:114)
	at com.sun.javafx.event.BasicEventDispatcher.dispatchEvent(BasicEventDispatcher.java:56)
	at com.sun.javafx.event.EventDispatchChainImpl.dispatchEvent(EventDispatchChainImpl.java:114)
	at com.sun.javafx.event.EventUtil.fireEventImpl(EventUtil.java:74)
	at com.sun.javafx.event.EventUtil.fireEvent(EventUtil.java:54)
	at javafx.event.Event.fireEvent(Event.java:198)
	at javafx.scene.Scene$MouseHandler.process(Scene.java:3851)
	at javafx.scene.Scene$MouseHandler.access$1200(Scene.java:3579)
	at javafx.scene.Scene.processMouseEvent(Scene.java:1849)
	at javafx.scene.Scene$ScenePeerListener.mouseEvent(Scene.java:2588)
	at com.sun.javafx.tk.quantum.GlassViewEventHandler$MouseEventNotification.run(GlassViewEventHandler.java:397)
	at com.sun.javafx.tk.quantum.GlassViewEventHandler$MouseEventNotification.run(GlassViewEventHandler.java:295)
	at java.base/java.security.AccessController.doPrivileged(AccessController.java:391)
	at com.sun.javafx.tk.quantum.GlassViewEventHandler.lambda$handleMouseEvent$2(GlassViewEventHandler.java:434)
	at com.sun.javafx.tk.quantum.QuantumToolkit.runWithoutRenderLock(QuantumToolkit.java:396)
	at com.sun.javafx.tk.quantum.GlassViewEventHandler.handleMouseEvent(GlassViewEventHandler.java:433)
	at com.sun.glass.ui.View.handleMouseEvent(View.java:556)
	at com.sun.glass.ui.View.notifyMouse(View.java:942)
	at com.sun.glass.ui.monocle.MonocleView.notifyMouse(MonocleView.java:116)
	... 29 common frames omitted
2020-07-02 18:03:40,039 [ERROR] from com.jpro.meta.tk.SceneInputListener in JavaFX Application Thread - Error while processing the input: MouseEventToken(MouseReleased,349.140625,48.765625,MouseButtonToken(3),false,false,false,false,false,false,false,false) app: stage title: Covid-19 Data
java.lang.reflect.InvocationTargetException: null
	at jdk.internal.reflect.GeneratedMethodAccessor19.invoke(Unknown Source)
	at java.base/jdk.internal.reflect.DelegatingMethodAccessorImpl.invoke(DelegatingMethodAccessorImpl.java:43)
	at java.base/java.lang.reflect.Method.invoke(Method.java:564)
	at simplefx.util.ReflectionUtil$UseReflection.applyDynamic(ReflectionUtil.scala:21)
	at com.jpro.meta.tk.SceneInputListener.processInputInScene(SceneInputListener.scala:169)
	at com.jpro.meta.tk.SceneInputListener.processInput(SceneInputListener.scala:117)
	at com.jpro.meta.tk.SceneInputListener.processInputs(SceneInputListener.scala:98)
	at com.jpro.meta.tk.SceneInputListener.$anonfun$new$4(SceneInputListener.scala:39)
	at simplefx.cores.standard.parts.CoreTimeEvent.$anonfun$runAsAnimation$1(CoreTimeEvent.scala:64)
	at simplefx.cores.standard.parts.CoreTimeEvent$$anon$2.handle(CoreTimeEvent.scala:46)
	at javafx.animation.AnimationTimer$AnimationTimerReceiver.lambda$handle$0(AnimationTimer.java:57)
	at java.base/java.security.AccessController.doPrivileged(AccessController.java:391)
	at javafx.animation.AnimationTimer$AnimationTimerReceiver.handle(AnimationTimer.java:56)
	at com.sun.scenario.animation.AbstractMasterTimer.timePulseImpl(AbstractMasterTimer.java:357)
	at com.sun.scenario.animation.AbstractMasterTimer$MainLoop.run(AbstractMasterTimer.java:267)
	at com.sun.javafx.tk.quantum.QuantumToolkit.pulse(QuantumToolkit.java:525)
	at com.sun.javafx.tk.quantum.QuantumToolkit.pulse(QuantumToolkit.java:509)
	at com.sun.javafx.tk.quantum.QuantumToolkit.pulseFromQueue(QuantumToolkit.java:502)
	at com.sun.javafx.tk.quantum.QuantumToolkit.lambda$runToolkit$12(QuantumToolkit.java:326)
	at com.sun.glass.ui.monocle.RunnableProcessor.runLoop(RunnableProcessor.java:92)
	at com.sun.glass.ui.monocle.RunnableProcessor.run(RunnableProcessor.java:51)
	at java.base/java.lang.Thread.run(Thread.java:832)
Caused by: java.lang.reflect.InvocationTargetException: null
	at jdk.internal.reflect.GeneratedMethodAccessor17.invoke(Unknown Source)
	at java.base/jdk.internal.reflect.DelegatingMethodAccessorImpl.invoke(DelegatingMethodAccessorImpl.java:43)
	at java.base/java.lang.reflect.Method.invoke(Method.java:564)
	at simplefx.util.ReflectionUtil$UseReflection.applyDynamic(ReflectionUtil.scala:21)
	at com.sun.glass.ui.monocle.input.fork.NativeMouseInput.notifyMouse(NativeMouseInput.scala:326)
	at com.sun.glass.ui.monocle.input.fork.NativeMouseInput.postMouseEvent(NativeMouseInput.scala:222)
	at com.sun.glass.ui.monocle.input.fork.NativeMouseInput.setState(NativeMouseInput.scala:182)
	... 22 common frames omitted
Caused by: java.lang.NoClassDefFoundError: com/flexganttfx/view/timeline/Timeline$2
	at com.flexganttfx.view.timeline.Timeline.zoom(Timeline.java:843)
	at com.flexganttfx.view.timeline.Timeline.zoomIn(Timeline.java:765)
	at com.flexganttfx.covid.CovidToolBar.lambda$zoomIn$7(CovidToolBar.java:240)
	at com.sun.javafx.event.CompositeEventHandler.dispatchBubblingEvent(CompositeEventHandler.java:86)
	at com.sun.javafx.event.EventHandlerManager.dispatchBubblingEvent(EventHandlerManager.java:238)
	at com.sun.javafx.event.EventHandlerManager.dispatchBubblingEvent(EventHandlerManager.java:191)
	at com.sun.javafx.event.CompositeEventDispatcher.dispatchBubblingEvent(CompositeEventDispatcher.java:59)
	at com.sun.javafx.event.BasicEventDispatcher.dispatchEvent(BasicEventDispatcher.java:58)
	at com.sun.javafx.event.EventDispatchChainImpl.dispatchEvent(EventDispatchChainImpl.java:114)
	at com.sun.javafx.event.BasicEventDispatcher.dispatchEvent(BasicEventDispatcher.java:56)
	at com.sun.javafx.event.EventDispatchChainImpl.dispatchEvent(EventDispatchChainImpl.java:114)
	at com.sun.javafx.event.BasicEventDispatcher.dispatchEvent(BasicEventDispatcher.java:56)
	at com.sun.javafx.event.EventDispatchChainImpl.dispatchEvent(EventDispatchChainImpl.java:114)
	at com.sun.javafx.event.BasicEventDispatcher.dispatchEvent(BasicEventDispatcher.java:56)
	at com.sun.javafx.event.EventDispatchChainImpl.dispatchEvent(EventDispatchChainImpl.java:114)
	at com.sun.javafx.event.EventUtil.fireEventImpl(EventUtil.java:74)
	at com.sun.javafx.event.EventUtil.fireEvent(EventUtil.java:49)
	at javafx.event.Event.fireEvent(Event.java:198)
	at javafx.scene.Node.fireEvent(Node.java:8890)
	at javafx.scene.control.Button.fire(Button.java:200)
	at com.sun.javafx.scene.control.behavior.ButtonBehavior.mouseReleased(ButtonBehavior.java:206)
	at com.sun.javafx.scene.control.inputmap.InputMap.handle(InputMap.java:274)
	at com.sun.javafx.event.CompositeEventHandler$NormalEventHandlerRecord.handleBubblingEvent(CompositeEventHandler.java:218)
	at com.sun.javafx.event.CompositeEventHandler.dispatchBubblingEvent(CompositeEventHandler.java:80)
	at com.sun.javafx.event.EventHandlerManager.dispatchBubblingEvent(EventHandlerManager.java:238)
	at com.sun.javafx.event.EventHandlerManager.dispatchBubblingEvent(EventHandlerManager.java:191)
	at com.sun.javafx.event.CompositeEventDispatcher.dispatchBubblingEvent(CompositeEventDispatcher.java:59)
	at com.sun.javafx.event.BasicEventDispatcher.dispatchEvent(BasicEventDispatcher.java:58)
	at com.sun.javafx.event.EventDispatchChainImpl.dispatchEvent(EventDispatchChainImpl.java:114)
	at com.sun.javafx.event.BasicEventDispatcher.dispatchEvent(BasicEventDispatcher.java:56)
	at com.sun.javafx.event.EventDispatchChainImpl.dispatchEvent(EventDispatchChainImpl.java:114)
	at com.sun.javafx.event.BasicEventDispatcher.dispatchEvent(BasicEventDispatcher.java:56)
	at com.sun.javafx.event.EventDispatchChainImpl.dispatchEvent(EventDispatchChainImpl.java:114)
	at com.sun.javafx.event.BasicEventDispatcher.dispatchEvent(BasicEventDispatcher.java:56)
	at com.sun.javafx.event.EventDispatchChainImpl.dispatchEvent(EventDispatchChainImpl.java:114)
	at com.sun.javafx.event.EventUtil.fireEventImpl(EventUtil.java:74)
	at com.sun.javafx.event.EventUtil.fireEvent(EventUtil.java:54)
	at javafx.event.Event.fireEvent(Event.java:198)
	at javafx.scene.Scene$MouseHandler.process(Scene.java:3851)
	at javafx.scene.Scene$MouseHandler.access$1200(Scene.java:3579)
	at javafx.scene.Scene.processMouseEvent(Scene.java:1849)
	at javafx.scene.Scene$ScenePeerListener.mouseEvent(Scene.java:2588)
	at com.sun.javafx.tk.quantum.GlassViewEventHandler$MouseEventNotification.run(GlassViewEventHandler.java:397)
	at com.sun.javafx.tk.quantum.GlassViewEventHandler$MouseEventNotification.run(GlassViewEventHandler.java:295)
	at java.base/java.security.AccessController.doPrivileged(AccessController.java:391)
	at com.sun.javafx.tk.quantum.GlassViewEventHandler.lambda$handleMouseEvent$2(GlassViewEventHandler.java:434)
	at com.sun.javafx.tk.quantum.QuantumToolkit.runWithoutRenderLock(QuantumToolkit.java:396)
	at com.sun.javafx.tk.quantum.GlassViewEventHandler.handleMouseEvent(GlassViewEventHandler.java:433)
	at com.sun.glass.ui.View.handleMouseEvent(View.java:556)
	at com.sun.glass.ui.View.notifyMouse(View.java:942)
	at com.sun.glass.ui.monocle.MonocleView.notifyMouse(MonocleView.java:116)
	... 29 common frames omitted
2020-07-02 18:03:52,700 [ERROR] from com.jpro.meta.tk.SceneInputListener in JavaFX Application Thread - Error while processing the input: MouseEventToken(MouseReleased,329.0,41.0,MouseButtonToken(3),false,false,false,false,false,false,false,false) app: stage title: Covid-19 Data
java.lang.reflect.InvocationTargetException: null
	at jdk.internal.reflect.GeneratedMethodAccessor19.invoke(Unknown Source)
	at java.base/jdk.internal.reflect.DelegatingMethodAccessorImpl.invoke(DelegatingMethodAccessorImpl.java:43)
	at java.base/java.lang.reflect.Method.invoke(Method.java:564)
	at simplefx.util.ReflectionUtil$UseReflection.applyDynamic(ReflectionUtil.scala:21)
	at com.jpro.meta.tk.SceneInputListener.processInputInScene(SceneInputListener.scala:169)
	at com.jpro.meta.tk.SceneInputListener.processInput(SceneInputListener.scala:117)
	at com.jpro.meta.tk.SceneInputListener.processInputs(SceneInputListener.scala:98)
	at com.jpro.meta.tk.SceneInputListener.$anonfun$new$4(SceneInputListener.scala:39)
	at simplefx.cores.standard.parts.CoreTimeEvent.$anonfun$runAsAnimation$1(CoreTimeEvent.scala:64)
	at simplefx.cores.standard.parts.CoreTimeEvent$$anon$2.handle(CoreTimeEvent.scala:46)
	at javafx.animation.AnimationTimer$AnimationTimerReceiver.lambda$handle$0(AnimationTimer.java:57)
	at java.base/java.security.AccessController.doPrivileged(AccessController.java:391)
	at javafx.animation.AnimationTimer$AnimationTimerReceiver.handle(AnimationTimer.java:56)
	at com.sun.scenario.animation.AbstractMasterTimer.timePulseImpl(AbstractMasterTimer.java:357)
	at com.sun.scenario.animation.AbstractMasterTimer$MainLoop.run(AbstractMasterTimer.java:267)
	at com.sun.javafx.tk.quantum.QuantumToolkit.pulse(QuantumToolkit.java:525)
	at com.sun.javafx.tk.quantum.QuantumToolkit.pulse(QuantumToolkit.java:509)
	at com.sun.javafx.tk.quantum.QuantumToolkit.pulseFromQueue(QuantumToolkit.java:502)
	at com.sun.javafx.tk.quantum.QuantumToolkit.lambda$runToolkit$12(QuantumToolkit.java:326)
	at com.sun.glass.ui.monocle.RunnableProcessor.runLoop(RunnableProcessor.java:92)
	at com.sun.glass.ui.monocle.RunnableProcessor.run(RunnableProcessor.java:51)
	at java.base/java.lang.Thread.run(Thread.java:832)
Caused by: java.lang.reflect.InvocationTargetException: null
	at jdk.internal.reflect.GeneratedMethodAccessor17.invoke(Unknown Source)
	at java.base/jdk.internal.reflect.DelegatingMethodAccessorImpl.invoke(DelegatingMethodAccessorImpl.java:43)
	at java.base/java.lang.reflect.Method.invoke(Method.java:564)
	at simplefx.util.ReflectionUtil$UseReflection.applyDynamic(ReflectionUtil.scala:21)
	at com.sun.glass.ui.monocle.input.fork.NativeMouseInput.notifyMouse(NativeMouseInput.scala:326)
	at com.sun.glass.ui.monocle.input.fork.NativeMouseInput.postMouseEvent(NativeMouseInput.scala:222)
	at com.sun.glass.ui.monocle.input.fork.NativeMouseInput.setState(NativeMouseInput.scala:182)
	... 22 common frames omitted
Caused by: java.lang.NoClassDefFoundError: com/flexganttfx/view/timeline/Timeline$2
	at com.flexganttfx.view.timeline.Timeline.zoom(Timeline.java:843)
	at com.flexganttfx.view.timeline.Timeline.zoomIn(Timeline.java:765)
	at com.flexganttfx.covid.CovidToolBar.lambda$zoomIn$7(CovidToolBar.java:240)
	at com.sun.javafx.event.CompositeEventHandler.dispatchBubblingEvent(CompositeEventHandler.java:86)
	at com.sun.javafx.event.EventHandlerManager.dispatchBubblingEvent(EventHandlerManager.java:238)
	at com.sun.javafx.event.EventHandlerManager.dispatchBubblingEvent(EventHandlerManager.java:191)
	at com.sun.javafx.event.CompositeEventDispatcher.dispatchBubblingEvent(CompositeEventDispatcher.java:59)
	at com.sun.javafx.event.BasicEventDispatcher.dispatchEvent(BasicEventDispatcher.java:58)
	at com.sun.javafx.event.EventDispatchChainImpl.dispatchEvent(EventDispatchChainImpl.java:114)
	at com.sun.javafx.event.BasicEventDispatcher.dispatchEvent(BasicEventDispatcher.java:56)
	at com.sun.javafx.event.EventDispatchChainImpl.dispatchEvent(EventDispatchChainImpl.java:114)
	at com.sun.javafx.event.BasicEventDispatcher.dispatchEvent(BasicEventDispatcher.java:56)
	at com.sun.javafx.event.EventDispatchChainImpl.dispatchEvent(EventDispatchChainImpl.java:114)
	at com.sun.javafx.event.BasicEventDispatcher.dispatchEvent(BasicEventDispatcher.java:56)
	at com.sun.javafx.event.EventDispatchChainImpl.dispatchEvent(EventDispatchChainImpl.java:114)
	at com.sun.javafx.event.EventUtil.fireEventImpl(EventUtil.java:74)
	at com.sun.javafx.event.EventUtil.fireEvent(EventUtil.java:49)
	at javafx.event.Event.fireEvent(Event.java:198)
	at javafx.scene.Node.fireEvent(Node.java:8890)
	at javafx.scene.control.Button.fire(Button.java:200)
	at com.sun.javafx.scene.control.behavior.ButtonBehavior.mouseReleased(ButtonBehavior.java:206)
	at com.sun.javafx.scene.control.inputmap.InputMap.handle(InputMap.java:274)
	at com.sun.javafx.event.CompositeEventHandler$NormalEventHandlerRecord.handleBubblingEvent(CompositeEventHandler.java:218)
	at com.sun.javafx.event.CompositeEventHandler.dispatchBubblingEvent(CompositeEventHandler.java:80)
	at com.sun.javafx.event.EventHandlerManager.dispatchBubblingEvent(EventHandlerManager.java:238)
	at com.sun.javafx.event.EventHandlerManager.dispatchBubblingEvent(EventHandlerManager.java:191)
	at com.sun.javafx.event.CompositeEventDispatcher.dispatchBubblingEvent(CompositeEventDispatcher.java:59)
	at com.sun.javafx.event.BasicEventDispatcher.dispatchEvent(BasicEventDispatcher.java:58)
	at com.sun.javafx.event.EventDispatchChainImpl.dispatchEvent(EventDispatchChainImpl.java:114)
	at com.sun.javafx.event.BasicEventDispatcher.dispatchEvent(BasicEventDispatcher.java:56)
	at com.sun.javafx.event.EventDispatchChainImpl.dispatchEvent(EventDispatchChainImpl.java:114)
	at com.sun.javafx.event.BasicEventDispatcher.dispatchEvent(BasicEventDispatcher.java:56)
	at com.sun.javafx.event.EventDispatchChainImpl.dispatchEvent(EventDispatchChainImpl.java:114)
	at com.sun.javafx.event.BasicEventDispatcher.dispatchEvent(BasicEventDispatcher.java:56)
	at com.sun.javafx.event.EventDispatchChainImpl.dispatchEvent(EventDispatchChainImpl.java:114)
	at com.sun.javafx.event.EventUtil.fireEventImpl(EventUtil.java:74)
	at com.sun.javafx.event.EventUtil.fireEvent(EventUtil.java:54)
	at javafx.event.Event.fireEvent(Event.java:198)
	at javafx.scene.Scene$MouseHandler.process(Scene.java:3851)
	at javafx.scene.Scene$MouseHandler.access$1200(Scene.java:3579)
	at javafx.scene.Scene.processMouseEvent(Scene.java:1849)
	at javafx.scene.Scene$ScenePeerListener.mouseEvent(Scene.java:2588)
	at com.sun.javafx.tk.quantum.GlassViewEventHandler$MouseEventNotification.run(GlassViewEventHandler.java:397)
	at com.sun.javafx.tk.quantum.GlassViewEventHandler$MouseEventNotification.run(GlassViewEventHandler.java:295)
	at java.base/java.security.AccessController.doPrivileged(AccessController.java:391)
	at com.sun.javafx.tk.quantum.GlassViewEventHandler.lambda$handleMouseEvent$2(GlassViewEventHandler.java:434)
	at com.sun.javafx.tk.quantum.QuantumToolkit.runWithoutRenderLock(QuantumToolkit.java:396)
	at com.sun.javafx.tk.quantum.GlassViewEventHandler.handleMouseEvent(GlassViewEventHandler.java:433)
	at com.sun.glass.ui.View.handleMouseEvent(View.java:556)
	at com.sun.glass.ui.View.notifyMouse(View.java:942)
	at com.sun.glass.ui.monocle.MonocleView.notifyMouse(MonocleView.java:116)
	... 29 common frames omitted
2020-07-02 18:03:54,420 [ERROR] from com.jpro.meta.tk.SceneInputListener in JavaFX Application Thread - Error while processing the input: MouseEventToken(MouseReleased,399.0,52.0,MouseButtonToken(3),false,false,false,false,false,false,false,false) app: stage title: Covid-19 Data
java.lang.reflect.InvocationTargetException: null
	at jdk.internal.reflect.GeneratedMethodAccessor19.invoke(Unknown Source)
	at java.base/jdk.internal.reflect.DelegatingMethodAccessorImpl.invoke(DelegatingMethodAccessorImpl.java:43)
	at java.base/java.lang.reflect.Method.invoke(Method.java:564)
	at simplefx.util.ReflectionUtil$UseReflection.applyDynamic(ReflectionUtil.scala:21)
	at com.jpro.meta.tk.SceneInputListener.processInputInScene(SceneInputListener.scala:169)
	at com.jpro.meta.tk.SceneInputListener.processInput(SceneInputListener.scala:117)
	at com.jpro.meta.tk.SceneInputListener.processInputs(SceneInputListener.scala:98)
	at com.jpro.meta.tk.SceneInputListener.$anonfun$new$4(SceneInputListener.scala:39)
	at simplefx.cores.standard.parts.CoreTimeEvent.$anonfun$runAsAnimation$1(CoreTimeEvent.scala:64)
	at simplefx.cores.standard.parts.CoreTimeEvent$$anon$2.handle(CoreTimeEvent.scala:46)
	at javafx.animation.AnimationTimer$AnimationTimerReceiver.lambda$handle$0(AnimationTimer.java:57)
	at java.base/java.security.AccessController.doPrivileged(AccessController.java:391)
	at javafx.animation.AnimationTimer$AnimationTimerReceiver.handle(AnimationTimer.java:56)
	at com.sun.scenario.animation.AbstractMasterTimer.timePulseImpl(AbstractMasterTimer.java:357)
	at com.sun.scenario.animation.AbstractMasterTimer$MainLoop.run(AbstractMasterTimer.java:267)
	at com.sun.javafx.tk.quantum.QuantumToolkit.pulse(QuantumToolkit.java:525)
	at com.sun.javafx.tk.quantum.QuantumToolkit.pulse(QuantumToolkit.java:509)
	at com.sun.javafx.tk.quantum.QuantumToolkit.pulseFromQueue(QuantumToolkit.java:502)
	at com.sun.javafx.tk.quantum.QuantumToolkit.lambda$runToolkit$12(QuantumToolkit.java:326)
	at com.sun.glass.ui.monocle.RunnableProcessor.runLoop(RunnableProcessor.java:92)
	at com.sun.glass.ui.monocle.RunnableProcessor.run(RunnableProcessor.java:51)
	at java.base/java.lang.Thread.run(Thread.java:832)
Caused by: java.lang.reflect.InvocationTargetException: null
	at jdk.internal.reflect.GeneratedMethodAccessor17.invoke(Unknown Source)
	at java.base/jdk.internal.reflect.DelegatingMethodAccessorImpl.invoke(DelegatingMethodAccessorImpl.java:43)
	at java.base/java.lang.reflect.Method.invoke(Method.java:564)
	at simplefx.util.ReflectionUtil$UseReflection.applyDynamic(ReflectionUtil.scala:21)
	at com.sun.glass.ui.monocle.input.fork.NativeMouseInput.notifyMouse(NativeMouseInput.scala:326)
	at com.sun.glass.ui.monocle.input.fork.NativeMouseInput.postMouseEvent(NativeMouseInput.scala:222)
	at com.sun.glass.ui.monocle.input.fork.NativeMouseInput.setState(NativeMouseInput.scala:182)
	... 22 common frames omitted
Caused by: java.lang.NoClassDefFoundError: com/flexganttfx/view/timeline/Timeline$2
	at com.flexganttfx.view.timeline.Timeline.zoom(Timeline.java:843)
	at com.flexganttfx.view.timeline.Timeline.zoomOut(Timeline.java:778)
	at com.flexganttfx.covid.CovidToolBar.lambda$zoomOut$6(CovidToolBar.java:236)
	at com.sun.javafx.event.CompositeEventHandler.dispatchBubblingEvent(CompositeEventHandler.java:86)
	at com.sun.javafx.event.EventHandlerManager.dispatchBubblingEvent(EventHandlerManager.java:238)
	at com.sun.javafx.event.EventHandlerManager.dispatchBubblingEvent(EventHandlerManager.java:191)
	at com.sun.javafx.event.CompositeEventDispatcher.dispatchBubblingEvent(CompositeEventDispatcher.java:59)
	at com.sun.javafx.event.BasicEventDispatcher.dispatchEvent(BasicEventDispatcher.java:58)
	at com.sun.javafx.event.EventDispatchChainImpl.dispatchEvent(EventDispatchChainImpl.java:114)
	at com.sun.javafx.event.BasicEventDispatcher.dispatchEvent(BasicEventDispatcher.java:56)
	at com.sun.javafx.event.EventDispatchChainImpl.dispatchEvent(EventDispatchChainImpl.java:114)
	at com.sun.javafx.event.BasicEventDispatcher.dispatchEvent(BasicEventDispatcher.java:56)
	at com.sun.javafx.event.EventDispatchChainImpl.dispatchEvent(EventDispatchChainImpl.java:114)
	at com.sun.javafx.event.BasicEventDispatcher.dispatchEvent(BasicEventDispatcher.java:56)
	at com.sun.javafx.event.EventDispatchChainImpl.dispatchEvent(EventDispatchChainImpl.java:114)
	at com.sun.javafx.event.EventUtil.fireEventImpl(EventUtil.java:74)
	at com.sun.javafx.event.EventUtil.fireEvent(EventUtil.java:49)
	at javafx.event.Event.fireEvent(Event.java:198)
	at javafx.scene.Node.fireEvent(Node.java:8890)
	at javafx.scene.control.Button.fire(Button.java:200)
	at com.sun.javafx.scene.control.behavior.ButtonBehavior.mouseReleased(ButtonBehavior.java:206)
	at com.sun.javafx.scene.control.inputmap.InputMap.handle(InputMap.java:274)
	at com.sun.javafx.event.CompositeEventHandler$NormalEventHandlerRecord.handleBubblingEvent(CompositeEventHandler.java:218)
	at com.sun.javafx.event.CompositeEventHandler.dispatchBubblingEvent(CompositeEventHandler.java:80)
	at com.sun.javafx.event.EventHandlerManager.dispatchBubblingEvent(EventHandlerManager.java:238)
	at com.sun.javafx.event.EventHandlerManager.dispatchBubblingEvent(EventHandlerManager.java:191)
	at com.sun.javafx.event.CompositeEventDispatcher.dispatchBubblingEvent(CompositeEventDispatcher.java:59)
	at com.sun.javafx.event.BasicEventDispatcher.dispatchEvent(BasicEventDispatcher.java:58)
	at com.sun.javafx.event.EventDispatchChainImpl.dispatchEvent(EventDispatchChainImpl.java:114)
	at com.sun.javafx.event.BasicEventDispatcher.dispatchEvent(BasicEventDispatcher.java:56)
	at com.sun.javafx.event.EventDispatchChainImpl.dispatchEvent(EventDispatchChainImpl.java:114)
	at com.sun.javafx.event.BasicEventDispatcher.dispatchEvent(BasicEventDispatcher.java:56)
	at com.sun.javafx.event.EventDispatchChainImpl.dispatchEvent(EventDispatchChainImpl.java:114)
	at com.sun.javafx.event.BasicEventDispatcher.dispatchEvent(BasicEventDispatcher.java:56)
	at com.sun.javafx.event.EventDispatchChainImpl.dispatchEvent(EventDispatchChainImpl.java:114)
	at com.sun.javafx.event.EventUtil.fireEventImpl(EventUtil.java:74)
	at com.sun.javafx.event.EventUtil.fireEvent(EventUtil.java:54)
	at javafx.event.Event.fireEvent(Event.java:198)
	at javafx.scene.Scene$MouseHandler.process(Scene.java:3851)
	at javafx.scene.Scene$MouseHandler.access$1200(Scene.java:3579)
	at javafx.scene.Scene.processMouseEvent(Scene.java:1849)
	at javafx.scene.Scene$ScenePeerListener.mouseEvent(Scene.java:2588)
	at com.sun.javafx.tk.quantum.GlassViewEventHandler$MouseEventNotification.run(GlassViewEventHandler.java:397)
	at com.sun.javafx.tk.quantum.GlassViewEventHandler$MouseEventNotification.run(GlassViewEventHandler.java:295)
	at java.base/java.security.AccessController.doPrivileged(AccessController.java:391)
	at com.sun.javafx.tk.quantum.GlassViewEventHandler.lambda$handleMouseEvent$2(GlassViewEventHandler.java:434)
	at com.sun.javafx.tk.quantum.QuantumToolkit.runWithoutRenderLock(QuantumToolkit.java:396)
	at com.sun.javafx.tk.quantum.GlassViewEventHandler.handleMouseEvent(GlassViewEventHandler.java:433)
	at com.sun.glass.ui.View.handleMouseEvent(View.java:556)
	at com.sun.glass.ui.View.notifyMouse(View.java:942)
	at com.sun.glass.ui.monocle.MonocleView.notifyMouse(MonocleView.java:116)
	... 29 common frames omitted
2020-07-02 18:08:09,622 [ERROR] from com.jpro.meta.tk.SceneInputListener in JavaFX Application Thread - Error while processing the input: MouseEventToken(MouseReleased,419.125,45.65625,MouseButtonToken(3),false,false,false,false,false,false,false,false) app: stage title: Covid-19 Data
java.lang.reflect.InvocationTargetException: null
	at jdk.internal.reflect.GeneratedMethodAccessor19.invoke(Unknown Source)
	at java.base/jdk.internal.reflect.DelegatingMethodAccessorImpl.invoke(DelegatingMethodAccessorImpl.java:43)
	at java.base/java.lang.reflect.Method.invoke(Method.java:564)
	at simplefx.util.ReflectionUtil$UseReflection.applyDynamic(ReflectionUtil.scala:21)
	at com.jpro.meta.tk.SceneInputListener.processInputInScene(SceneInputListener.scala:169)
	at com.jpro.meta.tk.SceneInputListener.processInput(SceneInputListener.scala:117)
	at com.jpro.meta.tk.SceneInputListener.processInputs(SceneInputListener.scala:98)
	at com.jpro.meta.tk.SceneInputListener.$anonfun$new$4(SceneInputListener.scala:39)
	at simplefx.cores.standard.parts.CoreTimeEvent.$anonfun$runAsAnimation$1(CoreTimeEvent.scala:64)
	at simplefx.cores.standard.parts.CoreTimeEvent$$anon$2.handle(CoreTimeEvent.scala:46)
	at javafx.animation.AnimationTimer$AnimationTimerReceiver.lambda$handle$0(AnimationTimer.java:57)
	at java.base/java.security.AccessController.doPrivileged(AccessController.java:391)
	at javafx.animation.AnimationTimer$AnimationTimerReceiver.handle(AnimationTimer.java:56)
	at com.sun.scenario.animation.AbstractMasterTimer.timePulseImpl(AbstractMasterTimer.java:357)
	at com.sun.scenario.animation.AbstractMasterTimer$MainLoop.run(AbstractMasterTimer.java:267)
	at com.sun.javafx.tk.quantum.QuantumToolkit.pulse(QuantumToolkit.java:525)
	at com.sun.javafx.tk.quantum.QuantumToolkit.pulse(QuantumToolkit.java:509)
	at com.sun.javafx.tk.quantum.QuantumToolkit.pulseFromQueue(QuantumToolkit.java:502)
	at com.sun.javafx.tk.quantum.QuantumToolkit.lambda$runToolkit$12(QuantumToolkit.java:326)
	at com.sun.glass.ui.monocle.RunnableProcessor.runLoop(RunnableProcessor.java:92)
	at com.sun.glass.ui.monocle.RunnableProcessor.run(RunnableProcessor.java:51)
	at java.base/java.lang.Thread.run(Thread.java:832)
Caused by: java.lang.reflect.InvocationTargetException: null
	at jdk.internal.reflect.GeneratedMethodAccessor17.invoke(Unknown Source)
	at java.base/jdk.internal.reflect.DelegatingMethodAccessorImpl.invoke(DelegatingMethodAccessorImpl.java:43)
	at java.base/java.lang.reflect.Method.invoke(Method.java:564)
	at simplefx.util.ReflectionUtil$UseReflection.applyDynamic(ReflectionUtil.scala:21)
	at com.sun.glass.ui.monocle.input.fork.NativeMouseInput.notifyMouse(NativeMouseInput.scala:326)
	at com.sun.glass.ui.monocle.input.fork.NativeMouseInput.postMouseEvent(NativeMouseInput.scala:222)
	at com.sun.glass.ui.monocle.input.fork.NativeMouseInput.setState(NativeMouseInput.scala:182)
	... 22 common frames omitted
Caused by: java.lang.NoClassDefFoundError: com/flexganttfx/view/timeline/Timeline$2
	at com.flexganttfx.view.timeline.Timeline.zoom(Timeline.java:843)
	at com.flexganttfx.view.timeline.Timeline.zoomOut(Timeline.java:778)
	at com.flexganttfx.covid.CovidToolBar.lambda$zoomOut$6(CovidToolBar.java:236)
	at com.sun.javafx.event.CompositeEventHandler.dispatchBubblingEvent(CompositeEventHandler.java:86)
	at com.sun.javafx.event.EventHandlerManager.dispatchBubblingEvent(EventHandlerManager.java:238)
	at com.sun.javafx.event.EventHandlerManager.dispatchBubblingEvent(EventHandlerManager.java:191)
	at com.sun.javafx.event.CompositeEventDispatcher.dispatchBubblingEvent(CompositeEventDispatcher.java:59)
	at com.sun.javafx.event.BasicEventDispatcher.dispatchEvent(BasicEventDispatcher.java:58)
	at com.sun.javafx.event.EventDispatchChainImpl.dispatchEvent(EventDispatchChainImpl.java:114)
	at com.sun.javafx.event.BasicEventDispatcher.dispatchEvent(BasicEventDispatcher.java:56)
	at com.sun.javafx.event.EventDispatchChainImpl.dispatchEvent(EventDispatchChainImpl.java:114)
	at com.sun.javafx.event.BasicEventDispatcher.dispatchEvent(BasicEventDispatcher.java:56)
	at com.sun.javafx.event.EventDispatchChainImpl.dispatchEvent(EventDispatchChainImpl.java:114)
	at com.sun.javafx.event.BasicEventDispatcher.dispatchEvent(BasicEventDispatcher.java:56)
	at com.sun.javafx.event.EventDispatchChainImpl.dispatchEvent(EventDispatchChainImpl.java:114)
	at com.sun.javafx.event.EventUtil.fireEventImpl(EventUtil.java:74)
	at com.sun.javafx.event.EventUtil.fireEvent(EventUtil.java:49)
	at javafx.event.Event.fireEvent(Event.java:198)
	at javafx.scene.Node.fireEvent(Node.java:8890)
	at javafx.scene.control.Button.fire(Button.java:200)
	at com.sun.javafx.scene.control.behavior.ButtonBehavior.mouseReleased(ButtonBehavior.java:206)
	at com.sun.javafx.scene.control.inputmap.InputMap.handle(InputMap.java:274)
	at com.sun.javafx.event.CompositeEventHandler$NormalEventHandlerRecord.handleBubblingEvent(CompositeEventHandler.java:218)
	at com.sun.javafx.event.CompositeEventHandler.dispatchBubblingEvent(CompositeEventHandler.java:80)
	at com.sun.javafx.event.EventHandlerManager.dispatchBubblingEvent(EventHandlerManager.java:238)
	at com.sun.javafx.event.EventHandlerManager.dispatchBubblingEvent(EventHandlerManager.java:191)
	at com.sun.javafx.event.CompositeEventDispatcher.dispatchBubblingEvent(CompositeEventDispatcher.java:59)
	at com.sun.javafx.event.BasicEventDispatcher.dispatchEvent(BasicEventDispatcher.java:58)
	at com.sun.javafx.event.EventDispatchChainImpl.dispatchEvent(EventDispatchChainImpl.java:114)
	at com.sun.javafx.event.BasicEventDispatcher.dispatchEvent(BasicEventDispatcher.java:56)
	at com.sun.javafx.event.EventDispatchChainImpl.dispatchEvent(EventDispatchChainImpl.java:114)
	at com.sun.javafx.event.BasicEventDispatcher.dispatchEvent(BasicEventDispatcher.java:56)
	at com.sun.javafx.event.EventDispatchChainImpl.dispatchEvent(EventDispatchChainImpl.java:114)
	at com.sun.javafx.event.BasicEventDispatcher.dispatchEvent(BasicEventDispatcher.java:56)
	at com.sun.javafx.event.EventDispatchChainImpl.dispatchEvent(EventDispatchChainImpl.java:114)
	at com.sun.javafx.event.EventUtil.fireEventImpl(EventUtil.java:74)
	at com.sun.javafx.event.EventUtil.fireEvent(EventUtil.java:54)
	at javafx.event.Event.fireEvent(Event.java:198)
	at javafx.scene.Scene$MouseHandler.process(Scene.java:3851)
	at javafx.scene.Scene$MouseHandler.access$1200(Scene.java:3579)
	at javafx.scene.Scene.processMouseEvent(Scene.java:1849)
	at javafx.scene.Scene$ScenePeerListener.mouseEvent(Scene.java:2588)
	at com.sun.javafx.tk.quantum.GlassViewEventHandler$MouseEventNotification.run(GlassViewEventHandler.java:397)
	at com.sun.javafx.tk.quantum.GlassViewEventHandler$MouseEventNotification.run(GlassViewEventHandler.java:295)
	at java.base/java.security.AccessController.doPrivileged(AccessController.java:391)
	at com.sun.javafx.tk.quantum.GlassViewEventHandler.lambda$handleMouseEvent$2(GlassViewEventHandler.java:434)
	at com.sun.javafx.tk.quantum.QuantumToolkit.runWithoutRenderLock(QuantumToolkit.java:396)
	at com.sun.javafx.tk.quantum.GlassViewEventHandler.handleMouseEvent(GlassViewEventHandler.java:433)
	at com.sun.glass.ui.View.handleMouseEvent(View.java:556)
	at com.sun.glass.ui.View.notifyMouse(View.java:942)
	at com.sun.glass.ui.monocle.MonocleView.notifyMouse(MonocleView.java:116)
	... 29 common frames omitted
2020-07-02 18:08:11,139 [ERROR] from com.jpro.meta.tk.SceneInputListener in JavaFX Application Thread - Error while processing the input: MouseEventToken(MouseReleased,425.32421875,50.4453125,MouseButtonToken(3),false,false,false,false,false,false,false,false) app: stage title: Covid-19 Data
java.lang.reflect.InvocationTargetException: null
	at jdk.internal.reflect.GeneratedMethodAccessor19.invoke(Unknown Source)
	at java.base/jdk.internal.reflect.DelegatingMethodAccessorImpl.invoke(DelegatingMethodAccessorImpl.java:43)
	at java.base/java.lang.reflect.Method.invoke(Method.java:564)
	at simplefx.util.ReflectionUtil$UseReflection.applyDynamic(ReflectionUtil.scala:21)
	at com.jpro.meta.tk.SceneInputListener.processInputInScene(SceneInputListener.scala:169)
	at com.jpro.meta.tk.SceneInputListener.processInput(SceneInputListener.scala:117)
	at com.jpro.meta.tk.SceneInputListener.processInputs(SceneInputListener.scala:98)
	at com.jpro.meta.tk.SceneInputListener.$anonfun$new$4(SceneInputListener.scala:39)
	at simplefx.cores.standard.parts.CoreTimeEvent.$anonfun$runAsAnimation$1(CoreTimeEvent.scala:64)
	at simplefx.cores.standard.parts.CoreTimeEvent$$anon$2.handle(CoreTimeEvent.scala:46)
	at javafx.animation.AnimationTimer$AnimationTimerReceiver.lambda$handle$0(AnimationTimer.java:57)
	at java.base/java.security.AccessController.doPrivileged(AccessController.java:391)
	at javafx.animation.AnimationTimer$AnimationTimerReceiver.handle(AnimationTimer.java:56)
	at com.sun.scenario.animation.AbstractMasterTimer.timePulseImpl(AbstractMasterTimer.java:357)
	at com.sun.scenario.animation.AbstractMasterTimer$MainLoop.run(AbstractMasterTimer.java:267)
	at com.sun.javafx.tk.quantum.QuantumToolkit.pulse(QuantumToolkit.java:525)
	at com.sun.javafx.tk.quantum.QuantumToolkit.pulse(QuantumToolkit.java:509)
	at com.sun.javafx.tk.quantum.QuantumToolkit.pulseFromQueue(QuantumToolkit.java:502)
	at com.sun.javafx.tk.quantum.QuantumToolkit.lambda$runToolkit$12(QuantumToolkit.java:326)
	at com.sun.glass.ui.monocle.RunnableProcessor.runLoop(RunnableProcessor.java:92)
	at com.sun.glass.ui.monocle.RunnableProcessor.run(RunnableProcessor.java:51)
	at java.base/java.lang.Thread.run(Thread.java:832)
Caused by: java.lang.reflect.InvocationTargetException: null
	at jdk.internal.reflect.GeneratedMethodAccessor17.invoke(Unknown Source)
	at java.base/jdk.internal.reflect.DelegatingMethodAccessorImpl.invoke(DelegatingMethodAccessorImpl.java:43)
	at java.base/java.lang.reflect.Method.invoke(Method.java:564)
	at simplefx.util.ReflectionUtil$UseReflection.applyDynamic(ReflectionUtil.scala:21)
	at com.sun.glass.ui.monocle.input.fork.NativeMouseInput.notifyMouse(NativeMouseInput.scala:326)
	at com.sun.glass.ui.monocle.input.fork.NativeMouseInput.postMouseEvent(NativeMouseInput.scala:222)
	at com.sun.glass.ui.monocle.input.fork.NativeMouseInput.setState(NativeMouseInput.scala:182)
	... 22 common frames omitted
Caused by: java.lang.NoClassDefFoundError: com/flexganttfx/view/timeline/Timeline$2
	at com.flexganttfx.view.timeline.Timeline.zoom(Timeline.java:843)
	at com.flexganttfx.view.timeline.Timeline.zoomOut(Timeline.java:778)
	at com.flexganttfx.covid.CovidToolBar.lambda$zoomOut$6(CovidToolBar.java:236)
	at com.sun.javafx.event.CompositeEventHandler.dispatchBubblingEvent(CompositeEventHandler.java:86)
	at com.sun.javafx.event.EventHandlerManager.dispatchBubblingEvent(EventHandlerManager.java:238)
	at com.sun.javafx.event.EventHandlerManager.dispatchBubblingEvent(EventHandlerManager.java:191)
	at com.sun.javafx.event.CompositeEventDispatcher.dispatchBubblingEvent(CompositeEventDispatcher.java:59)
	at com.sun.javafx.event.BasicEventDispatcher.dispatchEvent(BasicEventDispatcher.java:58)
	at com.sun.javafx.event.EventDispatchChainImpl.dispatchEvent(EventDispatchChainImpl.java:114)
	at com.sun.javafx.event.BasicEventDispatcher.dispatchEvent(BasicEventDispatcher.java:56)
	at com.sun.javafx.event.EventDispatchChainImpl.dispatchEvent(EventDispatchChainImpl.java:114)
	at com.sun.javafx.event.BasicEventDispatcher.dispatchEvent(BasicEventDispatcher.java:56)
	at com.sun.javafx.event.EventDispatchChainImpl.dispatchEvent(EventDispatchChainImpl.java:114)
	at com.sun.javafx.event.BasicEventDispatcher.dispatchEvent(BasicEventDispatcher.java:56)
	at com.sun.javafx.event.EventDispatchChainImpl.dispatchEvent(EventDispatchChainImpl.java:114)
	at com.sun.javafx.event.EventUtil.fireEventImpl(EventUtil.java:74)
	at com.sun.javafx.event.EventUtil.fireEvent(EventUtil.java:49)
	at javafx.event.Event.fireEvent(Event.java:198)
	at javafx.scene.Node.fireEvent(Node.java:8890)
	at javafx.scene.control.Button.fire(Button.java:200)
	at com.sun.javafx.scene.control.behavior.ButtonBehavior.mouseReleased(ButtonBehavior.java:206)
	at com.sun.javafx.scene.control.inputmap.InputMap.handle(InputMap.java:274)
	at com.sun.javafx.event.CompositeEventHandler$NormalEventHandlerRecord.handleBubblingEvent(CompositeEventHandler.java:218)
	at com.sun.javafx.event.CompositeEventHandler.dispatchBubblingEvent(CompositeEventHandler.java:80)
	at com.sun.javafx.event.EventHandlerManager.dispatchBubblingEvent(EventHandlerManager.java:238)
	at com.sun.javafx.event.EventHandlerManager.dispatchBubblingEvent(EventHandlerManager.java:191)
	at com.sun.javafx.event.CompositeEventDispatcher.dispatchBubblingEvent(CompositeEventDispatcher.java:59)
	at com.sun.javafx.event.BasicEventDispatcher.dispatchEvent(BasicEventDispatcher.java:58)
	at com.sun.javafx.event.EventDispatchChainImpl.dispatchEvent(EventDispatchChainImpl.java:114)
	at com.sun.javafx.event.BasicEventDispatcher.dispatchEvent(BasicEventDispatcher.java:56)
	at com.sun.javafx.event.EventDispatchChainImpl.dispatchEvent(EventDispatchChainImpl.java:114)
	at com.sun.javafx.event.BasicEventDispatcher.dispatchEvent(BasicEventDispatcher.java:56)
	at com.sun.javafx.event.EventDispatchChainImpl.dispatchEvent(EventDispatchChainImpl.java:114)
	at com.sun.javafx.event.BasicEventDispatcher.dispatchEvent(BasicEventDispatcher.java:56)
	at com.sun.javafx.event.EventDispatchChainImpl.dispatchEvent(EventDispatchChainImpl.java:114)
	at com.sun.javafx.event.EventUtil.fireEventImpl(EventUtil.java:74)
	at com.sun.javafx.event.EventUtil.fireEvent(EventUtil.java:54)
	at javafx.event.Event.fireEvent(Event.java:198)
	at javafx.scene.Scene$MouseHandler.process(Scene.java:3851)
	at javafx.scene.Scene$MouseHandler.access$1200(Scene.java:3579)
	at javafx.scene.Scene.processMouseEvent(Scene.java:1849)
	at javafx.scene.Scene$ScenePeerListener.mouseEvent(Scene.java:2588)
	at com.sun.javafx.tk.quantum.GlassViewEventHandler$MouseEventNotification.run(GlassViewEventHandler.java:397)
	at com.sun.javafx.tk.quantum.GlassViewEventHandler$MouseEventNotification.run(GlassViewEventHandler.java:295)
	at java.base/java.security.AccessController.doPrivileged(AccessController.java:391)
	at com.sun.javafx.tk.quantum.GlassViewEventHandler.lambda$handleMouseEvent$2(GlassViewEventHandler.java:434)
	at com.sun.javafx.tk.quantum.QuantumToolkit.runWithoutRenderLock(QuantumToolkit.java:396)
	at com.sun.javafx.tk.quantum.GlassViewEventHandler.handleMouseEvent(GlassViewEventHandler.java:433)
	at com.sun.glass.ui.View.handleMouseEvent(View.java:556)
	at com.sun.glass.ui.View.notifyMouse(View.java:942)
	at com.sun.glass.ui.monocle.MonocleView.notifyMouse(MonocleView.java:116)
	... 29 common frames omitted
2020-07-02 18:08:12,889 [ERROR] from com.jpro.meta.tk.SceneInputListener in JavaFX Application Thread - Error while processing the input: MouseEventToken(MouseReleased,313.9453125,46.25390625,MouseButtonToken(3),false,false,false,false,false,false,false,false) app: stage title: Covid-19 Data
java.lang.reflect.InvocationTargetException: null
	at jdk.internal.reflect.GeneratedMethodAccessor19.invoke(Unknown Source)
	at java.base/jdk.internal.reflect.DelegatingMethodAccessorImpl.invoke(DelegatingMethodAccessorImpl.java:43)
	at java.base/java.lang.reflect.Method.invoke(Method.java:564)
	at simplefx.util.ReflectionUtil$UseReflection.applyDynamic(ReflectionUtil.scala:21)
	at com.jpro.meta.tk.SceneInputListener.processInputInScene(SceneInputListener.scala:169)
	at com.jpro.meta.tk.SceneInputListener.processInput(SceneInputListener.scala:117)
	at com.jpro.meta.tk.SceneInputListener.processInputs(SceneInputListener.scala:98)
	at com.jpro.meta.tk.SceneInputListener.$anonfun$new$4(SceneInputListener.scala:39)
	at simplefx.cores.standard.parts.CoreTimeEvent.$anonfun$runAsAnimation$1(CoreTimeEvent.scala:64)
	at simplefx.cores.standard.parts.CoreTimeEvent$$anon$2.handle(CoreTimeEvent.scala:46)
	at javafx.animation.AnimationTimer$AnimationTimerReceiver.lambda$handle$0(AnimationTimer.java:57)
	at java.base/java.security.AccessController.doPrivileged(AccessController.java:391)
	at javafx.animation.AnimationTimer$AnimationTimerReceiver.handle(AnimationTimer.java:56)
	at com.sun.scenario.animation.AbstractMasterTimer.timePulseImpl(AbstractMasterTimer.java:357)
	at com.sun.scenario.animation.AbstractMasterTimer$MainLoop.run(AbstractMasterTimer.java:267)
	at com.sun.javafx.tk.quantum.QuantumToolkit.pulse(QuantumToolkit.java:525)
	at com.sun.javafx.tk.quantum.QuantumToolkit.pulse(QuantumToolkit.java:509)
	at com.sun.javafx.tk.quantum.QuantumToolkit.pulseFromQueue(QuantumToolkit.java:502)
	at com.sun.javafx.tk.quantum.QuantumToolkit.lambda$runToolkit$12(QuantumToolkit.java:326)
	at com.sun.glass.ui.monocle.RunnableProcessor.runLoop(RunnableProcessor.java:92)
	at com.sun.glass.ui.monocle.RunnableProcessor.run(RunnableProcessor.java:51)
	at java.base/java.lang.Thread.run(Thread.java:832)
Caused by: java.lang.reflect.InvocationTargetException: null
	at jdk.internal.reflect.GeneratedMethodAccessor17.invoke(Unknown Source)
	at java.base/jdk.internal.reflect.DelegatingMethodAccessorImpl.invoke(DelegatingMethodAccessorImpl.java:43)
	at java.base/java.lang.reflect.Method.invoke(Method.java:564)
	at simplefx.util.ReflectionUtil$UseReflection.applyDynamic(ReflectionUtil.scala:21)
	at com.sun.glass.ui.monocle.input.fork.NativeMouseInput.notifyMouse(NativeMouseInput.scala:326)
	at com.sun.glass.ui.monocle.input.fork.NativeMouseInput.postMouseEvent(NativeMouseInput.scala:222)
	at com.sun.glass.ui.monocle.input.fork.NativeMouseInput.setState(NativeMouseInput.scala:182)
	... 22 common frames omitted
Caused by: java.lang.NoClassDefFoundError: com/flexganttfx/view/timeline/Timeline$2
	at com.flexganttfx.view.timeline.Timeline.zoom(Timeline.java:843)
	at com.flexganttfx.view.timeline.Timeline.zoomIn(Timeline.java:765)
	at com.flexganttfx.covid.CovidToolBar.lambda$zoomIn$7(CovidToolBar.java:240)
	at com.sun.javafx.event.CompositeEventHandler.dispatchBubblingEvent(CompositeEventHandler.java:86)
	at com.sun.javafx.event.EventHandlerManager.dispatchBubblingEvent(EventHandlerManager.java:238)
	at com.sun.javafx.event.EventHandlerManager.dispatchBubblingEvent(EventHandlerManager.java:191)
	at com.sun.javafx.event.CompositeEventDispatcher.dispatchBubblingEvent(CompositeEventDispatcher.java:59)
	at com.sun.javafx.event.BasicEventDispatcher.dispatchEvent(BasicEventDispatcher.java:58)
	at com.sun.javafx.event.EventDispatchChainImpl.dispatchEvent(EventDispatchChainImpl.java:114)
	at com.sun.javafx.event.BasicEventDispatcher.dispatchEvent(BasicEventDispatcher.java:56)
	at com.sun.javafx.event.EventDispatchChainImpl.dispatchEvent(EventDispatchChainImpl.java:114)
	at com.sun.javafx.event.BasicEventDispatcher.dispatchEvent(BasicEventDispatcher.java:56)
	at com.sun.javafx.event.EventDispatchChainImpl.dispatchEvent(EventDispatchChainImpl.java:114)
	at com.sun.javafx.event.BasicEventDispatcher.dispatchEvent(BasicEventDispatcher.java:56)
	at com.sun.javafx.event.EventDispatchChainImpl.dispatchEvent(EventDispatchChainImpl.java:114)
	at com.sun.javafx.event.EventUtil.fireEventImpl(EventUtil.java:74)
	at com.sun.javafx.event.EventUtil.fireEvent(EventUtil.java:49)
	at javafx.event.Event.fireEvent(Event.java:198)
	at javafx.scene.Node.fireEvent(Node.java:8890)
	at javafx.scene.control.Button.fire(Button.java:200)
	at com.sun.javafx.scene.control.behavior.ButtonBehavior.mouseReleased(ButtonBehavior.java:206)
	at com.sun.javafx.scene.control.inputmap.InputMap.handle(InputMap.java:274)
	at com.sun.javafx.event.CompositeEventHandler$NormalEventHandlerRecord.handleBubblingEvent(CompositeEventHandler.java:218)
	at com.sun.javafx.event.CompositeEventHandler.dispatchBubblingEvent(CompositeEventHandler.java:80)
	at com.sun.javafx.event.EventHandlerManager.dispatchBubblingEvent(EventHandlerManager.java:238)
	at com.sun.javafx.event.EventHandlerManager.dispatchBubblingEvent(EventHandlerManager.java:191)
	at com.sun.javafx.event.CompositeEventDispatcher.dispatchBubblingEvent(CompositeEventDispatcher.java:59)
	at com.sun.javafx.event.BasicEventDispatcher.dispatchEvent(BasicEventDispatcher.java:58)
	at com.sun.javafx.event.EventDispatchChainImpl.dispatchEvent(EventDispatchChainImpl.java:114)
	at com.sun.javafx.event.BasicEventDispatcher.dispatchEvent(BasicEventDispatcher.java:56)
	at com.sun.javafx.event.EventDispatchChainImpl.dispatchEvent(EventDispatchChainImpl.java:114)
	at com.sun.javafx.event.BasicEventDispatcher.dispatchEvent(BasicEventDispatcher.java:56)
	at com.sun.javafx.event.EventDispatchChainImpl.dispatchEvent(EventDispatchChainImpl.java:114)
	at com.sun.javafx.event.BasicEventDispatcher.dispatchEvent(BasicEventDispatcher.java:56)
	at com.sun.javafx.event.EventDispatchChainImpl.dispatchEvent(EventDispatchChainImpl.java:114)
	at com.sun.javafx.event.EventUtil.fireEventImpl(EventUtil.java:74)
	at com.sun.javafx.event.EventUtil.fireEvent(EventUtil.java:54)
	at javafx.event.Event.fireEvent(Event.java:198)
	at javafx.scene.Scene$MouseHandler.process(Scene.java:3851)
	at javafx.scene.Scene$MouseHandler.access$1200(Scene.java:3579)
	at javafx.scene.Scene.processMouseEvent(Scene.java:1849)
	at javafx.scene.Scene$ScenePeerListener.mouseEvent(Scene.java:2588)
	at com.sun.javafx.tk.quantum.GlassViewEventHandler$MouseEventNotification.run(GlassViewEventHandler.java:397)
	at com.sun.javafx.tk.quantum.GlassViewEventHandler$MouseEventNotification.run(GlassViewEventHandler.java:295)
	at java.base/java.security.AccessController.doPrivileged(AccessController.java:391)
	at com.sun.javafx.tk.quantum.GlassViewEventHandler.lambda$handleMouseEvent$2(GlassViewEventHandler.java:434)
	at com.sun.javafx.tk.quantum.QuantumToolkit.runWithoutRenderLock(QuantumToolkit.java:396)
	at com.sun.javafx.tk.quantum.GlassViewEventHandler.handleMouseEvent(GlassViewEventHandler.java:433)
	at com.sun.glass.ui.View.handleMouseEvent(View.java:556)
	at com.sun.glass.ui.View.notifyMouse(View.java:942)
	at com.sun.glass.ui.monocle.MonocleView.notifyMouse(MonocleView.java:116)
	... 29 common frames omitted
2020-07-02 18:08:14,191 [ERROR] from com.jpro.meta.tk.SceneInputListener in JavaFX Application Thread - Error while processing the input: MouseEventToken(MouseReleased,313.9453125,46.25,MouseButtonToken(3),false,false,false,false,false,false,false,false) app: stage title: Covid-19 Data
java.lang.reflect.InvocationTargetException: null
	at jdk.internal.reflect.GeneratedMethodAccessor19.invoke(Unknown Source)
	at java.base/jdk.internal.reflect.DelegatingMethodAccessorImpl.invoke(DelegatingMethodAccessorImpl.java:43)
	at java.base/java.lang.reflect.Method.invoke(Method.java:564)
	at simplefx.util.ReflectionUtil$UseReflection.applyDynamic(ReflectionUtil.scala:21)
	at com.jpro.meta.tk.SceneInputListener.processInputInScene(SceneInputListener.scala:169)
	at com.jpro.meta.tk.SceneInputListener.processInput(SceneInputListener.scala:117)
	at com.jpro.meta.tk.SceneInputListener.processInputs(SceneInputListener.scala:98)
	at com.jpro.meta.tk.SceneInputListener.$anonfun$new$4(SceneInputListener.scala:39)
	at simplefx.cores.standard.parts.CoreTimeEvent.$anonfun$runAsAnimation$1(CoreTimeEvent.scala:64)
	at simplefx.cores.standard.parts.CoreTimeEvent$$anon$2.handle(CoreTimeEvent.scala:46)
	at javafx.animation.AnimationTimer$AnimationTimerReceiver.lambda$handle$0(AnimationTimer.java:57)
	at java.base/java.security.AccessController.doPrivileged(AccessController.java:391)
	at javafx.animation.AnimationTimer$AnimationTimerReceiver.handle(AnimationTimer.java:56)
	at com.sun.scenario.animation.AbstractMasterTimer.timePulseImpl(AbstractMasterTimer.java:357)
	at com.sun.scenario.animation.AbstractMasterTimer$MainLoop.run(AbstractMasterTimer.java:267)
	at com.sun.javafx.tk.quantum.QuantumToolkit.pulse(QuantumToolkit.java:525)
	at com.sun.javafx.tk.quantum.QuantumToolkit.pulse(QuantumToolkit.java:509)
	at com.sun.javafx.tk.quantum.QuantumToolkit.pulseFromQueue(QuantumToolkit.java:502)
	at com.sun.javafx.tk.quantum.QuantumToolkit.lambda$runToolkit$12(QuantumToolkit.java:326)
	at com.sun.glass.ui.monocle.RunnableProcessor.runLoop(RunnableProcessor.java:92)
	at com.sun.glass.ui.monocle.RunnableProcessor.run(RunnableProcessor.java:51)
	at java.base/java.lang.Thread.run(Thread.java:832)
Caused by: java.lang.reflect.InvocationTargetException: null
	at jdk.internal.reflect.GeneratedMethodAccessor17.invoke(Unknown Source)
	at java.base/jdk.internal.reflect.DelegatingMethodAccessorImpl.invoke(DelegatingMethodAccessorImpl.java:43)
	at java.base/java.lang.reflect.Method.invoke(Method.java:564)
	at simplefx.util.ReflectionUtil$UseReflection.applyDynamic(ReflectionUtil.scala:21)
	at com.sun.glass.ui.monocle.input.fork.NativeMouseInput.notifyMouse(NativeMouseInput.scala:326)
	at com.sun.glass.ui.monocle.input.fork.NativeMouseInput.postMouseEvent(NativeMouseInput.scala:222)
	at com.sun.glass.ui.monocle.input.fork.NativeMouseInput.setState(NativeMouseInput.scala:182)
	... 22 common frames omitted
Caused by: java.lang.NoClassDefFoundError: com/flexganttfx/view/timeline/Timeline$2
	at com.flexganttfx.view.timeline.Timeline.zoom(Timeline.java:843)
	at com.flexganttfx.view.timeline.Timeline.zoomIn(Timeline.java:765)
	at com.flexganttfx.covid.CovidToolBar.lambda$zoomIn$7(CovidToolBar.java:240)
	at com.sun.javafx.event.CompositeEventHandler.dispatchBubblingEvent(CompositeEventHandler.java:86)
	at com.sun.javafx.event.EventHandlerManager.dispatchBubblingEvent(EventHandlerManager.java:238)
	at com.sun.javafx.event.EventHandlerManager.dispatchBubblingEvent(EventHandlerManager.java:191)
	at com.sun.javafx.event.CompositeEventDispatcher.dispatchBubblingEvent(CompositeEventDispatcher.java:59)
	at com.sun.javafx.event.BasicEventDispatcher.dispatchEvent(BasicEventDispatcher.java:58)
	at com.sun.javafx.event.EventDispatchChainImpl.dispatchEvent(EventDispatchChainImpl.java:114)
	at com.sun.javafx.event.BasicEventDispatcher.dispatchEvent(BasicEventDispatcher.java:56)
	at com.sun.javafx.event.EventDispatchChainImpl.dispatchEvent(EventDispatchChainImpl.java:114)
	at com.sun.javafx.event.BasicEventDispatcher.dispatchEvent(BasicEventDispatcher.java:56)
	at com.sun.javafx.event.EventDispatchChainImpl.dispatchEvent(EventDispatchChainImpl.java:114)
	at com.sun.javafx.event.BasicEventDispatcher.dispatchEvent(BasicEventDispatcher.java:56)
	at com.sun.javafx.event.EventDispatchChainImpl.dispatchEvent(EventDispatchChainImpl.java:114)
	at com.sun.javafx.event.EventUtil.fireEventImpl(EventUtil.java:74)
	at com.sun.javafx.event.EventUtil.fireEvent(EventUtil.java:49)
	at javafx.event.Event.fireEvent(Event.java:198)
	at javafx.scene.Node.fireEvent(Node.java:8890)
	at javafx.scene.control.Button.fire(Button.java:200)
	at com.sun.javafx.scene.control.behavior.ButtonBehavior.mouseReleased(ButtonBehavior.java:206)
	at com.sun.javafx.scene.control.inputmap.InputMap.handle(InputMap.java:274)
	at com.sun.javafx.event.CompositeEventHandler$NormalEventHandlerRecord.handleBubblingEvent(CompositeEventHandler.java:218)
	at com.sun.javafx.event.CompositeEventHandler.dispatchBubblingEvent(CompositeEventHandler.java:80)
	at com.sun.javafx.event.EventHandlerManager.dispatchBubblingEvent(EventHandlerManager.java:238)
	at com.sun.javafx.event.EventHandlerManager.dispatchBubblingEvent(EventHandlerManager.java:191)
	at com.sun.javafx.event.CompositeEventDispatcher.dispatchBubblingEvent(CompositeEventDispatcher.java:59)
	at com.sun.javafx.event.BasicEventDispatcher.dispatchEvent(BasicEventDispatcher.java:58)
	at com.sun.javafx.event.EventDispatchChainImpl.dispatchEvent(EventDispatchChainImpl.java:114)
	at com.sun.javafx.event.BasicEventDispatcher.dispatchEvent(BasicEventDispatcher.java:56)
	at com.sun.javafx.event.EventDispatchChainImpl.dispatchEvent(EventDispatchChainImpl.java:114)
	at com.sun.javafx.event.BasicEventDispatcher.dispatchEvent(BasicEventDispatcher.java:56)
	at com.sun.javafx.event.EventDispatchChainImpl.dispatchEvent(EventDispatchChainImpl.java:114)
	at com.sun.javafx.event.BasicEventDispatcher.dispatchEvent(BasicEventDispatcher.java:56)
	at com.sun.javafx.event.EventDispatchChainImpl.dispatchEvent(EventDispatchChainImpl.java:114)
	at com.sun.javafx.event.EventUtil.fireEventImpl(EventUtil.java:74)
	at com.sun.javafx.event.EventUtil.fireEvent(EventUtil.java:54)
	at javafx.event.Event.fireEvent(Event.java:198)
	at javafx.scene.Scene$MouseHandler.process(Scene.java:3851)
	at javafx.scene.Scene$MouseHandler.access$1200(Scene.java:3579)
	at javafx.scene.Scene.processMouseEvent(Scene.java:1849)
	at javafx.scene.Scene$ScenePeerListener.mouseEvent(Scene.java:2588)
	at com.sun.javafx.tk.quantum.GlassViewEventHandler$MouseEventNotification.run(GlassViewEventHandler.java:397)
	at com.sun.javafx.tk.quantum.GlassViewEventHandler$MouseEventNotification.run(GlassViewEventHandler.java:295)
	at java.base/java.security.AccessController.doPrivileged(AccessController.java:391)
	at com.sun.javafx.tk.quantum.GlassViewEventHandler.lambda$handleMouseEvent$2(GlassViewEventHandler.java:434)
	at com.sun.javafx.tk.quantum.QuantumToolkit.runWithoutRenderLock(QuantumToolkit.java:396)
	at com.sun.javafx.tk.quantum.GlassViewEventHandler.handleMouseEvent(GlassViewEventHandler.java:433)
	at com.sun.glass.ui.View.handleMouseEvent(View.java:556)
	at com.sun.glass.ui.View.notifyMouse(View.java:942)
	at com.sun.glass.ui.monocle.MonocleView.notifyMouse(MonocleView.java:116)
	... 29 common frames omitted
2020-07-02 18:08:14,351 [ERROR] from com.jpro.meta.tk.SceneInputListener in JavaFX Application Thread - Error while processing the input: MouseEventToken(MouseReleased,313.9453125,46.25,MouseButtonToken(3),false,false,false,false,false,false,false,false) app: stage title: Covid-19 Data
java.lang.reflect.InvocationTargetException: null
	at jdk.internal.reflect.GeneratedMethodAccessor19.invoke(Unknown Source)
	at java.base/jdk.internal.reflect.DelegatingMethodAccessorImpl.invoke(DelegatingMethodAccessorImpl.java:43)
	at java.base/java.lang.reflect.Method.invoke(Method.java:564)
	at simplefx.util.ReflectionUtil$UseReflection.applyDynamic(ReflectionUtil.scala:21)
	at com.jpro.meta.tk.SceneInputListener.processInputInScene(SceneInputListener.scala:169)
	at com.jpro.meta.tk.SceneInputListener.processInput(SceneInputListener.scala:117)
	at com.jpro.meta.tk.SceneInputListener.processInputs(SceneInputListener.scala:98)
	at com.jpro.meta.tk.SceneInputListener.$anonfun$new$4(SceneInputListener.scala:39)
	at simplefx.cores.standard.parts.CoreTimeEvent.$anonfun$runAsAnimation$1(CoreTimeEvent.scala:64)
	at simplefx.cores.standard.parts.CoreTimeEvent$$anon$2.handle(CoreTimeEvent.scala:46)
	at javafx.animation.AnimationTimer$AnimationTimerReceiver.lambda$handle$0(AnimationTimer.java:57)
	at java.base/java.security.AccessController.doPrivileged(AccessController.java:391)
	at javafx.animation.AnimationTimer$AnimationTimerReceiver.handle(AnimationTimer.java:56)
	at com.sun.scenario.animation.AbstractMasterTimer.timePulseImpl(AbstractMasterTimer.java:357)
	at com.sun.scenario.animation.AbstractMasterTimer$MainLoop.run(AbstractMasterTimer.java:267)
	at com.sun.javafx.tk.quantum.QuantumToolkit.pulse(QuantumToolkit.java:525)
	at com.sun.javafx.tk.quantum.QuantumToolkit.pulse(QuantumToolkit.java:509)
	at com.sun.javafx.tk.quantum.QuantumToolkit.pulseFromQueue(QuantumToolkit.java:502)
	at com.sun.javafx.tk.quantum.QuantumToolkit.lambda$runToolkit$12(QuantumToolkit.java:326)
	at com.sun.glass.ui.monocle.RunnableProcessor.runLoop(RunnableProcessor.java:92)
	at com.sun.glass.ui.monocle.RunnableProcessor.run(RunnableProcessor.java:51)
	at java.base/java.lang.Thread.run(Thread.java:832)
Caused by: java.lang.reflect.InvocationTargetException: null
	at jdk.internal.reflect.GeneratedMethodAccessor17.invoke(Unknown Source)
	at java.base/jdk.internal.reflect.DelegatingMethodAccessorImpl.invoke(DelegatingMethodAccessorImpl.java:43)
	at java.base/java.lang.reflect.Method.invoke(Method.java:564)
	at simplefx.util.ReflectionUtil$UseReflection.applyDynamic(ReflectionUtil.scala:21)
	at com.sun.glass.ui.monocle.input.fork.NativeMouseInput.notifyMouse(NativeMouseInput.scala:326)
	at com.sun.glass.ui.monocle.input.fork.NativeMouseInput.postMouseEvent(NativeMouseInput.scala:222)
	at com.sun.glass.ui.monocle.input.fork.NativeMouseInput.setState(NativeMouseInput.scala:182)
	... 22 common frames omitted
Caused by: java.lang.NoClassDefFoundError: com/flexganttfx/view/timeline/Timeline$2
	at com.flexganttfx.view.timeline.Timeline.zoom(Timeline.java:843)
	at com.flexganttfx.view.timeline.Timeline.zoomIn(Timeline.java:765)
	at com.flexganttfx.covid.CovidToolBar.lambda$zoomIn$7(CovidToolBar.java:240)
	at com.sun.javafx.event.CompositeEventHandler.dispatchBubblingEvent(CompositeEventHandler.java:86)
	at com.sun.javafx.event.EventHandlerManager.dispatchBubblingEvent(EventHandlerManager.java:238)
	at com.sun.javafx.event.EventHandlerManager.dispatchBubblingEvent(EventHandlerManager.java:191)
	at com.sun.javafx.event.CompositeEventDispatcher.dispatchBubblingEvent(CompositeEventDispatcher.java:59)
	at com.sun.javafx.event.BasicEventDispatcher.dispatchEvent(BasicEventDispatcher.java:58)
	at com.sun.javafx.event.EventDispatchChainImpl.dispatchEvent(EventDispatchChainImpl.java:114)
	at com.sun.javafx.event.BasicEventDispatcher.dispatchEvent(BasicEventDispatcher.java:56)
	at com.sun.javafx.event.EventDispatchChainImpl.dispatchEvent(EventDispatchChainImpl.java:114)
	at com.sun.javafx.event.BasicEventDispatcher.dispatchEvent(BasicEventDispatcher.java:56)
	at com.sun.javafx.event.EventDispatchChainImpl.dispatchEvent(EventDispatchChainImpl.java:114)
	at com.sun.javafx.event.BasicEventDispatcher.dispatchEvent(BasicEventDispatcher.java:56)
	at com.sun.javafx.event.EventDispatchChainImpl.dispatchEvent(EventDispatchChainImpl.java:114)
	at com.sun.javafx.event.EventUtil.fireEventImpl(EventUtil.java:74)
	at com.sun.javafx.event.EventUtil.fireEvent(EventUtil.java:49)
	at javafx.event.Event.fireEvent(Event.java:198)
	at javafx.scene.Node.fireEvent(Node.java:8890)
	at javafx.scene.control.Button.fire(Button.java:200)
	at com.sun.javafx.scene.control.behavior.ButtonBehavior.mouseReleased(ButtonBehavior.java:206)
	at com.sun.javafx.scene.control.inputmap.InputMap.handle(InputMap.java:274)
	at com.sun.javafx.event.CompositeEventHandler$NormalEventHandlerRecord.handleBubblingEvent(CompositeEventHandler.java:218)
	at com.sun.javafx.event.CompositeEventHandler.dispatchBubblingEvent(CompositeEventHandler.java:80)
	at com.sun.javafx.event.EventHandlerManager.dispatchBubblingEvent(EventHandlerManager.java:238)
	at com.sun.javafx.event.EventHandlerManager.dispatchBubblingEvent(EventHandlerManager.java:191)
	at com.sun.javafx.event.CompositeEventDispatcher.dispatchBubblingEvent(CompositeEventDispatcher.java:59)
	at com.sun.javafx.event.BasicEventDispatcher.dispatchEvent(BasicEventDispatcher.java:58)
	at com.sun.javafx.event.EventDispatchChainImpl.dispatchEvent(EventDispatchChainImpl.java:114)
	at com.sun.javafx.event.BasicEventDispatcher.dispatchEvent(BasicEventDispatcher.java:56)
	at com.sun.javafx.event.EventDispatchChainImpl.dispatchEvent(EventDispatchChainImpl.java:114)
	at com.sun.javafx.event.BasicEventDispatcher.dispatchEvent(BasicEventDispatcher.java:56)
	at com.sun.javafx.event.EventDispatchChainImpl.dispatchEvent(EventDispatchChainImpl.java:114)
	at com.sun.javafx.event.BasicEventDispatcher.dispatchEvent(BasicEventDispatcher.java:56)
	at com.sun.javafx.event.EventDispatchChainImpl.dispatchEvent(EventDispatchChainImpl.java:114)
	at com.sun.javafx.event.EventUtil.fireEventImpl(EventUtil.java:74)
	at com.sun.javafx.event.EventUtil.fireEvent(EventUtil.java:54)
	at javafx.event.Event.fireEvent(Event.java:198)
	at javafx.scene.Scene$MouseHandler.process(Scene.java:3851)
	at javafx.scene.Scene$MouseHandler.access$1200(Scene.java:3579)
	at javafx.scene.Scene.processMouseEvent(Scene.java:1849)
	at javafx.scene.Scene$ScenePeerListener.mouseEvent(Scene.java:2588)
	at com.sun.javafx.tk.quantum.GlassViewEventHandler$MouseEventNotification.run(GlassViewEventHandler.java:397)
	at com.sun.javafx.tk.quantum.GlassViewEventHandler$MouseEventNotification.run(GlassViewEventHandler.java:295)
	at java.base/java.security.AccessController.doPrivileged(AccessController.java:391)
	at com.sun.javafx.tk.quantum.GlassViewEventHandler.lambda$handleMouseEvent$2(GlassViewEventHandler.java:434)
	at com.sun.javafx.tk.quantum.QuantumToolkit.runWithoutRenderLock(QuantumToolkit.java:396)
	at com.sun.javafx.tk.quantum.GlassViewEventHandler.handleMouseEvent(GlassViewEventHandler.java:433)
	at com.sun.glass.ui.View.handleMouseEvent(View.java:556)
	at com.sun.glass.ui.View.notifyMouse(View.java:942)
	at com.sun.glass.ui.monocle.MonocleView.notifyMouse(MonocleView.java:116)
	... 29 common frames omitted
2020-07-02 18:11:22,728 [ERROR] from com.jpro.meta.tk.SceneInputListener in JavaFX Application Thread - Error while processing the input: MouseEventToken(MouseReleased,340.15625,54.390625,MouseButtonToken(3),false,false,false,false,false,false,false,false) app: stage title: Covid-19 Data
java.lang.reflect.InvocationTargetException: null
	at jdk.internal.reflect.GeneratedMethodAccessor19.invoke(Unknown Source)
	at java.base/jdk.internal.reflect.DelegatingMethodAccessorImpl.invoke(DelegatingMethodAccessorImpl.java:43)
	at java.base/java.lang.reflect.Method.invoke(Method.java:564)
	at simplefx.util.ReflectionUtil$UseReflection.applyDynamic(ReflectionUtil.scala:21)
	at com.jpro.meta.tk.SceneInputListener.processInputInScene(SceneInputListener.scala:169)
	at com.jpro.meta.tk.SceneInputListener.processInput(SceneInputListener.scala:117)
	at com.jpro.meta.tk.SceneInputListener.processInputs(SceneInputListener.scala:98)
	at com.jpro.meta.tk.SceneInputListener.$anonfun$new$4(SceneInputListener.scala:39)
	at simplefx.cores.standard.parts.CoreTimeEvent.$anonfun$runAsAnimation$1(CoreTimeEvent.scala:64)
	at simplefx.cores.standard.parts.CoreTimeEvent$$anon$2.handle(CoreTimeEvent.scala:46)
	at javafx.animation.AnimationTimer$AnimationTimerReceiver.lambda$handle$0(AnimationTimer.java:57)
	at java.base/java.security.AccessController.doPrivileged(AccessController.java:391)
	at javafx.animation.AnimationTimer$AnimationTimerReceiver.handle(AnimationTimer.java:56)
	at com.sun.scenario.animation.AbstractMasterTimer.timePulseImpl(AbstractMasterTimer.java:357)
	at com.sun.scenario.animation.AbstractMasterTimer$MainLoop.run(AbstractMasterTimer.java:267)
	at com.sun.javafx.tk.quantum.QuantumToolkit.pulse(QuantumToolkit.java:525)
	at com.sun.javafx.tk.quantum.QuantumToolkit.pulse(QuantumToolkit.java:509)
	at com.sun.javafx.tk.quantum.QuantumToolkit.pulseFromQueue(QuantumToolkit.java:502)
	at com.sun.javafx.tk.quantum.QuantumToolkit.lambda$runToolkit$12(QuantumToolkit.java:326)
	at com.sun.glass.ui.monocle.RunnableProcessor.runLoop(RunnableProcessor.java:92)
	at com.sun.glass.ui.monocle.RunnableProcessor.run(RunnableProcessor.java:51)
	at java.base/java.lang.Thread.run(Thread.java:832)
Caused by: java.lang.reflect.InvocationTargetException: null
	at jdk.internal.reflect.GeneratedMethodAccessor17.invoke(Unknown Source)
	at java.base/jdk.internal.reflect.DelegatingMethodAccessorImpl.invoke(DelegatingMethodAccessorImpl.java:43)
	at java.base/java.lang.reflect.Method.invoke(Method.java:564)
	at simplefx.util.ReflectionUtil$UseReflection.applyDynamic(ReflectionUtil.scala:21)
	at com.sun.glass.ui.monocle.input.fork.NativeMouseInput.notifyMouse(NativeMouseInput.scala:326)
	at com.sun.glass.ui.monocle.input.fork.NativeMouseInput.postMouseEvent(NativeMouseInput.scala:222)
	at com.sun.glass.ui.monocle.input.fork.NativeMouseInput.setState(NativeMouseInput.scala:182)
	... 22 common frames omitted
Caused by: java.lang.NoClassDefFoundError: com/flexganttfx/view/timeline/Timeline$2
	at com.flexganttfx.view.timeline.Timeline.zoom(Timeline.java:843)
	at com.flexganttfx.view.timeline.Timeline.zoomIn(Timeline.java:765)
	at com.flexganttfx.covid.CovidToolBar.lambda$zoomIn$7(CovidToolBar.java:240)
	at com.sun.javafx.event.CompositeEventHandler.dispatchBubblingEvent(CompositeEventHandler.java:86)
	at com.sun.javafx.event.EventHandlerManager.dispatchBubblingEvent(EventHandlerManager.java:238)
	at com.sun.javafx.event.EventHandlerManager.dispatchBubblingEvent(EventHandlerManager.java:191)
	at com.sun.javafx.event.CompositeEventDispatcher.dispatchBubblingEvent(CompositeEventDispatcher.java:59)
	at com.sun.javafx.event.BasicEventDispatcher.dispatchEvent(BasicEventDispatcher.java:58)
	at com.sun.javafx.event.EventDispatchChainImpl.dispatchEvent(EventDispatchChainImpl.java:114)
	at com.sun.javafx.event.BasicEventDispatcher.dispatchEvent(BasicEventDispatcher.java:56)
	at com.sun.javafx.event.EventDispatchChainImpl.dispatchEvent(EventDispatchChainImpl.java:114)
	at com.sun.javafx.event.BasicEventDispatcher.dispatchEvent(BasicEventDispatcher.java:56)
	at com.sun.javafx.event.EventDispatchChainImpl.dispatchEvent(EventDispatchChainImpl.java:114)
	at com.sun.javafx.event.BasicEventDispatcher.dispatchEvent(BasicEventDispatcher.java:56)
	at com.sun.javafx.event.EventDispatchChainImpl.dispatchEvent(EventDispatchChainImpl.java:114)
	at com.sun.javafx.event.EventUtil.fireEventImpl(EventUtil.java:74)
	at com.sun.javafx.event.EventUtil.fireEvent(EventUtil.java:49)
	at javafx.event.Event.fireEvent(Event.java:198)
	at javafx.scene.Node.fireEvent(Node.java:8890)
	at javafx.scene.control.Button.fire(Button.java:200)
	at com.sun.javafx.scene.control.behavior.ButtonBehavior.mouseReleased(ButtonBehavior.java:206)
	at com.sun.javafx.scene.control.inputmap.InputMap.handle(InputMap.java:274)
	at com.sun.javafx.event.CompositeEventHandler$NormalEventHandlerRecord.handleBubblingEvent(CompositeEventHandler.java:218)
	at com.sun.javafx.event.CompositeEventHandler.dispatchBubblingEvent(CompositeEventHandler.java:80)
	at com.sun.javafx.event.EventHandlerManager.dispatchBubblingEvent(EventHandlerManager.java:238)
	at com.sun.javafx.event.EventHandlerManager.dispatchBubblingEvent(EventHandlerManager.java:191)
	at com.sun.javafx.event.CompositeEventDispatcher.dispatchBubblingEvent(CompositeEventDispatcher.java:59)
	at com.sun.javafx.event.BasicEventDispatcher.dispatchEvent(BasicEventDispatcher.java:58)
	at com.sun.javafx.event.EventDispatchChainImpl.dispatchEvent(EventDispatchChainImpl.java:114)
	at com.sun.javafx.event.BasicEventDispatcher.dispatchEvent(BasicEventDispatcher.java:56)
	at com.sun.javafx.event.EventDispatchChainImpl.dispatchEvent(EventDispatchChainImpl.java:114)
	at com.sun.javafx.event.BasicEventDispatcher.dispatchEvent(BasicEventDispatcher.java:56)
	at com.sun.javafx.event.EventDispatchChainImpl.dispatchEvent(EventDispatchChainImpl.java:114)
	at com.sun.javafx.event.BasicEventDispatcher.dispatchEvent(BasicEventDispatcher.java:56)
	at com.sun.javafx.event.EventDispatchChainImpl.dispatchEvent(EventDispatchChainImpl.java:114)
	at com.sun.javafx.event.EventUtil.fireEventImpl(EventUtil.java:74)
	at com.sun.javafx.event.EventUtil.fireEvent(EventUtil.java:54)
	at javafx.event.Event.fireEvent(Event.java:198)
	at javafx.scene.Scene$MouseHandler.process(Scene.java:3851)
	at javafx.scene.Scene$MouseHandler.access$1200(Scene.java:3579)
	at javafx.scene.Scene.processMouseEvent(Scene.java:1849)
	at javafx.scene.Scene$ScenePeerListener.mouseEvent(Scene.java:2588)
	at com.sun.javafx.tk.quantum.GlassViewEventHandler$MouseEventNotification.run(GlassViewEventHandler.java:397)
	at com.sun.javafx.tk.quantum.GlassViewEventHandler$MouseEventNotification.run(GlassViewEventHandler.java:295)
	at java.base/java.security.AccessController.doPrivileged(AccessController.java:391)
	at com.sun.javafx.tk.quantum.GlassViewEventHandler.lambda$handleMouseEvent$2(GlassViewEventHandler.java:434)
	at com.sun.javafx.tk.quantum.QuantumToolkit.runWithoutRenderLock(QuantumToolkit.java:396)
	at com.sun.javafx.tk.quantum.GlassViewEventHandler.handleMouseEvent(GlassViewEventHandler.java:433)
	at com.sun.glass.ui.View.handleMouseEvent(View.java:556)
	at com.sun.glass.ui.View.notifyMouse(View.java:942)
	at com.sun.glass.ui.monocle.MonocleView.notifyMouse(MonocleView.java:116)
	... 29 common frames omitted
2020-07-02 18:14:59,061 [ERROR] from com.jpro.meta.tk.SceneInputListener in JavaFX Application Thread - Error while processing the input: MouseEventToken(MouseReleased,328.5078125,48.58203125,MouseButtonToken(3),false,false,false,false,false,false,false,false) app: stage title: Covid-19 Data
java.lang.reflect.InvocationTargetException: null
	at jdk.internal.reflect.GeneratedMethodAccessor19.invoke(Unknown Source)
	at java.base/jdk.internal.reflect.DelegatingMethodAccessorImpl.invoke(DelegatingMethodAccessorImpl.java:43)
	at java.base/java.lang.reflect.Method.invoke(Method.java:564)
	at simplefx.util.ReflectionUtil$UseReflection.applyDynamic(ReflectionUtil.scala:21)
	at com.jpro.meta.tk.SceneInputListener.processInputInScene(SceneInputListener.scala:169)
	at com.jpro.meta.tk.SceneInputListener.processInput(SceneInputListener.scala:117)
	at com.jpro.meta.tk.SceneInputListener.processInputs(SceneInputListener.scala:98)
	at com.jpro.meta.tk.SceneInputListener.$anonfun$new$4(SceneInputListener.scala:39)
	at simplefx.cores.standard.parts.CoreTimeEvent.$anonfun$runAsAnimation$1(CoreTimeEvent.scala:64)
	at simplefx.cores.standard.parts.CoreTimeEvent$$anon$2.handle(CoreTimeEvent.scala:46)
	at javafx.animation.AnimationTimer$AnimationTimerReceiver.lambda$handle$0(AnimationTimer.java:57)
	at java.base/java.security.AccessController.doPrivileged(AccessController.java:391)
	at javafx.animation.AnimationTimer$AnimationTimerReceiver.handle(AnimationTimer.java:56)
	at com.sun.scenario.animation.AbstractMasterTimer.timePulseImpl(AbstractMasterTimer.java:357)
	at com.sun.scenario.animation.AbstractMasterTimer$MainLoop.run(AbstractMasterTimer.java:267)
	at com.sun.javafx.tk.quantum.QuantumToolkit.pulse(QuantumToolkit.java:525)
	at com.sun.javafx.tk.quantum.QuantumToolkit.pulse(QuantumToolkit.java:509)
	at com.sun.javafx.tk.quantum.QuantumToolkit.pulseFromQueue(QuantumToolkit.java:502)
	at com.sun.javafx.tk.quantum.QuantumToolkit.lambda$runToolkit$12(QuantumToolkit.java:326)
	at com.sun.glass.ui.monocle.RunnableProcessor.runLoop(RunnableProcessor.java:92)
	at com.sun.glass.ui.monocle.RunnableProcessor.run(RunnableProcessor.java:51)
	at java.base/java.lang.Thread.run(Thread.java:832)
Caused by: java.lang.reflect.InvocationTargetException: null
	at jdk.internal.reflect.GeneratedMethodAccessor17.invoke(Unknown Source)
	at java.base/jdk.internal.reflect.DelegatingMethodAccessorImpl.invoke(DelegatingMethodAccessorImpl.java:43)
	at java.base/java.lang.reflect.Method.invoke(Method.java:564)
	at simplefx.util.ReflectionUtil$UseReflection.applyDynamic(ReflectionUtil.scala:21)
	at com.sun.glass.ui.monocle.input.fork.NativeMouseInput.notifyMouse(NativeMouseInput.scala:326)
	at com.sun.glass.ui.monocle.input.fork.NativeMouseInput.postMouseEvent(NativeMouseInput.scala:222)
	at com.sun.glass.ui.monocle.input.fork.NativeMouseInput.setState(NativeMouseInput.scala:182)
	... 22 common frames omitted
Caused by: java.lang.NoClassDefFoundError: com/flexganttfx/view/timeline/Timeline$2
	at com.flexganttfx.view.timeline.Timeline.zoom(Timeline.java:843)
	at com.flexganttfx.view.timeline.Timeline.zoomIn(Timeline.java:765)
	at com.flexganttfx.covid.CovidToolBar.lambda$zoomIn$7(CovidToolBar.java:240)
	at com.sun.javafx.event.CompositeEventHandler.dispatchBubblingEvent(CompositeEventHandler.java:86)
	at com.sun.javafx.event.EventHandlerManager.dispatchBubblingEvent(EventHandlerManager.java:238)
	at com.sun.javafx.event.EventHandlerManager.dispatchBubblingEvent(EventHandlerManager.java:191)
	at com.sun.javafx.event.CompositeEventDispatcher.dispatchBubblingEvent(CompositeEventDispatcher.java:59)
	at com.sun.javafx.event.BasicEventDispatcher.dispatchEvent(BasicEventDispatcher.java:58)
	at com.sun.javafx.event.EventDispatchChainImpl.dispatchEvent(EventDispatchChainImpl.java:114)
	at com.sun.javafx.event.BasicEventDispatcher.dispatchEvent(BasicEventDispatcher.java:56)
	at com.sun.javafx.event.EventDispatchChainImpl.dispatchEvent(EventDispatchChainImpl.java:114)
	at com.sun.javafx.event.BasicEventDispatcher.dispatchEvent(BasicEventDispatcher.java:56)
	at com.sun.javafx.event.EventDispatchChainImpl.dispatchEvent(EventDispatchChainImpl.java:114)
	at com.sun.javafx.event.BasicEventDispatcher.dispatchEvent(BasicEventDispatcher.java:56)
	at com.sun.javafx.event.EventDispatchChainImpl.dispatchEvent(EventDispatchChainImpl.java:114)
	at com.sun.javafx.event.EventUtil.fireEventImpl(EventUtil.java:74)
	at com.sun.javafx.event.EventUtil.fireEvent(EventUtil.java:49)
	at javafx.event.Event.fireEvent(Event.java:198)
	at javafx.scene.Node.fireEvent(Node.java:8890)
	at javafx.scene.control.Button.fire(Button.java:200)
	at com.sun.javafx.scene.control.behavior.ButtonBehavior.mouseReleased(ButtonBehavior.java:206)
	at com.sun.javafx.scene.control.inputmap.InputMap.handle(InputMap.java:274)
	at com.sun.javafx.event.CompositeEventHandler$NormalEventHandlerRecord.handleBubblingEvent(CompositeEventHandler.java:218)
	at com.sun.javafx.event.CompositeEventHandler.dispatchBubblingEvent(CompositeEventHandler.java:80)
	at com.sun.javafx.event.EventHandlerManager.dispatchBubblingEvent(EventHandlerManager.java:238)
	at com.sun.javafx.event.EventHandlerManager.dispatchBubblingEvent(EventHandlerManager.java:191)
	at com.sun.javafx.event.CompositeEventDispatcher.dispatchBubblingEvent(CompositeEventDispatcher.java:59)
	at com.sun.javafx.event.BasicEventDispatcher.dispatchEvent(BasicEventDispatcher.java:58)
	at com.sun.javafx.event.EventDispatchChainImpl.dispatchEvent(EventDispatchChainImpl.java:114)
	at com.sun.javafx.event.BasicEventDispatcher.dispatchEvent(BasicEventDispatcher.java:56)
	at com.sun.javafx.event.EventDispatchChainImpl.dispatchEvent(EventDispatchChainImpl.java:114)
	at com.sun.javafx.event.BasicEventDispatcher.dispatchEvent(BasicEventDispatcher.java:56)
	at com.sun.javafx.event.EventDispatchChainImpl.dispatchEvent(EventDispatchChainImpl.java:114)
	at com.sun.javafx.event.BasicEventDispatcher.dispatchEvent(BasicEventDispatcher.java:56)
	at com.sun.javafx.event.EventDispatchChainImpl.dispatchEvent(EventDispatchChainImpl.java:114)
	at com.sun.javafx.event.EventUtil.fireEventImpl(EventUtil.java:74)
	at com.sun.javafx.event.EventUtil.fireEvent(EventUtil.java:54)
	at javafx.event.Event.fireEvent(Event.java:198)
	at javafx.scene.Scene$MouseHandler.process(Scene.java:3851)
	at javafx.scene.Scene$MouseHandler.access$1200(Scene.java:3579)
	at javafx.scene.Scene.processMouseEvent(Scene.java:1849)
	at javafx.scene.Scene$ScenePeerListener.mouseEvent(Scene.java:2588)
	at com.sun.javafx.tk.quantum.GlassViewEventHandler$MouseEventNotification.run(GlassViewEventHandler.java:397)
	at com.sun.javafx.tk.quantum.GlassViewEventHandler$MouseEventNotification.run(GlassViewEventHandler.java:295)
	at java.base/java.security.AccessController.doPrivileged(AccessController.java:391)
	at com.sun.javafx.tk.quantum.GlassViewEventHandler.lambda$handleMouseEvent$2(GlassViewEventHandler.java:434)
	at com.sun.javafx.tk.quantum.QuantumToolkit.runWithoutRenderLock(QuantumToolkit.java:396)
	at com.sun.javafx.tk.quantum.GlassViewEventHandler.handleMouseEvent(GlassViewEventHandler.java:433)
	at com.sun.glass.ui.View.handleMouseEvent(View.java:556)
	at com.sun.glass.ui.View.notifyMouse(View.java:942)
	at com.sun.glass.ui.monocle.MonocleView.notifyMouse(MonocleView.java:116)
	... 29 common frames omitted
2020-07-02 18:15:00,591 [ERROR] from com.jpro.meta.tk.SceneInputListener in JavaFX Application Thread - Error while processing the input: MouseEventToken(MouseReleased,423.34375,48.27734375,MouseButtonToken(3),false,false,false,false,false,false,false,false) app: stage title: Covid-19 Data
java.lang.reflect.InvocationTargetException: null
	at jdk.internal.reflect.GeneratedMethodAccessor19.invoke(Unknown Source)
	at java.base/jdk.internal.reflect.DelegatingMethodAccessorImpl.invoke(DelegatingMethodAccessorImpl.java:43)
	at java.base/java.lang.reflect.Method.invoke(Method.java:564)
	at simplefx.util.ReflectionUtil$UseReflection.applyDynamic(ReflectionUtil.scala:21)
	at com.jpro.meta.tk.SceneInputListener.processInputInScene(SceneInputListener.scala:169)
	at com.jpro.meta.tk.SceneInputListener.processInput(SceneInputListener.scala:117)
	at com.jpro.meta.tk.SceneInputListener.processInputs(SceneInputListener.scala:98)
	at com.jpro.meta.tk.SceneInputListener.$anonfun$new$4(SceneInputListener.scala:39)
	at simplefx.cores.standard.parts.CoreTimeEvent.$anonfun$runAsAnimation$1(CoreTimeEvent.scala:64)
	at simplefx.cores.standard.parts.CoreTimeEvent$$anon$2.handle(CoreTimeEvent.scala:46)
	at javafx.animation.AnimationTimer$AnimationTimerReceiver.lambda$handle$0(AnimationTimer.java:57)
	at java.base/java.security.AccessController.doPrivileged(AccessController.java:391)
	at javafx.animation.AnimationTimer$AnimationTimerReceiver.handle(AnimationTimer.java:56)
	at com.sun.scenario.animation.AbstractMasterTimer.timePulseImpl(AbstractMasterTimer.java:357)
	at com.sun.scenario.animation.AbstractMasterTimer$MainLoop.run(AbstractMasterTimer.java:267)
	at com.sun.javafx.tk.quantum.QuantumToolkit.pulse(QuantumToolkit.java:525)
	at com.sun.javafx.tk.quantum.QuantumToolkit.pulse(QuantumToolkit.java:509)
	at com.sun.javafx.tk.quantum.QuantumToolkit.pulseFromQueue(QuantumToolkit.java:502)
	at com.sun.javafx.tk.quantum.QuantumToolkit.lambda$runToolkit$12(QuantumToolkit.java:326)
	at com.sun.glass.ui.monocle.RunnableProcessor.runLoop(RunnableProcessor.java:92)
	at com.sun.glass.ui.monocle.RunnableProcessor.run(RunnableProcessor.java:51)
	at java.base/java.lang.Thread.run(Thread.java:832)
Caused by: java.lang.reflect.InvocationTargetException: null
	at jdk.internal.reflect.GeneratedMethodAccessor17.invoke(Unknown Source)
	at java.base/jdk.internal.reflect.DelegatingMethodAccessorImpl.invoke(DelegatingMethodAccessorImpl.java:43)
	at java.base/java.lang.reflect.Method.invoke(Method.java:564)
	at simplefx.util.ReflectionUtil$UseReflection.applyDynamic(ReflectionUtil.scala:21)
	at com.sun.glass.ui.monocle.input.fork.NativeMouseInput.notifyMouse(NativeMouseInput.scala:326)
	at com.sun.glass.ui.monocle.input.fork.NativeMouseInput.postMouseEvent(NativeMouseInput.scala:222)
	at com.sun.glass.ui.monocle.input.fork.NativeMouseInput.setState(NativeMouseInput.scala:182)
	... 22 common frames omitted
Caused by: java.lang.NoClassDefFoundError: com/flexganttfx/view/timeline/Timeline$2
	at com.flexganttfx.view.timeline.Timeline.zoom(Timeline.java:843)
	at com.flexganttfx.view.timeline.Timeline.zoomOut(Timeline.java:778)
	at com.flexganttfx.covid.CovidToolBar.lambda$zoomOut$6(CovidToolBar.java:236)
	at com.sun.javafx.event.CompositeEventHandler.dispatchBubblingEvent(CompositeEventHandler.java:86)
	at com.sun.javafx.event.EventHandlerManager.dispatchBubblingEvent(EventHandlerManager.java:238)
	at com.sun.javafx.event.EventHandlerManager.dispatchBubblingEvent(EventHandlerManager.java:191)
	at com.sun.javafx.event.CompositeEventDispatcher.dispatchBubblingEvent(CompositeEventDispatcher.java:59)
	at com.sun.javafx.event.BasicEventDispatcher.dispatchEvent(BasicEventDispatcher.java:58)
	at com.sun.javafx.event.EventDispatchChainImpl.dispatchEvent(EventDispatchChainImpl.java:114)
	at com.sun.javafx.event.BasicEventDispatcher.dispatchEvent(BasicEventDispatcher.java:56)
	at com.sun.javafx.event.EventDispatchChainImpl.dispatchEvent(EventDispatchChainImpl.java:114)
	at com.sun.javafx.event.BasicEventDispatcher.dispatchEvent(BasicEventDispatcher.java:56)
	at com.sun.javafx.event.EventDispatchChainImpl.dispatchEvent(EventDispatchChainImpl.java:114)
	at com.sun.javafx.event.BasicEventDispatcher.dispatchEvent(BasicEventDispatcher.java:56)
	at com.sun.javafx.event.EventDispatchChainImpl.dispatchEvent(EventDispatchChainImpl.java:114)
	at com.sun.javafx.event.EventUtil.fireEventImpl(EventUtil.java:74)
	at com.sun.javafx.event.EventUtil.fireEvent(EventUtil.java:49)
	at javafx.event.Event.fireEvent(Event.java:198)
	at javafx.scene.Node.fireEvent(Node.java:8890)
	at javafx.scene.control.Button.fire(Button.java:200)
	at com.sun.javafx.scene.control.behavior.ButtonBehavior.mouseReleased(ButtonBehavior.java:206)
	at com.sun.javafx.scene.control.inputmap.InputMap.handle(InputMap.java:274)
	at com.sun.javafx.event.CompositeEventHandler$NormalEventHandlerRecord.handleBubblingEvent(CompositeEventHandler.java:218)
	at com.sun.javafx.event.CompositeEventHandler.dispatchBubblingEvent(CompositeEventHandler.java:80)
	at com.sun.javafx.event.EventHandlerManager.dispatchBubblingEvent(EventHandlerManager.java:238)
	at com.sun.javafx.event.EventHandlerManager.dispatchBubblingEvent(EventHandlerManager.java:191)
	at com.sun.javafx.event.CompositeEventDispatcher.dispatchBubblingEvent(CompositeEventDispatcher.java:59)
	at com.sun.javafx.event.BasicEventDispatcher.dispatchEvent(BasicEventDispatcher.java:58)
	at com.sun.javafx.event.EventDispatchChainImpl.dispatchEvent(EventDispatchChainImpl.java:114)
	at com.sun.javafx.event.BasicEventDispatcher.dispatchEvent(BasicEventDispatcher.java:56)
	at com.sun.javafx.event.EventDispatchChainImpl.dispatchEvent(EventDispatchChainImpl.java:114)
	at com.sun.javafx.event.BasicEventDispatcher.dispatchEvent(BasicEventDispatcher.java:56)
	at com.sun.javafx.event.EventDispatchChainImpl.dispatchEvent(EventDispatchChainImpl.java:114)
	at com.sun.javafx.event.BasicEventDispatcher.dispatchEvent(BasicEventDispatcher.java:56)
	at com.sun.javafx.event.EventDispatchChainImpl.dispatchEvent(EventDispatchChainImpl.java:114)
	at com.sun.javafx.event.EventUtil.fireEventImpl(EventUtil.java:74)
	at com.sun.javafx.event.EventUtil.fireEvent(EventUtil.java:54)
	at javafx.event.Event.fireEvent(Event.java:198)
	at javafx.scene.Scene$MouseHandler.process(Scene.java:3851)
	at javafx.scene.Scene$MouseHandler.access$1200(Scene.java:3579)
	at javafx.scene.Scene.processMouseEvent(Scene.java:1849)
	at javafx.scene.Scene$ScenePeerListener.mouseEvent(Scene.java:2588)
	at com.sun.javafx.tk.quantum.GlassViewEventHandler$MouseEventNotification.run(GlassViewEventHandler.java:397)
	at com.sun.javafx.tk.quantum.GlassViewEventHandler$MouseEventNotification.run(GlassViewEventHandler.java:295)
	at java.base/java.security.AccessController.doPrivileged(AccessController.java:391)
	at com.sun.javafx.tk.quantum.GlassViewEventHandler.lambda$handleMouseEvent$2(GlassViewEventHandler.java:434)
	at com.sun.javafx.tk.quantum.QuantumToolkit.runWithoutRenderLock(QuantumToolkit.java:396)
	at com.sun.javafx.tk.quantum.GlassViewEventHandler.handleMouseEvent(GlassViewEventHandler.java:433)
	at com.sun.glass.ui.View.handleMouseEvent(View.java:556)
	at com.sun.glass.ui.View.notifyMouse(View.java:942)
	at com.sun.glass.ui.monocle.MonocleView.notifyMouse(MonocleView.java:116)
	... 29 common frames omitted
2020-07-02 18:15:01,383 [ERROR] from com.jpro.meta.tk.SceneInputListener in JavaFX Application Thread - Error while processing the input: MouseEventToken(MouseReleased,330.45703125,43.80859375,MouseButtonToken(3),false,false,false,false,false,false,false,false) app: stage title: Covid-19 Data
java.lang.reflect.InvocationTargetException: null
	at jdk.internal.reflect.GeneratedMethodAccessor19.invoke(Unknown Source)
	at java.base/jdk.internal.reflect.DelegatingMethodAccessorImpl.invoke(DelegatingMethodAccessorImpl.java:43)
	at java.base/java.lang.reflect.Method.invoke(Method.java:564)
	at simplefx.util.ReflectionUtil$UseReflection.applyDynamic(ReflectionUtil.scala:21)
	at com.jpro.meta.tk.SceneInputListener.processInputInScene(SceneInputListener.scala:169)
	at com.jpro.meta.tk.SceneInputListener.processInput(SceneInputListener.scala:117)
	at com.jpro.meta.tk.SceneInputListener.processInputs(SceneInputListener.scala:98)
	at com.jpro.meta.tk.SceneInputListener.$anonfun$new$4(SceneInputListener.scala:39)
	at simplefx.cores.standard.parts.CoreTimeEvent.$anonfun$runAsAnimation$1(CoreTimeEvent.scala:64)
	at simplefx.cores.standard.parts.CoreTimeEvent$$anon$2.handle(CoreTimeEvent.scala:46)
	at javafx.animation.AnimationTimer$AnimationTimerReceiver.lambda$handle$0(AnimationTimer.java:57)
	at java.base/java.security.AccessController.doPrivileged(AccessController.java:391)
	at javafx.animation.AnimationTimer$AnimationTimerReceiver.handle(AnimationTimer.java:56)
	at com.sun.scenario.animation.AbstractMasterTimer.timePulseImpl(AbstractMasterTimer.java:357)
	at com.sun.scenario.animation.AbstractMasterTimer$MainLoop.run(AbstractMasterTimer.java:267)
	at com.sun.javafx.tk.quantum.QuantumToolkit.pulse(QuantumToolkit.java:525)
	at com.sun.javafx.tk.quantum.QuantumToolkit.pulse(QuantumToolkit.java:509)
	at com.sun.javafx.tk.quantum.QuantumToolkit.pulseFromQueue(QuantumToolkit.java:502)
	at com.sun.javafx.tk.quantum.QuantumToolkit.lambda$runToolkit$12(QuantumToolkit.java:326)
	at com.sun.glass.ui.monocle.RunnableProcessor.runLoop(RunnableProcessor.java:92)
	at com.sun.glass.ui.monocle.RunnableProcessor.run(RunnableProcessor.java:51)
	at java.base/java.lang.Thread.run(Thread.java:832)
Caused by: java.lang.reflect.InvocationTargetException: null
	at jdk.internal.reflect.GeneratedMethodAccessor17.invoke(Unknown Source)
	at java.base/jdk.internal.reflect.DelegatingMethodAccessorImpl.invoke(DelegatingMethodAccessorImpl.java:43)
	at java.base/java.lang.reflect.Method.invoke(Method.java:564)
	at simplefx.util.ReflectionUtil$UseReflection.applyDynamic(ReflectionUtil.scala:21)
	at com.sun.glass.ui.monocle.input.fork.NativeMouseInput.notifyMouse(NativeMouseInput.scala:326)
	at com.sun.glass.ui.monocle.input.fork.NativeMouseInput.postMouseEvent(NativeMouseInput.scala:222)
	at com.sun.glass.ui.monocle.input.fork.NativeMouseInput.setState(NativeMouseInput.scala:182)
	... 22 common frames omitted
Caused by: java.lang.NoClassDefFoundError: com/flexganttfx/view/timeline/Timeline$2
	at com.flexganttfx.view.timeline.Timeline.zoom(Timeline.java:843)
	at com.flexganttfx.view.timeline.Timeline.zoomIn(Timeline.java:765)
	at com.flexganttfx.covid.CovidToolBar.lambda$zoomIn$7(CovidToolBar.java:240)
	at com.sun.javafx.event.CompositeEventHandler.dispatchBubblingEvent(CompositeEventHandler.java:86)
	at com.sun.javafx.event.EventHandlerManager.dispatchBubblingEvent(EventHandlerManager.java:238)
	at com.sun.javafx.event.EventHandlerManager.dispatchBubblingEvent(EventHandlerManager.java:191)
	at com.sun.javafx.event.CompositeEventDispatcher.dispatchBubblingEvent(CompositeEventDispatcher.java:59)
	at com.sun.javafx.event.BasicEventDispatcher.dispatchEvent(BasicEventDispatcher.java:58)
	at com.sun.javafx.event.EventDispatchChainImpl.dispatchEvent(EventDispatchChainImpl.java:114)
	at com.sun.javafx.event.BasicEventDispatcher.dispatchEvent(BasicEventDispatcher.java:56)
	at com.sun.javafx.event.EventDispatchChainImpl.dispatchEvent(EventDispatchChainImpl.java:114)
	at com.sun.javafx.event.BasicEventDispatcher.dispatchEvent(BasicEventDispatcher.java:56)
	at com.sun.javafx.event.EventDispatchChainImpl.dispatchEvent(EventDispatchChainImpl.java:114)
	at com.sun.javafx.event.BasicEventDispatcher.dispatchEvent(BasicEventDispatcher.java:56)
	at com.sun.javafx.event.EventDispatchChainImpl.dispatchEvent(EventDispatchChainImpl.java:114)
	at com.sun.javafx.event.EventUtil.fireEventImpl(EventUtil.java:74)
	at com.sun.javafx.event.EventUtil.fireEvent(EventUtil.java:49)
	at javafx.event.Event.fireEvent(Event.java:198)
	at javafx.scene.Node.fireEvent(Node.java:8890)
	at javafx.scene.control.Button.fire(Button.java:200)
	at com.sun.javafx.scene.control.behavior.ButtonBehavior.mouseReleased(ButtonBehavior.java:206)
	at com.sun.javafx.scene.control.inputmap.InputMap.handle(InputMap.java:274)
	at com.sun.javafx.event.CompositeEventHandler$NormalEventHandlerRecord.handleBubblingEvent(CompositeEventHandler.java:218)
	at com.sun.javafx.event.CompositeEventHandler.dispatchBubblingEvent(CompositeEventHandler.java:80)
	at com.sun.javafx.event.EventHandlerManager.dispatchBubblingEvent(EventHandlerManager.java:238)
	at com.sun.javafx.event.EventHandlerManager.dispatchBubblingEvent(EventHandlerManager.java:191)
	at com.sun.javafx.event.CompositeEventDispatcher.dispatchBubblingEvent(CompositeEventDispatcher.java:59)
	at com.sun.javafx.event.BasicEventDispatcher.dispatchEvent(BasicEventDispatcher.java:58)
	at com.sun.javafx.event.EventDispatchChainImpl.dispatchEvent(EventDispatchChainImpl.java:114)
	at com.sun.javafx.event.BasicEventDispatcher.dispatchEvent(BasicEventDispatcher.java:56)
	at com.sun.javafx.event.EventDispatchChainImpl.dispatchEvent(EventDispatchChainImpl.java:114)
	at com.sun.javafx.event.BasicEventDispatcher.dispatchEvent(BasicEventDispatcher.java:56)
	at com.sun.javafx.event.EventDispatchChainImpl.dispatchEvent(EventDispatchChainImpl.java:114)
	at com.sun.javafx.event.BasicEventDispatcher.dispatchEvent(BasicEventDispatcher.java:56)
	at com.sun.javafx.event.EventDispatchChainImpl.dispatchEvent(EventDispatchChainImpl.java:114)
	at com.sun.javafx.event.EventUtil.fireEventImpl(EventUtil.java:74)
	at com.sun.javafx.event.EventUtil.fireEvent(EventUtil.java:54)
	at javafx.event.Event.fireEvent(Event.java:198)
	at javafx.scene.Scene$MouseHandler.process(Scene.java:3851)
	at javafx.scene.Scene$MouseHandler.access$1200(Scene.java:3579)
	at javafx.scene.Scene.processMouseEvent(Scene.java:1849)
	at javafx.scene.Scene$ScenePeerListener.mouseEvent(Scene.java:2588)
	at com.sun.javafx.tk.quantum.GlassViewEventHandler$MouseEventNotification.run(GlassViewEventHandler.java:397)
	at com.sun.javafx.tk.quantum.GlassViewEventHandler$MouseEventNotification.run(GlassViewEventHandler.java:295)
	at java.base/java.security.AccessController.doPrivileged(AccessController.java:391)
	at com.sun.javafx.tk.quantum.GlassViewEventHandler.lambda$handleMouseEvent$2(GlassViewEventHandler.java:434)
	at com.sun.javafx.tk.quantum.QuantumToolkit.runWithoutRenderLock(QuantumToolkit.java:396)
	at com.sun.javafx.tk.quantum.GlassViewEventHandler.handleMouseEvent(GlassViewEventHandler.java:433)
	at com.sun.glass.ui.View.handleMouseEvent(View.java:556)
	at com.sun.glass.ui.View.notifyMouse(View.java:942)
	at com.sun.glass.ui.monocle.MonocleView.notifyMouse(MonocleView.java:116)
	... 29 common frames omitted
2020-07-02 18:15:08,734 [ERROR] from com.jpro.meta.tk.SceneInputListener in JavaFX Application Thread - Error while processing the input: MouseEventToken(MouseReleased,322.22265625,47.453125,MouseButtonToken(3),false,false,false,false,false,false,false,false) app: stage title: Covid-19 Data
java.lang.reflect.InvocationTargetException: null
	at jdk.internal.reflect.GeneratedMethodAccessor19.invoke(Unknown Source)
	at java.base/jdk.internal.reflect.DelegatingMethodAccessorImpl.invoke(DelegatingMethodAccessorImpl.java:43)
	at java.base/java.lang.reflect.Method.invoke(Method.java:564)
	at simplefx.util.ReflectionUtil$UseReflection.applyDynamic(ReflectionUtil.scala:21)
	at com.jpro.meta.tk.SceneInputListener.processInputInScene(SceneInputListener.scala:169)
	at com.jpro.meta.tk.SceneInputListener.processInput(SceneInputListener.scala:117)
	at com.jpro.meta.tk.SceneInputListener.processInputs(SceneInputListener.scala:98)
	at com.jpro.meta.tk.SceneInputListener.$anonfun$new$4(SceneInputListener.scala:39)
	at simplefx.cores.standard.parts.CoreTimeEvent.$anonfun$runAsAnimation$1(CoreTimeEvent.scala:64)
	at simplefx.cores.standard.parts.CoreTimeEvent$$anon$2.handle(CoreTimeEvent.scala:46)
	at javafx.animation.AnimationTimer$AnimationTimerReceiver.lambda$handle$0(AnimationTimer.java:57)
	at java.base/java.security.AccessController.doPrivileged(AccessController.java:391)
	at javafx.animation.AnimationTimer$AnimationTimerReceiver.handle(AnimationTimer.java:56)
	at com.sun.scenario.animation.AbstractMasterTimer.timePulseImpl(AbstractMasterTimer.java:357)
	at com.sun.scenario.animation.AbstractMasterTimer$MainLoop.run(AbstractMasterTimer.java:267)
	at com.sun.javafx.tk.quantum.QuantumToolkit.pulse(QuantumToolkit.java:525)
	at com.sun.javafx.tk.quantum.QuantumToolkit.pulse(QuantumToolkit.java:509)
	at com.sun.javafx.tk.quantum.QuantumToolkit.pulseFromQueue(QuantumToolkit.java:502)
	at com.sun.javafx.tk.quantum.QuantumToolkit.lambda$runToolkit$12(QuantumToolkit.java:326)
	at com.sun.glass.ui.monocle.RunnableProcessor.runLoop(RunnableProcessor.java:92)
	at com.sun.glass.ui.monocle.RunnableProcessor.run(RunnableProcessor.java:51)
	at java.base/java.lang.Thread.run(Thread.java:832)
Caused by: java.lang.reflect.InvocationTargetException: null
	at jdk.internal.reflect.GeneratedMethodAccessor17.invoke(Unknown Source)
	at java.base/jdk.internal.reflect.DelegatingMethodAccessorImpl.invoke(DelegatingMethodAccessorImpl.java:43)
	at java.base/java.lang.reflect.Method.invoke(Method.java:564)
	at simplefx.util.ReflectionUtil$UseReflection.applyDynamic(ReflectionUtil.scala:21)
	at com.sun.glass.ui.monocle.input.fork.NativeMouseInput.notifyMouse(NativeMouseInput.scala:326)
	at com.sun.glass.ui.monocle.input.fork.NativeMouseInput.postMouseEvent(NativeMouseInput.scala:222)
	at com.sun.glass.ui.monocle.input.fork.NativeMouseInput.setState(NativeMouseInput.scala:182)
	... 22 common frames omitted
Caused by: java.lang.NoClassDefFoundError: com/flexganttfx/view/timeline/Timeline$2
	at com.flexganttfx.view.timeline.Timeline.zoom(Timeline.java:843)
	at com.flexganttfx.view.timeline.Timeline.zoomIn(Timeline.java:765)
	at com.flexganttfx.covid.CovidToolBar.lambda$zoomIn$7(CovidToolBar.java:240)
	at com.sun.javafx.event.CompositeEventHandler.dispatchBubblingEvent(CompositeEventHandler.java:86)
	at com.sun.javafx.event.EventHandlerManager.dispatchBubblingEvent(EventHandlerManager.java:238)
	at com.sun.javafx.event.EventHandlerManager.dispatchBubblingEvent(EventHandlerManager.java:191)
	at com.sun.javafx.event.CompositeEventDispatcher.dispatchBubblingEvent(CompositeEventDispatcher.java:59)
	at com.sun.javafx.event.BasicEventDispatcher.dispatchEvent(BasicEventDispatcher.java:58)
	at com.sun.javafx.event.EventDispatchChainImpl.dispatchEvent(EventDispatchChainImpl.java:114)
	at com.sun.javafx.event.BasicEventDispatcher.dispatchEvent(BasicEventDispatcher.java:56)
	at com.sun.javafx.event.EventDispatchChainImpl.dispatchEvent(EventDispatchChainImpl.java:114)
	at com.sun.javafx.event.BasicEventDispatcher.dispatchEvent(BasicEventDispatcher.java:56)
	at com.sun.javafx.event.EventDispatchChainImpl.dispatchEvent(EventDispatchChainImpl.java:114)
	at com.sun.javafx.event.BasicEventDispatcher.dispatchEvent(BasicEventDispatcher.java:56)
	at com.sun.javafx.event.EventDispatchChainImpl.dispatchEvent(EventDispatchChainImpl.java:114)
	at com.sun.javafx.event.EventUtil.fireEventImpl(EventUtil.java:74)
	at com.sun.javafx.event.EventUtil.fireEvent(EventUtil.java:49)
	at javafx.event.Event.fireEvent(Event.java:198)
	at javafx.scene.Node.fireEvent(Node.java:8890)
	at javafx.scene.control.Button.fire(Button.java:200)
	at com.sun.javafx.scene.control.behavior.ButtonBehavior.mouseReleased(ButtonBehavior.java:206)
	at com.sun.javafx.scene.control.inputmap.InputMap.handle(InputMap.java:274)
	at com.sun.javafx.event.CompositeEventHandler$NormalEventHandlerRecord.handleBubblingEvent(CompositeEventHandler.java:218)
	at com.sun.javafx.event.CompositeEventHandler.dispatchBubblingEvent(CompositeEventHandler.java:80)
	at com.sun.javafx.event.EventHandlerManager.dispatchBubblingEvent(EventHandlerManager.java:238)
	at com.sun.javafx.event.EventHandlerManager.dispatchBubblingEvent(EventHandlerManager.java:191)
	at com.sun.javafx.event.CompositeEventDispatcher.dispatchBubblingEvent(CompositeEventDispatcher.java:59)
	at com.sun.javafx.event.BasicEventDispatcher.dispatchEvent(BasicEventDispatcher.java:58)
	at com.sun.javafx.event.EventDispatchChainImpl.dispatchEvent(EventDispatchChainImpl.java:114)
	at com.sun.javafx.event.BasicEventDispatcher.dispatchEvent(BasicEventDispatcher.java:56)
	at com.sun.javafx.event.EventDispatchChainImpl.dispatchEvent(EventDispatchChainImpl.java:114)
	at com.sun.javafx.event.BasicEventDispatcher.dispatchEvent(BasicEventDispatcher.java:56)
	at com.sun.javafx.event.EventDispatchChainImpl.dispatchEvent(EventDispatchChainImpl.java:114)
	at com.sun.javafx.event.BasicEventDispatcher.dispatchEvent(BasicEventDispatcher.java:56)
	at com.sun.javafx.event.EventDispatchChainImpl.dispatchEvent(EventDispatchChainImpl.java:114)
	at com.sun.javafx.event.EventUtil.fireEventImpl(EventUtil.java:74)
	at com.sun.javafx.event.EventUtil.fireEvent(EventUtil.java:54)
	at javafx.event.Event.fireEvent(Event.java:198)
	at javafx.scene.Scene$MouseHandler.process(Scene.java:3851)
	at javafx.scene.Scene$MouseHandler.access$1200(Scene.java:3579)
	at javafx.scene.Scene.processMouseEvent(Scene.java:1849)
	at javafx.scene.Scene$ScenePeerListener.mouseEvent(Scene.java:2588)
	at com.sun.javafx.tk.quantum.GlassViewEventHandler$MouseEventNotification.run(GlassViewEventHandler.java:397)
	at com.sun.javafx.tk.quantum.GlassViewEventHandler$MouseEventNotification.run(GlassViewEventHandler.java:295)
	at java.base/java.security.AccessController.doPrivileged(AccessController.java:391)
	at com.sun.javafx.tk.quantum.GlassViewEventHandler.lambda$handleMouseEvent$2(GlassViewEventHandler.java:434)
	at com.sun.javafx.tk.quantum.QuantumToolkit.runWithoutRenderLock(QuantumToolkit.java:396)
	at com.sun.javafx.tk.quantum.GlassViewEventHandler.handleMouseEvent(GlassViewEventHandler.java:433)
	at com.sun.glass.ui.View.handleMouseEvent(View.java:556)
	at com.sun.glass.ui.View.notifyMouse(View.java:942)
	at com.sun.glass.ui.monocle.MonocleView.notifyMouse(MonocleView.java:116)
	... 29 common frames omitted
2020-07-02 18:15:09,157 [ERROR] from com.jpro.meta.tk.SceneInputListener in JavaFX Application Thread - Error while processing the input: MouseEventToken(MouseReleased,321.984375,47.453125,MouseButtonToken(3),false,false,false,false,false,false,false,false) app: stage title: Covid-19 Data
java.lang.reflect.InvocationTargetException: null
	at jdk.internal.reflect.GeneratedMethodAccessor19.invoke(Unknown Source)
	at java.base/jdk.internal.reflect.DelegatingMethodAccessorImpl.invoke(DelegatingMethodAccessorImpl.java:43)
	at java.base/java.lang.reflect.Method.invoke(Method.java:564)
	at simplefx.util.ReflectionUtil$UseReflection.applyDynamic(ReflectionUtil.scala:21)
	at com.jpro.meta.tk.SceneInputListener.processInputInScene(SceneInputListener.scala:169)
	at com.jpro.meta.tk.SceneInputListener.processInput(SceneInputListener.scala:117)
	at com.jpro.meta.tk.SceneInputListener.processInputs(SceneInputListener.scala:98)
	at com.jpro.meta.tk.SceneInputListener.$anonfun$new$4(SceneInputListener.scala:39)
	at simplefx.cores.standard.parts.CoreTimeEvent.$anonfun$runAsAnimation$1(CoreTimeEvent.scala:64)
	at simplefx.cores.standard.parts.CoreTimeEvent$$anon$2.handle(CoreTimeEvent.scala:46)
	at javafx.animation.AnimationTimer$AnimationTimerReceiver.lambda$handle$0(AnimationTimer.java:57)
	at java.base/java.security.AccessController.doPrivileged(AccessController.java:391)
	at javafx.animation.AnimationTimer$AnimationTimerReceiver.handle(AnimationTimer.java:56)
	at com.sun.scenario.animation.AbstractMasterTimer.timePulseImpl(AbstractMasterTimer.java:357)
	at com.sun.scenario.animation.AbstractMasterTimer$MainLoop.run(AbstractMasterTimer.java:267)
	at com.sun.javafx.tk.quantum.QuantumToolkit.pulse(QuantumToolkit.java:525)
	at com.sun.javafx.tk.quantum.QuantumToolkit.pulse(QuantumToolkit.java:509)
	at com.sun.javafx.tk.quantum.QuantumToolkit.pulseFromQueue(QuantumToolkit.java:502)
	at com.sun.javafx.tk.quantum.QuantumToolkit.lambda$runToolkit$12(QuantumToolkit.java:326)
	at com.sun.glass.ui.monocle.RunnableProcessor.runLoop(RunnableProcessor.java:92)
	at com.sun.glass.ui.monocle.RunnableProcessor.run(RunnableProcessor.java:51)
	at java.base/java.lang.Thread.run(Thread.java:832)
Caused by: java.lang.reflect.InvocationTargetException: null
	at jdk.internal.reflect.GeneratedMethodAccessor17.invoke(Unknown Source)
	at java.base/jdk.internal.reflect.DelegatingMethodAccessorImpl.invoke(DelegatingMethodAccessorImpl.java:43)
	at java.base/java.lang.reflect.Method.invoke(Method.java:564)
	at simplefx.util.ReflectionUtil$UseReflection.applyDynamic(ReflectionUtil.scala:21)
	at com.sun.glass.ui.monocle.input.fork.NativeMouseInput.notifyMouse(NativeMouseInput.scala:326)
	at com.sun.glass.ui.monocle.input.fork.NativeMouseInput.postMouseEvent(NativeMouseInput.scala:222)
	at com.sun.glass.ui.monocle.input.fork.NativeMouseInput.setState(NativeMouseInput.scala:182)
	... 22 common frames omitted
Caused by: java.lang.NoClassDefFoundError: com/flexganttfx/view/timeline/Timeline$2
	at com.flexganttfx.view.timeline.Timeline.zoom(Timeline.java:843)
	at com.flexganttfx.view.timeline.Timeline.zoomIn(Timeline.java:765)
	at com.flexganttfx.covid.CovidToolBar.lambda$zoomIn$7(CovidToolBar.java:240)
	at com.sun.javafx.event.CompositeEventHandler.dispatchBubblingEvent(CompositeEventHandler.java:86)
	at com.sun.javafx.event.EventHandlerManager.dispatchBubblingEvent(EventHandlerManager.java:238)
	at com.sun.javafx.event.EventHandlerManager.dispatchBubblingEvent(EventHandlerManager.java:191)
	at com.sun.javafx.event.CompositeEventDispatcher.dispatchBubblingEvent(CompositeEventDispatcher.java:59)
	at com.sun.javafx.event.BasicEventDispatcher.dispatchEvent(BasicEventDispatcher.java:58)
	at com.sun.javafx.event.EventDispatchChainImpl.dispatchEvent(EventDispatchChainImpl.java:114)
	at com.sun.javafx.event.BasicEventDispatcher.dispatchEvent(BasicEventDispatcher.java:56)
	at com.sun.javafx.event.EventDispatchChainImpl.dispatchEvent(EventDispatchChainImpl.java:114)
	at com.sun.javafx.event.BasicEventDispatcher.dispatchEvent(BasicEventDispatcher.java:56)
	at com.sun.javafx.event.EventDispatchChainImpl.dispatchEvent(EventDispatchChainImpl.java:114)
	at com.sun.javafx.event.BasicEventDispatcher.dispatchEvent(BasicEventDispatcher.java:56)
	at com.sun.javafx.event.EventDispatchChainImpl.dispatchEvent(EventDispatchChainImpl.java:114)
	at com.sun.javafx.event.EventUtil.fireEventImpl(EventUtil.java:74)
	at com.sun.javafx.event.EventUtil.fireEvent(EventUtil.java:49)
	at javafx.event.Event.fireEvent(Event.java:198)
	at javafx.scene.Node.fireEvent(Node.java:8890)
	at javafx.scene.control.Button.fire(Button.java:200)
	at com.sun.javafx.scene.control.behavior.ButtonBehavior.mouseReleased(ButtonBehavior.java:206)
	at com.sun.javafx.scene.control.inputmap.InputMap.handle(InputMap.java:274)
	at com.sun.javafx.event.CompositeEventHandler$NormalEventHandlerRecord.handleBubblingEvent(CompositeEventHandler.java:218)
	at com.sun.javafx.event.CompositeEventHandler.dispatchBubblingEvent(CompositeEventHandler.java:80)
	at com.sun.javafx.event.EventHandlerManager.dispatchBubblingEvent(EventHandlerManager.java:238)
	at com.sun.javafx.event.EventHandlerManager.dispatchBubblingEvent(EventHandlerManager.java:191)
	at com.sun.javafx.event.CompositeEventDispatcher.dispatchBubblingEvent(CompositeEventDispatcher.java:59)
	at com.sun.javafx.event.BasicEventDispatcher.dispatchEvent(BasicEventDispatcher.java:58)
	at com.sun.javafx.event.EventDispatchChainImpl.dispatchEvent(EventDispatchChainImpl.java:114)
	at com.sun.javafx.event.BasicEventDispatcher.dispatchEvent(BasicEventDispatcher.java:56)
	at com.sun.javafx.event.EventDispatchChainImpl.dispatchEvent(EventDispatchChainImpl.java:114)
	at com.sun.javafx.event.BasicEventDispatcher.dispatchEvent(BasicEventDispatcher.java:56)
	at com.sun.javafx.event.EventDispatchChainImpl.dispatchEvent(EventDispatchChainImpl.java:114)
	at com.sun.javafx.event.BasicEventDispatcher.dispatchEvent(BasicEventDispatcher.java:56)
	at com.sun.javafx.event.EventDispatchChainImpl.dispatchEvent(EventDispatchChainImpl.java:114)
	at com.sun.javafx.event.EventUtil.fireEventImpl(EventUtil.java:74)
	at com.sun.javafx.event.EventUtil.fireEvent(EventUtil.java:54)
	at javafx.event.Event.fireEvent(Event.java:198)
	at javafx.scene.Scene$MouseHandler.process(Scene.java:3851)
	at javafx.scene.Scene$MouseHandler.access$1200(Scene.java:3579)
	at javafx.scene.Scene.processMouseEvent(Scene.java:1849)
	at javafx.scene.Scene$ScenePeerListener.mouseEvent(Scene.java:2588)
	at com.sun.javafx.tk.quantum.GlassViewEventHandler$MouseEventNotification.run(GlassViewEventHandler.java:397)
	at com.sun.javafx.tk.quantum.GlassViewEventHandler$MouseEventNotification.run(GlassViewEventHandler.java:295)
	at java.base/java.security.AccessController.doPrivileged(AccessController.java:391)
	at com.sun.javafx.tk.quantum.GlassViewEventHandler.lambda$handleMouseEvent$2(GlassViewEventHandler.java:434)
	at com.sun.javafx.tk.quantum.QuantumToolkit.runWithoutRenderLock(QuantumToolkit.java:396)
	at com.sun.javafx.tk.quantum.GlassViewEventHandler.handleMouseEvent(GlassViewEventHandler.java:433)
	at com.sun.glass.ui.View.handleMouseEvent(View.java:556)
	at com.sun.glass.ui.View.notifyMouse(View.java:942)
	at com.sun.glass.ui.monocle.MonocleView.notifyMouse(MonocleView.java:116)
	... 29 common frames omitted
2020-07-02 18:15:09,431 [ERROR] from com.jpro.meta.tk.SceneInputListener in JavaFX Application Thread - Error while processing the input: MouseEventToken(MouseReleased,321.984375,47.6875,MouseButtonToken(3),false,false,false,false,false,false,false,false) app: stage title: Covid-19 Data
java.lang.reflect.InvocationTargetException: null
	at jdk.internal.reflect.GeneratedMethodAccessor19.invoke(Unknown Source)
	at java.base/jdk.internal.reflect.DelegatingMethodAccessorImpl.invoke(DelegatingMethodAccessorImpl.java:43)
	at java.base/java.lang.reflect.Method.invoke(Method.java:564)
	at simplefx.util.ReflectionUtil$UseReflection.applyDynamic(ReflectionUtil.scala:21)
	at com.jpro.meta.tk.SceneInputListener.processInputInScene(SceneInputListener.scala:169)
	at com.jpro.meta.tk.SceneInputListener.processInput(SceneInputListener.scala:117)
	at com.jpro.meta.tk.SceneInputListener.processInputs(SceneInputListener.scala:98)
	at com.jpro.meta.tk.SceneInputListener.$anonfun$new$4(SceneInputListener.scala:39)
	at simplefx.cores.standard.parts.CoreTimeEvent.$anonfun$runAsAnimation$1(CoreTimeEvent.scala:64)
	at simplefx.cores.standard.parts.CoreTimeEvent$$anon$2.handle(CoreTimeEvent.scala:46)
	at javafx.animation.AnimationTimer$AnimationTimerReceiver.lambda$handle$0(AnimationTimer.java:57)
	at java.base/java.security.AccessController.doPrivileged(AccessController.java:391)
	at javafx.animation.AnimationTimer$AnimationTimerReceiver.handle(AnimationTimer.java:56)
	at com.sun.scenario.animation.AbstractMasterTimer.timePulseImpl(AbstractMasterTimer.java:357)
	at com.sun.scenario.animation.AbstractMasterTimer$MainLoop.run(AbstractMasterTimer.java:267)
	at com.sun.javafx.tk.quantum.QuantumToolkit.pulse(QuantumToolkit.java:525)
	at com.sun.javafx.tk.quantum.QuantumToolkit.pulse(QuantumToolkit.java:509)
	at com.sun.javafx.tk.quantum.QuantumToolkit.pulseFromQueue(QuantumToolkit.java:502)
	at com.sun.javafx.tk.quantum.QuantumToolkit.lambda$runToolkit$12(QuantumToolkit.java:326)
	at com.sun.glass.ui.monocle.RunnableProcessor.runLoop(RunnableProcessor.java:92)
	at com.sun.glass.ui.monocle.RunnableProcessor.run(RunnableProcessor.java:51)
	at java.base/java.lang.Thread.run(Thread.java:832)
Caused by: java.lang.reflect.InvocationTargetException: null
	at jdk.internal.reflect.GeneratedMethodAccessor17.invoke(Unknown Source)
	at java.base/jdk.internal.reflect.DelegatingMethodAccessorImpl.invoke(DelegatingMethodAccessorImpl.java:43)
	at java.base/java.lang.reflect.Method.invoke(Method.java:564)
	at simplefx.util.ReflectionUtil$UseReflection.applyDynamic(ReflectionUtil.scala:21)
	at com.sun.glass.ui.monocle.input.fork.NativeMouseInput.notifyMouse(NativeMouseInput.scala:326)
	at com.sun.glass.ui.monocle.input.fork.NativeMouseInput.postMouseEvent(NativeMouseInput.scala:222)
	at com.sun.glass.ui.monocle.input.fork.NativeMouseInput.setState(NativeMouseInput.scala:182)
	... 22 common frames omitted
Caused by: java.lang.NoClassDefFoundError: com/flexganttfx/view/timeline/Timeline$2
	at com.flexganttfx.view.timeline.Timeline.zoom(Timeline.java:843)
	at com.flexganttfx.view.timeline.Timeline.zoomIn(Timeline.java:765)
	at com.flexganttfx.covid.CovidToolBar.lambda$zoomIn$7(CovidToolBar.java:240)
	at com.sun.javafx.event.CompositeEventHandler.dispatchBubblingEvent(CompositeEventHandler.java:86)
	at com.sun.javafx.event.EventHandlerManager.dispatchBubblingEvent(EventHandlerManager.java:238)
	at com.sun.javafx.event.EventHandlerManager.dispatchBubblingEvent(EventHandlerManager.java:191)
	at com.sun.javafx.event.CompositeEventDispatcher.dispatchBubblingEvent(CompositeEventDispatcher.java:59)
	at com.sun.javafx.event.BasicEventDispatcher.dispatchEvent(BasicEventDispatcher.java:58)
	at com.sun.javafx.event.EventDispatchChainImpl.dispatchEvent(EventDispatchChainImpl.java:114)
	at com.sun.javafx.event.BasicEventDispatcher.dispatchEvent(BasicEventDispatcher.java:56)
	at com.sun.javafx.event.EventDispatchChainImpl.dispatchEvent(EventDispatchChainImpl.java:114)
	at com.sun.javafx.event.BasicEventDispatcher.dispatchEvent(BasicEventDispatcher.java:56)
	at com.sun.javafx.event.EventDispatchChainImpl.dispatchEvent(EventDispatchChainImpl.java:114)
	at com.sun.javafx.event.BasicEventDispatcher.dispatchEvent(BasicEventDispatcher.java:56)
	at com.sun.javafx.event.EventDispatchChainImpl.dispatchEvent(EventDispatchChainImpl.java:114)
	at com.sun.javafx.event.EventUtil.fireEventImpl(EventUtil.java:74)
	at com.sun.javafx.event.EventUtil.fireEvent(EventUtil.java:49)
	at javafx.event.Event.fireEvent(Event.java:198)
	at javafx.scene.Node.fireEvent(Node.java:8890)
	at javafx.scene.control.Button.fire(Button.java:200)
	at com.sun.javafx.scene.control.behavior.ButtonBehavior.mouseReleased(ButtonBehavior.java:206)
	at com.sun.javafx.scene.control.inputmap.InputMap.handle(InputMap.java:274)
	at com.sun.javafx.event.CompositeEventHandler$NormalEventHandlerRecord.handleBubblingEvent(CompositeEventHandler.java:218)
	at com.sun.javafx.event.CompositeEventHandler.dispatchBubblingEvent(CompositeEventHandler.java:80)
	at com.sun.javafx.event.EventHandlerManager.dispatchBubblingEvent(EventHandlerManager.java:238)
	at com.sun.javafx.event.EventHandlerManager.dispatchBubblingEvent(EventHandlerManager.java:191)
	at com.sun.javafx.event.CompositeEventDispatcher.dispatchBubblingEvent(CompositeEventDispatcher.java:59)
	at com.sun.javafx.event.BasicEventDispatcher.dispatchEvent(BasicEventDispatcher.java:58)
	at com.sun.javafx.event.EventDispatchChainImpl.dispatchEvent(EventDispatchChainImpl.java:114)
	at com.sun.javafx.event.BasicEventDispatcher.dispatchEvent(BasicEventDispatcher.java:56)
	at com.sun.javafx.event.EventDispatchChainImpl.dispatchEvent(EventDispatchChainImpl.java:114)
	at com.sun.javafx.event.BasicEventDispatcher.dispatchEvent(BasicEventDispatcher.java:56)
	at com.sun.javafx.event.EventDispatchChainImpl.dispatchEvent(EventDispatchChainImpl.java:114)
	at com.sun.javafx.event.BasicEventDispatcher.dispatchEvent(BasicEventDispatcher.java:56)
	at com.sun.javafx.event.EventDispatchChainImpl.dispatchEvent(EventDispatchChainImpl.java:114)
	at com.sun.javafx.event.EventUtil.fireEventImpl(EventUtil.java:74)
	at com.sun.javafx.event.EventUtil.fireEvent(EventUtil.java:54)
	at javafx.event.Event.fireEvent(Event.java:198)
	at javafx.scene.Scene$MouseHandler.process(Scene.java:3851)
	at javafx.scene.Scene$MouseHandler.access$1200(Scene.java:3579)
	at javafx.scene.Scene.processMouseEvent(Scene.java:1849)
	at javafx.scene.Scene$ScenePeerListener.mouseEvent(Scene.java:2588)
	at com.sun.javafx.tk.quantum.GlassViewEventHandler$MouseEventNotification.run(GlassViewEventHandler.java:397)
	at com.sun.javafx.tk.quantum.GlassViewEventHandler$MouseEventNotification.run(GlassViewEventHandler.java:295)
	at java.base/java.security.AccessController.doPrivileged(AccessController.java:391)
	at com.sun.javafx.tk.quantum.GlassViewEventHandler.lambda$handleMouseEvent$2(GlassViewEventHandler.java:434)
	at com.sun.javafx.tk.quantum.QuantumToolkit.runWithoutRenderLock(QuantumToolkit.java:396)
	at com.sun.javafx.tk.quantum.GlassViewEventHandler.handleMouseEvent(GlassViewEventHandler.java:433)
	at com.sun.glass.ui.View.handleMouseEvent(View.java:556)
	at com.sun.glass.ui.View.notifyMouse(View.java:942)
	at com.sun.glass.ui.monocle.MonocleView.notifyMouse(MonocleView.java:116)
	... 29 common frames omitted
2020-07-02 18:15:10,743 [ERROR] from com.jpro.meta.tk.SceneInputListener in JavaFX Application Thread - Error while processing the input: MouseEventToken(MouseReleased,405.55859375,46.97265625,MouseButtonToken(3),false,false,false,false,false,false,false,false) app: stage title: Covid-19 Data
java.lang.reflect.InvocationTargetException: null
	at jdk.internal.reflect.GeneratedMethodAccessor19.invoke(Unknown Source)
	at java.base/jdk.internal.reflect.DelegatingMethodAccessorImpl.invoke(DelegatingMethodAccessorImpl.java:43)
	at java.base/java.lang.reflect.Method.invoke(Method.java:564)
	at simplefx.util.ReflectionUtil$UseReflection.applyDynamic(ReflectionUtil.scala:21)
	at com.jpro.meta.tk.SceneInputListener.processInputInScene(SceneInputListener.scala:169)
	at com.jpro.meta.tk.SceneInputListener.processInput(SceneInputListener.scala:117)
	at com.jpro.meta.tk.SceneInputListener.processInputs(SceneInputListener.scala:98)
	at com.jpro.meta.tk.SceneInputListener.$anonfun$new$4(SceneInputListener.scala:39)
	at simplefx.cores.standard.parts.CoreTimeEvent.$anonfun$runAsAnimation$1(CoreTimeEvent.scala:64)
	at simplefx.cores.standard.parts.CoreTimeEvent$$anon$2.handle(CoreTimeEvent.scala:46)
	at javafx.animation.AnimationTimer$AnimationTimerReceiver.lambda$handle$0(AnimationTimer.java:57)
	at java.base/java.security.AccessController.doPrivileged(AccessController.java:391)
	at javafx.animation.AnimationTimer$AnimationTimerReceiver.handle(AnimationTimer.java:56)
	at com.sun.scenario.animation.AbstractMasterTimer.timePulseImpl(AbstractMasterTimer.java:357)
	at com.sun.scenario.animation.AbstractMasterTimer$MainLoop.run(AbstractMasterTimer.java:267)
	at com.sun.javafx.tk.quantum.QuantumToolkit.pulse(QuantumToolkit.java:525)
	at com.sun.javafx.tk.quantum.QuantumToolkit.pulse(QuantumToolkit.java:509)
	at com.sun.javafx.tk.quantum.QuantumToolkit.pulseFromQueue(QuantumToolkit.java:502)
	at com.sun.javafx.tk.quantum.QuantumToolkit.lambda$runToolkit$12(QuantumToolkit.java:326)
	at com.sun.glass.ui.monocle.RunnableProcessor.runLoop(RunnableProcessor.java:92)
	at com.sun.glass.ui.monocle.RunnableProcessor.run(RunnableProcessor.java:51)
	at java.base/java.lang.Thread.run(Thread.java:832)
Caused by: java.lang.reflect.InvocationTargetException: null
	at jdk.internal.reflect.GeneratedMethodAccessor17.invoke(Unknown Source)
	at java.base/jdk.internal.reflect.DelegatingMethodAccessorImpl.invoke(DelegatingMethodAccessorImpl.java:43)
	at java.base/java.lang.reflect.Method.invoke(Method.java:564)
	at simplefx.util.ReflectionUtil$UseReflection.applyDynamic(ReflectionUtil.scala:21)
	at com.sun.glass.ui.monocle.input.fork.NativeMouseInput.notifyMouse(NativeMouseInput.scala:326)
	at com.sun.glass.ui.monocle.input.fork.NativeMouseInput.postMouseEvent(NativeMouseInput.scala:222)
	at com.sun.glass.ui.monocle.input.fork.NativeMouseInput.setState(NativeMouseInput.scala:182)
	... 22 common frames omitted
Caused by: java.lang.NoClassDefFoundError: com/flexganttfx/view/timeline/Timeline$2
	at com.flexganttfx.view.timeline.Timeline.zoom(Timeline.java:843)
	at com.flexganttfx.view.timeline.Timeline.zoomOut(Timeline.java:778)
	at com.flexganttfx.covid.CovidToolBar.lambda$zoomOut$6(CovidToolBar.java:236)
	at com.sun.javafx.event.CompositeEventHandler.dispatchBubblingEvent(CompositeEventHandler.java:86)
	at com.sun.javafx.event.EventHandlerManager.dispatchBubblingEvent(EventHandlerManager.java:238)
	at com.sun.javafx.event.EventHandlerManager.dispatchBubblingEvent(EventHandlerManager.java:191)
	at com.sun.javafx.event.CompositeEventDispatcher.dispatchBubblingEvent(CompositeEventDispatcher.java:59)
	at com.sun.javafx.event.BasicEventDispatcher.dispatchEvent(BasicEventDispatcher.java:58)
	at com.sun.javafx.event.EventDispatchChainImpl.dispatchEvent(EventDispatchChainImpl.java:114)
	at com.sun.javafx.event.BasicEventDispatcher.dispatchEvent(BasicEventDispatcher.java:56)
	at com.sun.javafx.event.EventDispatchChainImpl.dispatchEvent(EventDispatchChainImpl.java:114)
	at com.sun.javafx.event.BasicEventDispatcher.dispatchEvent(BasicEventDispatcher.java:56)
	at com.sun.javafx.event.EventDispatchChainImpl.dispatchEvent(EventDispatchChainImpl.java:114)
	at com.sun.javafx.event.BasicEventDispatcher.dispatchEvent(BasicEventDispatcher.java:56)
	at com.sun.javafx.event.EventDispatchChainImpl.dispatchEvent(EventDispatchChainImpl.java:114)
	at com.sun.javafx.event.EventUtil.fireEventImpl(EventUtil.java:74)
	at com.sun.javafx.event.EventUtil.fireEvent(EventUtil.java:49)
	at javafx.event.Event.fireEvent(Event.java:198)
	at javafx.scene.Node.fireEvent(Node.java:8890)
	at javafx.scene.control.Button.fire(Button.java:200)
	at com.sun.javafx.scene.control.behavior.ButtonBehavior.mouseReleased(ButtonBehavior.java:206)
	at com.sun.javafx.scene.control.inputmap.InputMap.handle(InputMap.java:274)
	at com.sun.javafx.event.CompositeEventHandler$NormalEventHandlerRecord.handleBubblingEvent(CompositeEventHandler.java:218)
	at com.sun.javafx.event.CompositeEventHandler.dispatchBubblingEvent(CompositeEventHandler.java:80)
	at com.sun.javafx.event.EventHandlerManager.dispatchBubblingEvent(EventHandlerManager.java:238)
	at com.sun.javafx.event.EventHandlerManager.dispatchBubblingEvent(EventHandlerManager.java:191)
	at com.sun.javafx.event.CompositeEventDispatcher.dispatchBubblingEvent(CompositeEventDispatcher.java:59)
	at com.sun.javafx.event.BasicEventDispatcher.dispatchEvent(BasicEventDispatcher.java:58)
	at com.sun.javafx.event.EventDispatchChainImpl.dispatchEvent(EventDispatchChainImpl.java:114)
	at com.sun.javafx.event.BasicEventDispatcher.dispatchEvent(BasicEventDispatcher.java:56)
	at com.sun.javafx.event.EventDispatchChainImpl.dispatchEvent(EventDispatchChainImpl.java:114)
	at com.sun.javafx.event.BasicEventDispatcher.dispatchEvent(BasicEventDispatcher.java:56)
	at com.sun.javafx.event.EventDispatchChainImpl.dispatchEvent(EventDispatchChainImpl.java:114)
	at com.sun.javafx.event.BasicEventDispatcher.dispatchEvent(BasicEventDispatcher.java:56)
	at com.sun.javafx.event.EventDispatchChainImpl.dispatchEvent(EventDispatchChainImpl.java:114)
	at com.sun.javafx.event.EventUtil.fireEventImpl(EventUtil.java:74)
	at com.sun.javafx.event.EventUtil.fireEvent(EventUtil.java:54)
	at javafx.event.Event.fireEvent(Event.java:198)
	at javafx.scene.Scene$MouseHandler.process(Scene.java:3851)
	at javafx.scene.Scene$MouseHandler.access$1200(Scene.java:3579)
	at javafx.scene.Scene.processMouseEvent(Scene.java:1849)
	at javafx.scene.Scene$ScenePeerListener.mouseEvent(Scene.java:2588)
	at com.sun.javafx.tk.quantum.GlassViewEventHandler$MouseEventNotification.run(GlassViewEventHandler.java:397)
	at com.sun.javafx.tk.quantum.GlassViewEventHandler$MouseEventNotification.run(GlassViewEventHandler.java:295)
	at java.base/java.security.AccessController.doPrivileged(AccessController.java:391)
	at com.sun.javafx.tk.quantum.GlassViewEventHandler.lambda$handleMouseEvent$2(GlassViewEventHandler.java:434)
	at com.sun.javafx.tk.quantum.QuantumToolkit.runWithoutRenderLock(QuantumToolkit.java:396)
	at com.sun.javafx.tk.quantum.GlassViewEventHandler.handleMouseEvent(GlassViewEventHandler.java:433)
	at com.sun.glass.ui.View.handleMouseEvent(View.java:556)
	at com.sun.glass.ui.View.notifyMouse(View.java:942)
	at com.sun.glass.ui.monocle.MonocleView.notifyMouse(MonocleView.java:116)
	... 29 common frames omitted
2020-07-07 13:43:52,992 [WARN] from controllers.jpro in application-akka.actor.default-dispatcher-6 - jpro.plainFile - Couldn't get resource for: 'jpro/html/apple-touch-icon-precomposed.png'
2020-07-07 13:43:52,999 [WARN] from controllers.jpro in application-akka.actor.default-dispatcher-3 - jpro.plainFile - Couldn't get resource for: 'jpro/html/apple-touch-icon.png'
2020-07-07 13:43:56,960 [WARN] from com.jpro.JS in JavaFX Application Thread - received msg: Audio not supported on this client!
2020-07-07 13:47:42,736 [WARN] from com.jpro.JS in JavaFX Application Thread - received msg: Audio not supported on this client!
2020-07-08 14:44:54,214 [WARN] from com.jpro.JS in JavaFX Application Thread - received msg: Audio not supported on this client!
2020-07-08 15:00:52,984 [WARN] from com.jpro.JS in JavaFX Application Thread - received msg: Audio not supported on this client!
2020-07-08 15:00:59,645 [WARN] from controllers.jpro in application-akka.actor.default-dispatcher-8 - resource not available: java.io.FileNotFoundException: /var/folders/27/sg00pfrx6xlcr7t1l9zdzsgc0000gn/T/+JXF17056539214216591465.tmp (No such file or directory)
2020-07-08 15:00:59,973 [WARN] from com.jpro.JS in JavaFX Application Thread - received msg: Audio not supported on this client!
2020-07-10 15:21:15,109 [WARN] from com.jpro.JS in JavaFX Application Thread - received msg: Audio not supported on this client!
2020-07-10 16:10:19,089 [WARN] from controllers.jpro in application-akka.actor.default-dispatcher-10 - resource not available: java.io.FileNotFoundException: /var/folders/27/sg00pfrx6xlcr7t1l9zdzsgc0000gn/T/+JXF11393606352265445070.tmp (No such file or directory)
2020-07-10 16:10:20,940 [WARN] from com.jpro.JS in JavaFX Application Thread - received msg: Audio not supported on this client!
2020-07-10 16:17:10,967 [WARN] from com.jpro.JS in JavaFX Application Thread - received msg: Audio not supported on this client!
2020-08-27 16:58:15,757 [WARN] from com.jpro.JS in JavaFX Application Thread - received msg: Audio not supported on this client!
2020-08-27 17:06:12,401 [WARN] from com.jpro.JS in JavaFX Application Thread - received msg: Audio not supported on this client!
