2020-08-27 17:04:00,738 [INFO] from com.jpro.meta.stream.Util$ in JavaFX Application Thread - 
2020-08-27 17:04:00,738 [INFO] from com.jpro.meta.stream.Util$ in JavaFX Application Thread - Canvas, id: row-canvas classes: row-canvas
2020-08-27 17:04:00,738 [INFO] from com.jpro.meta.stream.Util$ in JavaFX Application Thread - Canvas overall Frame counter: 27901
2020-08-27 17:04:00,738 [INFO] from com.jpro.meta.stream.Util$ in JavaFX Application Thread - Canvas overall bytes: 75658749
2020-08-27 17:04:00,738 [INFO] from com.jpro.meta.stream.Util$ in JavaFX Application Thread - Canvas Frame counter: 2154
2020-08-27 17:04:00,738 [INFO] from com.jpro.meta.stream.Util$ in JavaFX Application Thread - Canvas Frame byts: 6200
2020-08-27 17:04:00,738 [INFO] from com.jpro.meta.stream.Util$ in JavaFX Application Thread - Canvas Frame objs: 18
2020-08-27 17:04:00,738 [INFO] from com.jpro.meta.stream.Util$ in JavaFX Application Thread - Canvas Frame count: 1
2020-08-27 17:04:00,738 [INFO] from com.jpro.meta.stream.Util$ in JavaFX Application Thread - 
2020-08-27 17:04:00,738 [INFO] from com.jpro.meta.stream.Util$ in JavaFX Application Thread - Canvas, id: row-canvas classes: row-canvas
2020-08-27 17:04:00,738 [INFO] from com.jpro.meta.stream.Util$ in JavaFX Application Thread - Canvas overall Frame counter: 27902
2020-08-27 17:04:00,738 [INFO] from com.jpro.meta.stream.Util$ in JavaFX Application Thread - Canvas overall bytes: 75666037
2020-08-27 17:04:00,738 [INFO] from com.jpro.meta.stream.Util$ in JavaFX Application Thread - Canvas Frame counter: 2145
2020-08-27 17:04:00,738 [INFO] from com.jpro.meta.stream.Util$ in JavaFX Application Thread - Canvas Frame byts: 7288
2020-08-27 17:04:00,738 [INFO] from com.jpro.meta.stream.Util$ in JavaFX Application Thread - Canvas Frame objs: 18
2020-08-27 17:04:00,738 [INFO] from com.jpro.meta.stream.Util$ in JavaFX Application Thread - Canvas Frame count: 1
2020-08-27 17:04:00,738 [INFO] from com.jpro.meta.stream.Util$ in JavaFX Application Thread - 
2020-08-27 17:04:00,738 [INFO] from com.jpro.meta.stream.Util$ in JavaFX Application Thread - Canvas, id: row-canvas classes: row-canvas
2020-08-27 17:04:00,738 [INFO] from com.jpro.meta.stream.Util$ in JavaFX Application Thread - Canvas overall Frame counter: 27903
2020-08-27 17:04:00,738 [INFO] from com.jpro.meta.stream.Util$ in JavaFX Application Thread - Canvas overall bytes: 75672135
2020-08-27 17:04:00,738 [INFO] from com.jpro.meta.stream.Util$ in JavaFX Application Thread - Canvas Frame counter: 2018
2020-08-27 17:04:00,738 [INFO] from com.jpro.meta.stream.Util$ in JavaFX Application Thread - Canvas Frame byts: 6098
2020-08-27 17:04:00,738 [INFO] from com.jpro.meta.stream.Util$ in JavaFX Application Thread - Canvas Frame objs: 18
2020-08-27 17:04:00,738 [INFO] from com.jpro.meta.stream.Util$ in JavaFX Application Thread - Canvas Frame count: 1
2020-08-27 17:04:00,738 [INFO] from com.jpro.meta.stream.Util$ in JavaFX Application Thread - 
2020-08-27 17:04:00,738 [INFO] from com.jpro.meta.stream.Util$ in JavaFX Application Thread - Canvas, id: row-canvas classes: row-canvas
2020-08-27 17:04:00,738 [INFO] from com.jpro.meta.stream.Util$ in JavaFX Application Thread - Canvas overall Frame counter: 27904
2020-08-27 17:04:00,738 [INFO] from com.jpro.meta.stream.Util$ in JavaFX Application Thread - Canvas overall bytes: 75679423
2020-08-27 17:04:00,738 [INFO] from com.jpro.meta.stream.Util$ in JavaFX Application Thread - Canvas Frame counter: 2200
2020-08-27 17:04:00,738 [INFO] from com.jpro.meta.stream.Util$ in JavaFX Application Thread - Canvas Frame byts: 7288
2020-08-27 17:04:00,738 [INFO] from com.jpro.meta.stream.Util$ in JavaFX Application Thread - Canvas Frame objs: 18
2020-08-27 17:04:00,738 [INFO] from com.jpro.meta.stream.Util$ in JavaFX Application Thread - Canvas Frame count: 1
2020-08-27 17:04:00,738 [INFO] from com.jpro.meta.stream.Util$ in JavaFX Application Thread - 
2020-08-27 17:04:00,738 [INFO] from com.jpro.meta.stream.Util$ in JavaFX Application Thread - Canvas, id: row-canvas classes: row-canvas
2020-08-27 17:04:00,738 [INFO] from com.jpro.meta.stream.Util$ in JavaFX Application Thread - Canvas overall Frame counter: 27905
2020-08-27 17:04:00,738 [INFO] from com.jpro.meta.stream.Util$ in JavaFX Application Thread - Canvas overall bytes: 75686711
2020-08-27 17:04:00,738 [INFO] from com.jpro.meta.stream.Util$ in JavaFX Application Thread - Canvas Frame counter: 2283
2020-08-27 17:04:00,738 [INFO] from com.jpro.meta.stream.Util$ in JavaFX Application Thread - Canvas Frame byts: 7288
2020-08-27 17:04:00,738 [INFO] from com.jpro.meta.stream.Util$ in JavaFX Application Thread - Canvas Frame objs: 18
2020-08-27 17:04:00,738 [INFO] from com.jpro.meta.stream.Util$ in JavaFX Application Thread - Canvas Frame count: 1
2020-08-27 17:04:00,738 [INFO] from com.jpro.meta.stream.Util$ in JavaFX Application Thread - 
2020-08-27 17:04:00,738 [INFO] from com.jpro.meta.stream.Util$ in JavaFX Application Thread - Canvas, id: row-canvas classes: row-canvas
2020-08-27 17:04:00,738 [INFO] from com.jpro.meta.stream.Util$ in JavaFX Application Thread - Canvas overall Frame counter: 27906
2020-08-27 17:04:00,738 [INFO] from com.jpro.meta.stream.Util$ in JavaFX Application Thread - Canvas overall bytes: 75692129
2020-08-27 17:04:00,738 [INFO] from com.jpro.meta.stream.Util$ in JavaFX Application Thread - Canvas Frame counter: 2156
2020-08-27 17:04:00,738 [INFO] from com.jpro.meta.stream.Util$ in JavaFX Application Thread - Canvas Frame byts: 5418
2020-08-27 17:04:00,738 [INFO] from com.jpro.meta.stream.Util$ in JavaFX Application Thread - Canvas Frame objs: 18
2020-08-27 17:04:00,738 [INFO] from com.jpro.meta.stream.Util$ in JavaFX Application Thread - Canvas Frame count: 1
2020-08-27 17:04:00,738 [INFO] from com.jpro.meta.stream.Util$ in JavaFX Application Thread - 
2020-08-27 17:04:00,739 [INFO] from com.jpro.meta.stream.Util$ in JavaFX Application Thread - Canvas, id: row-canvas classes: row-canvas
2020-08-27 17:04:00,739 [INFO] from com.jpro.meta.stream.Util$ in JavaFX Application Thread - Canvas overall Frame counter: 27907
2020-08-27 17:04:00,739 [INFO] from com.jpro.meta.stream.Util$ in JavaFX Application Thread - Canvas overall bytes: 75699417
2020-08-27 17:04:00,739 [INFO] from com.jpro.meta.stream.Util$ in JavaFX Application Thread - Canvas Frame counter: 827
2020-08-27 17:04:00,739 [INFO] from com.jpro.meta.stream.Util$ in JavaFX Application Thread - Canvas Frame byts: 7288
2020-08-27 17:04:00,739 [INFO] from com.jpro.meta.stream.Util$ in JavaFX Application Thread - Canvas Frame objs: 18
2020-08-27 17:04:00,739 [INFO] from com.jpro.meta.stream.Util$ in JavaFX Application Thread - Canvas Frame count: 1
2020-08-27 17:04:00,739 [INFO] from com.jpro.meta.stream.Util$ in JavaFX Application Thread - 
2020-08-27 17:04:00,739 [INFO] from com.jpro.meta.stream.Util$ in JavaFX Application Thread - Canvas, id: row-canvas classes: row-canvas
2020-08-27 17:04:00,739 [INFO] from com.jpro.meta.stream.Util$ in JavaFX Application Thread - Canvas overall Frame counter: 27908
2020-08-27 17:04:00,739 [INFO] from com.jpro.meta.stream.Util$ in JavaFX Application Thread - Canvas overall bytes: 75706705
2020-08-27 17:04:00,739 [INFO] from com.jpro.meta.stream.Util$ in JavaFX Application Thread - Canvas Frame counter: 832
2020-08-27 17:04:00,739 [INFO] from com.jpro.meta.stream.Util$ in JavaFX Application Thread - Canvas Frame byts: 7288
2020-08-27 17:04:00,739 [INFO] from com.jpro.meta.stream.Util$ in JavaFX Application Thread - Canvas Frame objs: 18
2020-08-27 17:04:00,739 [INFO] from com.jpro.meta.stream.Util$ in JavaFX Application Thread - Canvas Frame count: 1
2020-08-27 17:04:00,739 [INFO] from com.jpro.meta.stream.Util$ in JavaFX Application Thread - 
2020-08-27 17:04:00,739 [INFO] from com.jpro.meta.stream.Util$ in JavaFX Application Thread - Canvas, id: row-canvas classes: row-canvas
2020-08-27 17:04:00,739 [INFO] from com.jpro.meta.stream.Util$ in JavaFX Application Thread - Canvas overall Frame counter: 27909
2020-08-27 17:04:00,739 [INFO] from com.jpro.meta.stream.Util$ in JavaFX Application Thread - Canvas overall bytes: 75713007
2020-08-27 17:04:00,739 [INFO] from com.jpro.meta.stream.Util$ in JavaFX Application Thread - Canvas Frame counter: 796
2020-08-27 17:04:00,739 [INFO] from com.jpro.meta.stream.Util$ in JavaFX Application Thread - Canvas Frame byts: 6302
2020-08-27 17:04:00,739 [INFO] from com.jpro.meta.stream.Util$ in JavaFX Application Thread - Canvas Frame objs: 18
2020-08-27 17:04:00,739 [INFO] from com.jpro.meta.stream.Util$ in JavaFX Application Thread - Canvas Frame count: 1
2020-08-27 17:04:00,739 [INFO] from com.jpro.meta.stream.Util$ in JavaFX Application Thread - 
2020-08-27 17:04:00,739 [INFO] from com.jpro.meta.stream.Util$ in JavaFX Application Thread - Canvas, id: row-canvas classes: row-canvas
2020-08-27 17:04:00,739 [INFO] from com.jpro.meta.stream.Util$ in JavaFX Application Thread - Canvas overall Frame counter: 27910
2020-08-27 17:04:00,739 [INFO] from com.jpro.meta.stream.Util$ in JavaFX Application Thread - Canvas overall bytes: 75719003
2020-08-27 17:04:00,739 [INFO] from com.jpro.meta.stream.Util$ in JavaFX Application Thread - Canvas Frame counter: 550
2020-08-27 17:04:00,739 [INFO] from com.jpro.meta.stream.Util$ in JavaFX Application Thread - Canvas Frame byts: 5996
2020-08-27 17:04:00,739 [INFO] from com.jpro.meta.stream.Util$ in JavaFX Application Thread - Canvas Frame objs: 18
2020-08-27 17:04:00,739 [INFO] from com.jpro.meta.stream.Util$ in JavaFX Application Thread - Canvas Frame count: 1
2020-08-27 17:04:00,739 [INFO] from com.jpro.meta.stream.Util$ in JavaFX Application Thread - 
2020-08-27 17:04:00,739 [INFO] from com.jpro.meta.stream.Util$ in JavaFX Application Thread - Canvas, id: row-canvas classes: row-canvas
2020-08-27 17:04:00,739 [INFO] from com.jpro.meta.stream.Util$ in JavaFX Application Thread - Canvas overall Frame counter: 27911
2020-08-27 17:04:00,739 [INFO] from com.jpro.meta.stream.Util$ in JavaFX Application Thread - Canvas overall bytes: 75725237
2020-08-27 17:04:00,739 [INFO] from com.jpro.meta.stream.Util$ in JavaFX Application Thread - Canvas Frame counter: 509
2020-08-27 17:04:00,739 [INFO] from com.jpro.meta.stream.Util$ in JavaFX Application Thread - Canvas Frame byts: 6234
2020-08-27 17:04:00,739 [INFO] from com.jpro.meta.stream.Util$ in JavaFX Application Thread - Canvas Frame objs: 18
2020-08-27 17:04:00,739 [INFO] from com.jpro.meta.stream.Util$ in JavaFX Application Thread - Canvas Frame count: 1
2020-08-27 17:04:00,739 [INFO] from com.jpro.meta.stream.Util$ in JavaFX Application Thread - 
2020-08-27 17:04:00,739 [INFO] from com.jpro.meta.stream.Util$ in JavaFX Application Thread - Canvas, id: row-canvas classes: row-canvas
2020-08-27 17:04:00,739 [INFO] from com.jpro.meta.stream.Util$ in JavaFX Application Thread - Canvas overall Frame counter: 27912
2020-08-27 17:04:00,739 [INFO] from com.jpro.meta.stream.Util$ in JavaFX Application Thread - Canvas overall bytes: 75731097
2020-08-27 17:04:00,739 [INFO] from com.jpro.meta.stream.Util$ in JavaFX Application Thread - Canvas Frame counter: 552
2020-08-27 17:04:00,739 [INFO] from com.jpro.meta.stream.Util$ in JavaFX Application Thread - Canvas Frame byts: 5860
2020-08-27 17:04:00,739 [INFO] from com.jpro.meta.stream.Util$ in JavaFX Application Thread - Canvas Frame objs: 18
2020-08-27 17:04:00,739 [INFO] from com.jpro.meta.stream.Util$ in JavaFX Application Thread - Canvas Frame count: 1
2020-08-27 17:04:00,739 [INFO] from com.jpro.meta.stream.Util$ in JavaFX Application Thread - 
2020-08-27 17:04:00,739 [INFO] from com.jpro.meta.stream.Util$ in JavaFX Application Thread - Canvas, id: row-canvas classes: row-canvas
2020-08-27 17:04:00,739 [INFO] from com.jpro.meta.stream.Util$ in JavaFX Application Thread - Canvas overall Frame counter: 27913
2020-08-27 17:04:00,739 [INFO] from com.jpro.meta.stream.Util$ in JavaFX Application Thread - Canvas overall bytes: 75736685
2020-08-27 17:04:00,739 [INFO] from com.jpro.meta.stream.Util$ in JavaFX Application Thread - Canvas Frame counter: 521
2020-08-27 17:04:00,739 [INFO] from com.jpro.meta.stream.Util$ in JavaFX Application Thread - Canvas Frame byts: 5588
2020-08-27 17:04:00,739 [INFO] from com.jpro.meta.stream.Util$ in JavaFX Application Thread - Canvas Frame objs: 18
2020-08-27 17:04:00,739 [INFO] from com.jpro.meta.stream.Util$ in JavaFX Application Thread - Canvas Frame count: 1
2020-08-27 17:04:00,739 [INFO] from com.jpro.meta.stream.Util$ in JavaFX Application Thread - 
2020-08-27 17:04:00,739 [INFO] from com.jpro.meta.stream.Util$ in JavaFX Application Thread - Canvas, id: row-canvas classes: row-canvas
2020-08-27 17:04:00,739 [INFO] from com.jpro.meta.stream.Util$ in JavaFX Application Thread - Canvas overall Frame counter: 27914
2020-08-27 17:04:00,739 [INFO] from com.jpro.meta.stream.Util$ in JavaFX Application Thread - Canvas overall bytes: 75743973
2020-08-27 17:04:00,739 [INFO] from com.jpro.meta.stream.Util$ in JavaFX Application Thread - Canvas Frame counter: 714
2020-08-27 17:04:00,739 [INFO] from com.jpro.meta.stream.Util$ in JavaFX Application Thread - Canvas Frame byts: 7288
2020-08-27 17:04:00,739 [INFO] from com.jpro.meta.stream.Util$ in JavaFX Application Thread - Canvas Frame objs: 18
2020-08-27 17:04:00,739 [INFO] from com.jpro.meta.stream.Util$ in JavaFX Application Thread - Canvas Frame count: 1
2020-08-27 17:04:00,756 [INFO] from com.jpro.meta.stream.Util$ in JavaFX Application Thread - 
2020-08-27 17:04:00,756 [INFO] from com.jpro.meta.stream.Util$ in JavaFX Application Thread - Canvas, id: row-canvas classes: row-canvas
2020-08-27 17:04:00,756 [INFO] from com.jpro.meta.stream.Util$ in JavaFX Application Thread - Canvas overall Frame counter: 27915
2020-08-27 17:04:00,756 [INFO] from com.jpro.meta.stream.Util$ in JavaFX Application Thread - Canvas overall bytes: 75749833
2020-08-27 17:04:00,756 [INFO] from com.jpro.meta.stream.Util$ in JavaFX Application Thread - Canvas Frame counter: 840
2020-08-27 17:04:00,756 [INFO] from com.jpro.meta.stream.Util$ in JavaFX Application Thread - Canvas Frame byts: 5860
2020-08-27 17:04:00,756 [INFO] from com.jpro.meta.stream.Util$ in JavaFX Application Thread - Canvas Frame objs: 18
2020-08-27 17:04:00,756 [INFO] from com.jpro.meta.stream.Util$ in JavaFX Application Thread - Canvas Frame count: 1
2020-08-27 17:04:00,756 [INFO] from com.jpro.meta.stream.Util$ in JavaFX Application Thread - 
2020-08-27 17:04:00,756 [INFO] from com.jpro.meta.stream.Util$ in JavaFX Application Thread - Canvas, id: row-canvas classes: row-canvas
2020-08-27 17:04:00,756 [INFO] from com.jpro.meta.stream.Util$ in JavaFX Application Thread - Canvas overall Frame counter: 27916
2020-08-27 17:04:00,756 [INFO] from com.jpro.meta.stream.Util$ in JavaFX Application Thread - Canvas overall bytes: 75757087
2020-08-27 17:04:00,756 [INFO] from com.jpro.meta.stream.Util$ in JavaFX Application Thread - Canvas Frame counter: 772
2020-08-27 17:04:00,756 [INFO] from com.jpro.meta.stream.Util$ in JavaFX Application Thread - Canvas Frame byts: 7254
2020-08-27 17:04:00,756 [INFO] from com.jpro.meta.stream.Util$ in JavaFX Application Thread - Canvas Frame objs: 18
2020-08-27 17:04:00,756 [INFO] from com.jpro.meta.stream.Util$ in JavaFX Application Thread - Canvas Frame count: 1
2020-08-27 17:04:00,756 [INFO] from com.jpro.meta.stream.Util$ in JavaFX Application Thread - 
2020-08-27 17:04:00,756 [INFO] from com.jpro.meta.stream.Util$ in JavaFX Application Thread - Canvas, id: row-canvas classes: row-canvas
2020-08-27 17:04:00,756 [INFO] from com.jpro.meta.stream.Util$ in JavaFX Application Thread - Canvas overall Frame counter: 27917
2020-08-27 17:04:00,756 [INFO] from com.jpro.meta.stream.Util$ in JavaFX Application Thread - Canvas overall bytes: 75763117
2020-08-27 17:04:00,756 [INFO] from com.jpro.meta.stream.Util$ in JavaFX Application Thread - Canvas Frame counter: 790
2020-08-27 17:04:00,756 [INFO] from com.jpro.meta.stream.Util$ in JavaFX Application Thread - Canvas Frame byts: 6030
2020-08-27 17:04:00,756 [INFO] from com.jpro.meta.stream.Util$ in JavaFX Application Thread - Canvas Frame objs: 18
2020-08-27 17:04:00,756 [INFO] from com.jpro.meta.stream.Util$ in JavaFX Application Thread - Canvas Frame count: 1
2020-08-27 17:04:00,756 [INFO] from com.jpro.meta.stream.Util$ in JavaFX Application Thread - 
2020-08-27 17:04:00,756 [INFO] from com.jpro.meta.stream.Util$ in JavaFX Application Thread - Canvas, id: row-canvas classes: row-canvas
2020-08-27 17:04:00,756 [INFO] from com.jpro.meta.stream.Util$ in JavaFX Application Thread - Canvas overall Frame counter: 27918
2020-08-27 17:04:00,756 [INFO] from com.jpro.meta.stream.Util$ in JavaFX Application Thread - Canvas overall bytes: 75768943
2020-08-27 17:04:00,756 [INFO] from com.jpro.meta.stream.Util$ in JavaFX Application Thread - Canvas Frame counter: 794
2020-08-27 17:04:00,756 [INFO] from com.jpro.meta.stream.Util$ in JavaFX Application Thread - Canvas Frame byts: 5826
2020-08-27 17:04:00,756 [INFO] from com.jpro.meta.stream.Util$ in JavaFX Application Thread - Canvas Frame objs: 18
2020-08-27 17:04:00,756 [INFO] from com.jpro.meta.stream.Util$ in JavaFX Application Thread - Canvas Frame count: 1
2020-08-27 17:04:00,756 [INFO] from com.jpro.meta.stream.Util$ in JavaFX Application Thread - 
2020-08-27 17:04:00,756 [INFO] from com.jpro.meta.stream.Util$ in JavaFX Application Thread - Canvas, id: row-canvas classes: row-canvas
2020-08-27 17:04:00,756 [INFO] from com.jpro.meta.stream.Util$ in JavaFX Application Thread - Canvas overall Frame counter: 27919
2020-08-27 17:04:00,756 [INFO] from com.jpro.meta.stream.Util$ in JavaFX Application Thread - Canvas overall bytes: 75774701
2020-08-27 17:04:00,756 [INFO] from com.jpro.meta.stream.Util$ in JavaFX Application Thread - Canvas Frame counter: 787
2020-08-27 17:04:00,756 [INFO] from com.jpro.meta.stream.Util$ in JavaFX Application Thread - Canvas Frame byts: 5758
2020-08-27 17:04:00,756 [INFO] from com.jpro.meta.stream.Util$ in JavaFX Application Thread - Canvas Frame objs: 18
2020-08-27 17:04:00,756 [INFO] from com.jpro.meta.stream.Util$ in JavaFX Application Thread - Canvas Frame count: 1
2020-08-27 17:04:00,756 [INFO] from com.jpro.meta.stream.Util$ in JavaFX Application Thread - 
2020-08-27 17:04:00,756 [INFO] from com.jpro.meta.stream.Util$ in JavaFX Application Thread - Canvas, id: row-canvas classes: row-canvas
2020-08-27 17:04:00,756 [INFO] from com.jpro.meta.stream.Util$ in JavaFX Application Thread - Canvas overall Frame counter: 27920
2020-08-27 17:04:00,756 [INFO] from com.jpro.meta.stream.Util$ in JavaFX Application Thread - Canvas overall bytes: 75780833
2020-08-27 17:04:00,756 [INFO] from com.jpro.meta.stream.Util$ in JavaFX Application Thread - Canvas Frame counter: 2210
2020-08-27 17:04:00,756 [INFO] from com.jpro.meta.stream.Util$ in JavaFX Application Thread - Canvas Frame byts: 6132
2020-08-27 17:04:00,756 [INFO] from com.jpro.meta.stream.Util$ in JavaFX Application Thread - Canvas Frame objs: 18
2020-08-27 17:04:00,756 [INFO] from com.jpro.meta.stream.Util$ in JavaFX Application Thread - Canvas Frame count: 1
2020-08-27 17:04:00,756 [INFO] from com.jpro.meta.stream.Util$ in JavaFX Application Thread - 
2020-08-27 17:04:00,756 [INFO] from com.jpro.meta.stream.Util$ in JavaFX Application Thread - Canvas, id: row-canvas classes: row-canvas
2020-08-27 17:04:00,756 [INFO] from com.jpro.meta.stream.Util$ in JavaFX Application Thread - Canvas overall Frame counter: 27921
2020-08-27 17:04:00,756 [INFO] from com.jpro.meta.stream.Util$ in JavaFX Application Thread - Canvas overall bytes: 75787033
2020-08-27 17:04:00,756 [INFO] from com.jpro.meta.stream.Util$ in JavaFX Application Thread - Canvas Frame counter: 2155
2020-08-27 17:04:00,756 [INFO] from com.jpro.meta.stream.Util$ in JavaFX Application Thread - Canvas Frame byts: 6200
2020-08-27 17:04:00,756 [INFO] from com.jpro.meta.stream.Util$ in JavaFX Application Thread - Canvas Frame objs: 18
2020-08-27 17:04:00,756 [INFO] from com.jpro.meta.stream.Util$ in JavaFX Application Thread - Canvas Frame count: 1
2020-08-27 17:04:00,756 [INFO] from com.jpro.meta.stream.Util$ in JavaFX Application Thread - 
2020-08-27 17:04:00,756 [INFO] from com.jpro.meta.stream.Util$ in JavaFX Application Thread - Canvas, id: row-canvas classes: row-canvas
2020-08-27 17:04:00,756 [INFO] from com.jpro.meta.stream.Util$ in JavaFX Application Thread - Canvas overall Frame counter: 27922
2020-08-27 17:04:00,756 [INFO] from com.jpro.meta.stream.Util$ in JavaFX Application Thread - Canvas overall bytes: 75794287
2020-08-27 17:04:00,756 [INFO] from com.jpro.meta.stream.Util$ in JavaFX Application Thread - Canvas Frame counter: 2146
2020-08-27 17:04:00,756 [INFO] from com.jpro.meta.stream.Util$ in JavaFX Application Thread - Canvas Frame byts: 7254
2020-08-27 17:04:00,756 [INFO] from com.jpro.meta.stream.Util$ in JavaFX Application Thread - Canvas Frame objs: 18
2020-08-27 17:04:00,756 [INFO] from com.jpro.meta.stream.Util$ in JavaFX Application Thread - Canvas Frame count: 1
2020-08-27 17:04:00,756 [INFO] from com.jpro.meta.stream.Util$ in JavaFX Application Thread - 
2020-08-27 17:04:00,756 [INFO] from com.jpro.meta.stream.Util$ in JavaFX Application Thread - Canvas, id: row-canvas classes: row-canvas
2020-08-27 17:04:00,756 [INFO] from com.jpro.meta.stream.Util$ in JavaFX Application Thread - Canvas overall Frame counter: 27923
2020-08-27 17:04:00,756 [INFO] from com.jpro.meta.stream.Util$ in JavaFX Application Thread - Canvas overall bytes: 75800385
2020-08-27 17:04:00,756 [INFO] from com.jpro.meta.stream.Util$ in JavaFX Application Thread - Canvas Frame counter: 2019
2020-08-27 17:04:00,756 [INFO] from com.jpro.meta.stream.Util$ in JavaFX Application Thread - Canvas Frame byts: 6098
2020-08-27 17:04:00,756 [INFO] from com.jpro.meta.stream.Util$ in JavaFX Application Thread - Canvas Frame objs: 18
2020-08-27 17:04:00,756 [INFO] from com.jpro.meta.stream.Util$ in JavaFX Application Thread - Canvas Frame count: 1
2020-08-27 17:04:00,756 [INFO] from com.jpro.meta.stream.Util$ in JavaFX Application Thread - 
2020-08-27 17:04:00,756 [INFO] from com.jpro.meta.stream.Util$ in JavaFX Application Thread - Canvas, id: row-canvas classes: row-canvas
2020-08-27 17:04:00,756 [INFO] from com.jpro.meta.stream.Util$ in JavaFX Application Thread - Canvas overall Frame counter: 27924
2020-08-27 17:04:00,756 [INFO] from com.jpro.meta.stream.Util$ in JavaFX Application Thread - Canvas overall bytes: 75807639
2020-08-27 17:04:00,756 [INFO] from com.jpro.meta.stream.Util$ in JavaFX Application Thread - Canvas Frame counter: 2201
2020-08-27 17:04:00,756 [INFO] from com.jpro.meta.stream.Util$ in JavaFX Application Thread - Canvas Frame byts: 7254
2020-08-27 17:04:00,756 [INFO] from com.jpro.meta.stream.Util$ in JavaFX Application Thread - Canvas Frame objs: 18
2020-08-27 17:04:00,756 [INFO] from com.jpro.meta.stream.Util$ in JavaFX Application Thread - Canvas Frame count: 1
2020-08-27 17:04:00,756 [INFO] from com.jpro.meta.stream.Util$ in JavaFX Application Thread - 
2020-08-27 17:04:00,756 [INFO] from com.jpro.meta.stream.Util$ in JavaFX Application Thread - Canvas, id: row-canvas classes: row-canvas
2020-08-27 17:04:00,756 [INFO] from com.jpro.meta.stream.Util$ in JavaFX Application Thread - Canvas overall Frame counter: 27925
2020-08-27 17:04:00,756 [INFO] from com.jpro.meta.stream.Util$ in JavaFX Application Thread - Canvas overall bytes: 75814893
2020-08-27 17:04:00,756 [INFO] from com.jpro.meta.stream.Util$ in JavaFX Application Thread - Canvas Frame counter: 2284
2020-08-27 17:04:00,756 [INFO] from com.jpro.meta.stream.Util$ in JavaFX Application Thread - Canvas Frame byts: 7254
2020-08-27 17:04:00,756 [INFO] from com.jpro.meta.stream.Util$ in JavaFX Application Thread - Canvas Frame objs: 18
2020-08-27 17:04:00,756 [INFO] from com.jpro.meta.stream.Util$ in JavaFX Application Thread - Canvas Frame count: 1
2020-08-27 17:04:00,756 [INFO] from com.jpro.meta.stream.Util$ in JavaFX Application Thread - 
2020-08-27 17:04:00,756 [INFO] from com.jpro.meta.stream.Util$ in JavaFX Application Thread - Canvas, id: row-canvas classes: row-canvas
2020-08-27 17:04:00,756 [INFO] from com.jpro.meta.stream.Util$ in JavaFX Application Thread - Canvas overall Frame counter: 27926
2020-08-27 17:04:00,756 [INFO] from com.jpro.meta.stream.Util$ in JavaFX Application Thread - Canvas overall bytes: 75820311
2020-08-27 17:04:00,756 [INFO] from com.jpro.meta.stream.Util$ in JavaFX Application Thread - Canvas Frame counter: 2157
2020-08-27 17:04:00,756 [INFO] from com.jpro.meta.stream.Util$ in JavaFX Application Thread - Canvas Frame byts: 5418
2020-08-27 17:04:00,756 [INFO] from com.jpro.meta.stream.Util$ in JavaFX Application Thread - Canvas Frame objs: 18
2020-08-27 17:04:00,756 [INFO] from com.jpro.meta.stream.Util$ in JavaFX Application Thread - Canvas Frame count: 1
2020-08-27 17:04:00,756 [INFO] from com.jpro.meta.stream.Util$ in JavaFX Application Thread - 
2020-08-27 17:04:00,756 [INFO] from com.jpro.meta.stream.Util$ in JavaFX Application Thread - Canvas, id: row-canvas classes: row-canvas
2020-08-27 17:04:00,756 [INFO] from com.jpro.meta.stream.Util$ in JavaFX Application Thread - Canvas overall Frame counter: 27927
2020-08-27 17:04:00,756 [INFO] from com.jpro.meta.stream.Util$ in JavaFX Application Thread - Canvas overall bytes: 75827565
2020-08-27 17:04:00,756 [INFO] from com.jpro.meta.stream.Util$ in JavaFX Application Thread - Canvas Frame counter: 828
2020-08-27 17:04:00,756 [INFO] from com.jpro.meta.stream.Util$ in JavaFX Application Thread - Canvas Frame byts: 7254
2020-08-27 17:04:00,756 [INFO] from com.jpro.meta.stream.Util$ in JavaFX Application Thread - Canvas Frame objs: 18
2020-08-27 17:04:00,756 [INFO] from com.jpro.meta.stream.Util$ in JavaFX Application Thread - Canvas Frame count: 1
2020-08-27 17:04:00,756 [INFO] from com.jpro.meta.stream.Util$ in JavaFX Application Thread - 
2020-08-27 17:04:00,756 [INFO] from com.jpro.meta.stream.Util$ in JavaFX Application Thread - Canvas, id: row-canvas classes: row-canvas
2020-08-27 17:04:00,756 [INFO] from com.jpro.meta.stream.Util$ in JavaFX Application Thread - Canvas overall Frame counter: 27928
2020-08-27 17:04:00,756 [INFO] from com.jpro.meta.stream.Util$ in JavaFX Application Thread - Canvas overall bytes: 75834819
2020-08-27 17:04:00,756 [INFO] from com.jpro.meta.stream.Util$ in JavaFX Application Thread - Canvas Frame counter: 833
2020-08-27 17:04:00,756 [INFO] from com.jpro.meta.stream.Util$ in JavaFX Application Thread - Canvas Frame byts: 7254
2020-08-27 17:04:00,756 [INFO] from com.jpro.meta.stream.Util$ in JavaFX Application Thread - Canvas Frame objs: 18
2020-08-27 17:04:00,756 [INFO] from com.jpro.meta.stream.Util$ in JavaFX Application Thread - Canvas Frame count: 1
2020-08-27 17:04:00,756 [INFO] from com.jpro.meta.stream.Util$ in JavaFX Application Thread - 
2020-08-27 17:04:00,756 [INFO] from com.jpro.meta.stream.Util$ in JavaFX Application Thread - Canvas, id: row-canvas classes: row-canvas
2020-08-27 17:04:00,756 [INFO] from com.jpro.meta.stream.Util$ in JavaFX Application Thread - Canvas overall Frame counter: 27929
2020-08-27 17:04:00,756 [INFO] from com.jpro.meta.stream.Util$ in JavaFX Application Thread - Canvas overall bytes: 75841121
2020-08-27 17:04:00,756 [INFO] from com.jpro.meta.stream.Util$ in JavaFX Application Thread - Canvas Frame counter: 797
2020-08-27 17:04:00,756 [INFO] from com.jpro.meta.stream.Util$ in JavaFX Application Thread - Canvas Frame byts: 6302
2020-08-27 17:04:00,756 [INFO] from com.jpro.meta.stream.Util$ in JavaFX Application Thread - Canvas Frame objs: 18
2020-08-27 17:04:00,756 [INFO] from com.jpro.meta.stream.Util$ in JavaFX Application Thread - Canvas Frame count: 1
2020-08-27 17:04:00,756 [INFO] from com.jpro.meta.stream.Util$ in JavaFX Application Thread - 
2020-08-27 17:04:00,756 [INFO] from com.jpro.meta.stream.Util$ in JavaFX Application Thread - Canvas, id: row-canvas classes: row-canvas
2020-08-27 17:04:00,756 [INFO] from com.jpro.meta.stream.Util$ in JavaFX Application Thread - Canvas overall Frame counter: 27930
2020-08-27 17:04:00,756 [INFO] from com.jpro.meta.stream.Util$ in JavaFX Application Thread - Canvas overall bytes: 75847117
2020-08-27 17:04:00,756 [INFO] from com.jpro.meta.stream.Util$ in JavaFX Application Thread - Canvas Frame counter: 551
2020-08-27 17:04:00,756 [INFO] from com.jpro.meta.stream.Util$ in JavaFX Application Thread - Canvas Frame byts: 5996
2020-08-27 17:04:00,756 [INFO] from com.jpro.meta.stream.Util$ in JavaFX Application Thread - Canvas Frame objs: 18
2020-08-27 17:04:00,756 [INFO] from com.jpro.meta.stream.Util$ in JavaFX Application Thread - Canvas Frame count: 1
2020-08-27 17:04:00,756 [INFO] from com.jpro.meta.stream.Util$ in JavaFX Application Thread - 
2020-08-27 17:04:00,756 [INFO] from com.jpro.meta.stream.Util$ in JavaFX Application Thread - Canvas, id: row-canvas classes: row-canvas
2020-08-27 17:04:00,756 [INFO] from com.jpro.meta.stream.Util$ in JavaFX Application Thread - Canvas overall Frame counter: 27931
2020-08-27 17:04:00,756 [INFO] from com.jpro.meta.stream.Util$ in JavaFX Application Thread - Canvas overall bytes: 75853351
2020-08-27 17:04:00,756 [INFO] from com.jpro.meta.stream.Util$ in JavaFX Application Thread - Canvas Frame counter: 510
2020-08-27 17:04:00,757 [INFO] from com.jpro.meta.stream.Util$ in JavaFX Application Thread - Canvas Frame byts: 6234
2020-08-27 17:04:00,757 [INFO] from com.jpro.meta.stream.Util$ in JavaFX Application Thread - Canvas Frame objs: 18
2020-08-27 17:04:00,757 [INFO] from com.jpro.meta.stream.Util$ in JavaFX Application Thread - Canvas Frame count: 1
2020-08-27 17:04:00,757 [INFO] from com.jpro.meta.stream.Util$ in JavaFX Application Thread - 
2020-08-27 17:04:00,757 [INFO] from com.jpro.meta.stream.Util$ in JavaFX Application Thread - Canvas, id: row-canvas classes: row-canvas
2020-08-27 17:04:00,757 [INFO] from com.jpro.meta.stream.Util$ in JavaFX Application Thread - Canvas overall Frame counter: 27932
2020-08-27 17:04:00,757 [INFO] from com.jpro.meta.stream.Util$ in JavaFX Application Thread - Canvas overall bytes: 75859211
2020-08-27 17:04:00,757 [INFO] from com.jpro.meta.stream.Util$ in JavaFX Application Thread - Canvas Frame counter: 553
2020-08-27 17:04:00,757 [INFO] from com.jpro.meta.stream.Util$ in JavaFX Application Thread - Canvas Frame byts: 5860
2020-08-27 17:04:00,757 [INFO] from com.jpro.meta.stream.Util$ in JavaFX Application Thread - Canvas Frame objs: 18
2020-08-27 17:04:00,757 [INFO] from com.jpro.meta.stream.Util$ in JavaFX Application Thread - Canvas Frame count: 1
2020-08-27 17:04:00,757 [INFO] from com.jpro.meta.stream.Util$ in JavaFX Application Thread - 
2020-08-27 17:04:00,757 [INFO] from com.jpro.meta.stream.Util$ in JavaFX Application Thread - Canvas, id: row-canvas classes: row-canvas
2020-08-27 17:04:00,757 [INFO] from com.jpro.meta.stream.Util$ in JavaFX Application Thread - Canvas overall Frame counter: 27933
2020-08-27 17:04:00,757 [INFO] from com.jpro.meta.stream.Util$ in JavaFX Application Thread - Canvas overall bytes: 75864799
2020-08-27 17:04:00,757 [INFO] from com.jpro.meta.stream.Util$ in JavaFX Application Thread - Canvas Frame counter: 522
2020-08-27 17:04:00,757 [INFO] from com.jpro.meta.stream.Util$ in JavaFX Application Thread - Canvas Frame byts: 5588
2020-08-27 17:04:00,757 [INFO] from com.jpro.meta.stream.Util$ in JavaFX Application Thread - Canvas Frame objs: 18
2020-08-27 17:04:00,757 [INFO] from com.jpro.meta.stream.Util$ in JavaFX Application Thread - Canvas Frame count: 1
2020-08-27 17:04:00,757 [INFO] from com.jpro.meta.stream.Util$ in JavaFX Application Thread - 
2020-08-27 17:04:00,757 [INFO] from com.jpro.meta.stream.Util$ in JavaFX Application Thread - Canvas, id: row-canvas classes: row-canvas
2020-08-27 17:04:00,757 [INFO] from com.jpro.meta.stream.Util$ in JavaFX Application Thread - Canvas overall Frame counter: 27934
2020-08-27 17:04:00,757 [INFO] from com.jpro.meta.stream.Util$ in JavaFX Application Thread - Canvas overall bytes: 75872053
2020-08-27 17:04:00,757 [INFO] from com.jpro.meta.stream.Util$ in JavaFX Application Thread - Canvas Frame counter: 715
2020-08-27 17:04:00,757 [INFO] from com.jpro.meta.stream.Util$ in JavaFX Application Thread - Canvas Frame byts: 7254
2020-08-27 17:04:00,757 [INFO] from com.jpro.meta.stream.Util$ in JavaFX Application Thread - Canvas Frame objs: 18
2020-08-27 17:04:00,757 [INFO] from com.jpro.meta.stream.Util$ in JavaFX Application Thread - Canvas Frame count: 1
2020-08-27 17:04:00,772 [INFO] from com.jpro.meta.stream.Util$ in JavaFX Application Thread - 
2020-08-27 17:04:00,772 [INFO] from com.jpro.meta.stream.Util$ in JavaFX Application Thread - Canvas, id: row-canvas classes: row-canvas
2020-08-27 17:04:00,772 [INFO] from com.jpro.meta.stream.Util$ in JavaFX Application Thread - Canvas overall Frame counter: 27935
2020-08-27 17:04:00,772 [INFO] from com.jpro.meta.stream.Util$ in JavaFX Application Thread - Canvas overall bytes: 75877913
2020-08-27 17:04:00,772 [INFO] from com.jpro.meta.stream.Util$ in JavaFX Application Thread - Canvas Frame counter: 841
2020-08-27 17:04:00,772 [INFO] from com.jpro.meta.stream.Util$ in JavaFX Application Thread - Canvas Frame byts: 5860
2020-08-27 17:04:00,772 [INFO] from com.jpro.meta.stream.Util$ in JavaFX Application Thread - Canvas Frame objs: 18
2020-08-27 17:04:00,772 [INFO] from com.jpro.meta.stream.Util$ in JavaFX Application Thread - Canvas Frame count: 1
2020-08-27 17:04:00,772 [INFO] from com.jpro.meta.stream.Util$ in JavaFX Application Thread - 
2020-08-27 17:04:00,772 [INFO] from com.jpro.meta.stream.Util$ in JavaFX Application Thread - Canvas, id: row-canvas classes: row-canvas
2020-08-27 17:04:00,772 [INFO] from com.jpro.meta.stream.Util$ in JavaFX Application Thread - Canvas overall Frame counter: 27936
2020-08-27 17:04:00,772 [INFO] from com.jpro.meta.stream.Util$ in JavaFX Application Thread - Canvas overall bytes: 75885133
2020-08-27 17:04:00,772 [INFO] from com.jpro.meta.stream.Util$ in JavaFX Application Thread - Canvas Frame counter: 773
2020-08-27 17:04:00,772 [INFO] from com.jpro.meta.stream.Util$ in JavaFX Application Thread - Canvas Frame byts: 7220
2020-08-27 17:04:00,772 [INFO] from com.jpro.meta.stream.Util$ in JavaFX Application Thread - Canvas Frame objs: 18
2020-08-27 17:04:00,772 [INFO] from com.jpro.meta.stream.Util$ in JavaFX Application Thread - Canvas Frame count: 1
2020-08-27 17:04:00,772 [INFO] from com.jpro.meta.stream.Util$ in JavaFX Application Thread - 
2020-08-27 17:04:00,772 [INFO] from com.jpro.meta.stream.Util$ in JavaFX Application Thread - Canvas, id: row-canvas classes: row-canvas
2020-08-27 17:04:00,772 [INFO] from com.jpro.meta.stream.Util$ in JavaFX Application Thread - Canvas overall Frame counter: 27937
2020-08-27 17:04:00,772 [INFO] from com.jpro.meta.stream.Util$ in JavaFX Application Thread - Canvas overall bytes: 75891163
2020-08-27 17:04:00,772 [INFO] from com.jpro.meta.stream.Util$ in JavaFX Application Thread - Canvas Frame counter: 791
2020-08-27 17:04:00,772 [INFO] from com.jpro.meta.stream.Util$ in JavaFX Application Thread - Canvas Frame byts: 6030
2020-08-27 17:04:00,772 [INFO] from com.jpro.meta.stream.Util$ in JavaFX Application Thread - Canvas Frame objs: 18
2020-08-27 17:04:00,772 [INFO] from com.jpro.meta.stream.Util$ in JavaFX Application Thread - Canvas Frame count: 1
2020-08-27 17:04:00,772 [INFO] from com.jpro.meta.stream.Util$ in JavaFX Application Thread - 
2020-08-27 17:04:00,772 [INFO] from com.jpro.meta.stream.Util$ in JavaFX Application Thread - Canvas, id: row-canvas classes: row-canvas
2020-08-27 17:04:00,772 [INFO] from com.jpro.meta.stream.Util$ in JavaFX Application Thread - Canvas overall Frame counter: 27938
2020-08-27 17:04:00,772 [INFO] from com.jpro.meta.stream.Util$ in JavaFX Application Thread - Canvas overall bytes: 75896989
2020-08-27 17:04:00,772 [INFO] from com.jpro.meta.stream.Util$ in JavaFX Application Thread - Canvas Frame counter: 795
2020-08-27 17:04:00,772 [INFO] from com.jpro.meta.stream.Util$ in JavaFX Application Thread - Canvas Frame byts: 5826
2020-08-27 17:04:00,772 [INFO] from com.jpro.meta.stream.Util$ in JavaFX Application Thread - Canvas Frame objs: 18
2020-08-27 17:04:00,772 [INFO] from com.jpro.meta.stream.Util$ in JavaFX Application Thread - Canvas Frame count: 1
2020-08-27 17:04:00,772 [INFO] from com.jpro.meta.stream.Util$ in JavaFX Application Thread - 
2020-08-27 17:04:00,772 [INFO] from com.jpro.meta.stream.Util$ in JavaFX Application Thread - Canvas, id: row-canvas classes: row-canvas
2020-08-27 17:04:00,772 [INFO] from com.jpro.meta.stream.Util$ in JavaFX Application Thread - Canvas overall Frame counter: 27939
2020-08-27 17:04:00,772 [INFO] from com.jpro.meta.stream.Util$ in JavaFX Application Thread - Canvas overall bytes: 75902747
2020-08-27 17:04:00,772 [INFO] from com.jpro.meta.stream.Util$ in JavaFX Application Thread - Canvas Frame counter: 788
2020-08-27 17:04:00,772 [INFO] from com.jpro.meta.stream.Util$ in JavaFX Application Thread - Canvas Frame byts: 5758
2020-08-27 17:04:00,772 [INFO] from com.jpro.meta.stream.Util$ in JavaFX Application Thread - Canvas Frame objs: 18
2020-08-27 17:04:00,772 [INFO] from com.jpro.meta.stream.Util$ in JavaFX Application Thread - Canvas Frame count: 1
2020-08-27 17:04:00,772 [INFO] from com.jpro.meta.stream.Util$ in JavaFX Application Thread - 
2020-08-27 17:04:00,772 [INFO] from com.jpro.meta.stream.Util$ in JavaFX Application Thread - Canvas, id: row-canvas classes: row-canvas
2020-08-27 17:04:00,772 [INFO] from com.jpro.meta.stream.Util$ in JavaFX Application Thread - Canvas overall Frame counter: 27940
2020-08-27 17:04:00,772 [INFO] from com.jpro.meta.stream.Util$ in JavaFX Application Thread - Canvas overall bytes: 75908879
2020-08-27 17:04:00,772 [INFO] from com.jpro.meta.stream.Util$ in JavaFX Application Thread - Canvas Frame counter: 2211
2020-08-27 17:04:00,772 [INFO] from com.jpro.meta.stream.Util$ in JavaFX Application Thread - Canvas Frame byts: 6132
2020-08-27 17:04:00,772 [INFO] from com.jpro.meta.stream.Util$ in JavaFX Application Thread - Canvas Frame objs: 18
2020-08-27 17:04:00,772 [INFO] from com.jpro.meta.stream.Util$ in JavaFX Application Thread - Canvas Frame count: 1
2020-08-27 17:04:00,772 [INFO] from com.jpro.meta.stream.Util$ in JavaFX Application Thread - 
2020-08-27 17:04:00,772 [INFO] from com.jpro.meta.stream.Util$ in JavaFX Application Thread - Canvas, id: row-canvas classes: row-canvas
2020-08-27 17:04:00,772 [INFO] from com.jpro.meta.stream.Util$ in JavaFX Application Thread - Canvas overall Frame counter: 27941
2020-08-27 17:04:00,772 [INFO] from com.jpro.meta.stream.Util$ in JavaFX Application Thread - Canvas overall bytes: 75915079
2020-08-27 17:04:00,772 [INFO] from com.jpro.meta.stream.Util$ in JavaFX Application Thread - Canvas Frame counter: 2156
2020-08-27 17:04:00,772 [INFO] from com.jpro.meta.stream.Util$ in JavaFX Application Thread - Canvas Frame byts: 6200
2020-08-27 17:04:00,772 [INFO] from com.jpro.meta.stream.Util$ in JavaFX Application Thread - Canvas Frame objs: 18
2020-08-27 17:04:00,772 [INFO] from com.jpro.meta.stream.Util$ in JavaFX Application Thread - Canvas Frame count: 1
2020-08-27 17:04:00,772 [INFO] from com.jpro.meta.stream.Util$ in JavaFX Application Thread - 
2020-08-27 17:04:00,772 [INFO] from com.jpro.meta.stream.Util$ in JavaFX Application Thread - Canvas, id: row-canvas classes: row-canvas
2020-08-27 17:04:00,772 [INFO] from com.jpro.meta.stream.Util$ in JavaFX Application Thread - Canvas overall Frame counter: 27942
2020-08-27 17:04:00,772 [INFO] from com.jpro.meta.stream.Util$ in JavaFX Application Thread - Canvas overall bytes: 75922299
2020-08-27 17:04:00,772 [INFO] from com.jpro.meta.stream.Util$ in JavaFX Application Thread - Canvas Frame counter: 2147
2020-08-27 17:04:00,772 [INFO] from com.jpro.meta.stream.Util$ in JavaFX Application Thread - Canvas Frame byts: 7220
2020-08-27 17:04:00,772 [INFO] from com.jpro.meta.stream.Util$ in JavaFX Application Thread - Canvas Frame objs: 18
2020-08-27 17:04:00,772 [INFO] from com.jpro.meta.stream.Util$ in JavaFX Application Thread - Canvas Frame count: 1
2020-08-27 17:04:00,772 [INFO] from com.jpro.meta.stream.Util$ in JavaFX Application Thread - 
2020-08-27 17:04:00,772 [INFO] from com.jpro.meta.stream.Util$ in JavaFX Application Thread - Canvas, id: row-canvas classes: row-canvas
2020-08-27 17:04:00,772 [INFO] from com.jpro.meta.stream.Util$ in JavaFX Application Thread - Canvas overall Frame counter: 27943
2020-08-27 17:04:00,772 [INFO] from com.jpro.meta.stream.Util$ in JavaFX Application Thread - Canvas overall bytes: 75928397
2020-08-27 17:04:00,772 [INFO] from com.jpro.meta.stream.Util$ in JavaFX Application Thread - Canvas Frame counter: 2020
2020-08-27 17:04:00,772 [INFO] from com.jpro.meta.stream.Util$ in JavaFX Application Thread - Canvas Frame byts: 6098
2020-08-27 17:04:00,772 [INFO] from com.jpro.meta.stream.Util$ in JavaFX Application Thread - Canvas Frame objs: 18
2020-08-27 17:04:00,772 [INFO] from com.jpro.meta.stream.Util$ in JavaFX Application Thread - Canvas Frame count: 1
2020-08-27 17:04:00,772 [INFO] from com.jpro.meta.stream.Util$ in JavaFX Application Thread - 
2020-08-27 17:04:00,772 [INFO] from com.jpro.meta.stream.Util$ in JavaFX Application Thread - Canvas, id: row-canvas classes: row-canvas
2020-08-27 17:04:00,772 [INFO] from com.jpro.meta.stream.Util$ in JavaFX Application Thread - Canvas overall Frame counter: 27944
2020-08-27 17:04:00,772 [INFO] from com.jpro.meta.stream.Util$ in JavaFX Application Thread - Canvas overall bytes: 75935617
2020-08-27 17:04:00,772 [INFO] from com.jpro.meta.stream.Util$ in JavaFX Application Thread - Canvas Frame counter: 2202
2020-08-27 17:04:00,772 [INFO] from com.jpro.meta.stream.Util$ in JavaFX Application Thread - Canvas Frame byts: 7220
2020-08-27 17:04:00,772 [INFO] from com.jpro.meta.stream.Util$ in JavaFX Application Thread - Canvas Frame objs: 18
2020-08-27 17:04:00,772 [INFO] from com.jpro.meta.stream.Util$ in JavaFX Application Thread - Canvas Frame count: 1
2020-08-27 17:04:00,772 [INFO] from com.jpro.meta.stream.Util$ in JavaFX Application Thread - 
2020-08-27 17:04:00,772 [INFO] from com.jpro.meta.stream.Util$ in JavaFX Application Thread - Canvas, id: row-canvas classes: row-canvas
2020-08-27 17:04:00,772 [INFO] from com.jpro.meta.stream.Util$ in JavaFX Application Thread - Canvas overall Frame counter: 27945
2020-08-27 17:04:00,772 [INFO] from com.jpro.meta.stream.Util$ in JavaFX Application Thread - Canvas overall bytes: 75942837
2020-08-27 17:04:00,772 [INFO] from com.jpro.meta.stream.Util$ in JavaFX Application Thread - Canvas Frame counter: 2285
2020-08-27 17:04:00,772 [INFO] from com.jpro.meta.stream.Util$ in JavaFX Application Thread - Canvas Frame byts: 7220
2020-08-27 17:04:00,772 [INFO] from com.jpro.meta.stream.Util$ in JavaFX Application Thread - Canvas Frame objs: 18
2020-08-27 17:04:00,772 [INFO] from com.jpro.meta.stream.Util$ in JavaFX Application Thread - Canvas Frame count: 1
2020-08-27 17:04:00,772 [INFO] from com.jpro.meta.stream.Util$ in JavaFX Application Thread - 
2020-08-27 17:04:00,772 [INFO] from com.jpro.meta.stream.Util$ in JavaFX Application Thread - Canvas, id: row-canvas classes: row-canvas
2020-08-27 17:04:00,772 [INFO] from com.jpro.meta.stream.Util$ in JavaFX Application Thread - Canvas overall Frame counter: 27946
2020-08-27 17:04:00,772 [INFO] from com.jpro.meta.stream.Util$ in JavaFX Application Thread - Canvas overall bytes: 75948255
2020-08-27 17:04:00,772 [INFO] from com.jpro.meta.stream.Util$ in JavaFX Application Thread - Canvas Frame counter: 2158
2020-08-27 17:04:00,772 [INFO] from com.jpro.meta.stream.Util$ in JavaFX Application Thread - Canvas Frame byts: 5418
2020-08-27 17:04:00,772 [INFO] from com.jpro.meta.stream.Util$ in JavaFX Application Thread - Canvas Frame objs: 18
2020-08-27 17:04:00,772 [INFO] from com.jpro.meta.stream.Util$ in JavaFX Application Thread - Canvas Frame count: 1
2020-08-27 17:04:00,772 [INFO] from com.jpro.meta.stream.Util$ in JavaFX Application Thread - 
2020-08-27 17:04:00,773 [INFO] from com.jpro.meta.stream.Util$ in JavaFX Application Thread - Canvas, id: row-canvas classes: row-canvas
2020-08-27 17:04:00,773 [INFO] from com.jpro.meta.stream.Util$ in JavaFX Application Thread - Canvas overall Frame counter: 27947
2020-08-27 17:04:00,773 [INFO] from com.jpro.meta.stream.Util$ in JavaFX Application Thread - Canvas overall bytes: 75955475
2020-08-27 17:04:00,773 [INFO] from com.jpro.meta.stream.Util$ in JavaFX Application Thread - Canvas Frame counter: 829
2020-08-27 17:04:00,773 [INFO] from com.jpro.meta.stream.Util$ in JavaFX Application Thread - Canvas Frame byts: 7220
2020-08-27 17:04:00,773 [INFO] from com.jpro.meta.stream.Util$ in JavaFX Application Thread - Canvas Frame objs: 18
2020-08-27 17:04:00,773 [INFO] from com.jpro.meta.stream.Util$ in JavaFX Application Thread - Canvas Frame count: 1
2020-08-27 17:04:00,773 [INFO] from com.jpro.meta.stream.Util$ in JavaFX Application Thread - 
2020-08-27 17:04:00,773 [INFO] from com.jpro.meta.stream.Util$ in JavaFX Application Thread - Canvas, id: row-canvas classes: row-canvas
2020-08-27 17:04:00,773 [INFO] from com.jpro.meta.stream.Util$ in JavaFX Application Thread - Canvas overall Frame counter: 27948
2020-08-27 17:04:00,773 [INFO] from com.jpro.meta.stream.Util$ in JavaFX Application Thread - Canvas overall bytes: 75962695
2020-08-27 17:04:00,773 [INFO] from com.jpro.meta.stream.Util$ in JavaFX Application Thread - Canvas Frame counter: 834
2020-08-27 17:04:00,773 [INFO] from com.jpro.meta.stream.Util$ in JavaFX Application Thread - Canvas Frame byts: 7220
2020-08-27 17:04:00,773 [INFO] from com.jpro.meta.stream.Util$ in JavaFX Application Thread - Canvas Frame objs: 18
2020-08-27 17:04:00,773 [INFO] from com.jpro.meta.stream.Util$ in JavaFX Application Thread - Canvas Frame count: 1
2020-08-27 17:04:00,773 [INFO] from com.jpro.meta.stream.Util$ in JavaFX Application Thread - 
2020-08-27 17:04:00,773 [INFO] from com.jpro.meta.stream.Util$ in JavaFX Application Thread - Canvas, id: row-canvas classes: row-canvas
2020-08-27 17:04:00,773 [INFO] from com.jpro.meta.stream.Util$ in JavaFX Application Thread - Canvas overall Frame counter: 27949
2020-08-27 17:04:00,773 [INFO] from com.jpro.meta.stream.Util$ in JavaFX Application Thread - Canvas overall bytes: 75968997
2020-08-27 17:04:00,773 [INFO] from com.jpro.meta.stream.Util$ in JavaFX Application Thread - Canvas Frame counter: 798
2020-08-27 17:04:00,773 [INFO] from com.jpro.meta.stream.Util$ in JavaFX Application Thread - Canvas Frame byts: 6302
2020-08-27 17:04:00,773 [INFO] from com.jpro.meta.stream.Util$ in JavaFX Application Thread - Canvas Frame objs: 18
2020-08-27 17:04:00,773 [INFO] from com.jpro.meta.stream.Util$ in JavaFX Application Thread - Canvas Frame count: 1
2020-08-27 17:04:00,773 [INFO] from com.jpro.meta.stream.Util$ in JavaFX Application Thread - 
2020-08-27 17:04:00,773 [INFO] from com.jpro.meta.stream.Util$ in JavaFX Application Thread - Canvas, id: row-canvas classes: row-canvas
2020-08-27 17:04:00,773 [INFO] from com.jpro.meta.stream.Util$ in JavaFX Application Thread - Canvas overall Frame counter: 27950
2020-08-27 17:04:00,773 [INFO] from com.jpro.meta.stream.Util$ in JavaFX Application Thread - Canvas overall bytes: 75974993
2020-08-27 17:04:00,773 [INFO] from com.jpro.meta.stream.Util$ in JavaFX Application Thread - Canvas Frame counter: 552
2020-08-27 17:04:00,773 [INFO] from com.jpro.meta.stream.Util$ in JavaFX Application Thread - Canvas Frame byts: 5996
2020-08-27 17:04:00,773 [INFO] from com.jpro.meta.stream.Util$ in JavaFX Application Thread - Canvas Frame objs: 18
2020-08-27 17:04:00,773 [INFO] from com.jpro.meta.stream.Util$ in JavaFX Application Thread - Canvas Frame count: 1
2020-08-27 17:04:00,773 [INFO] from com.jpro.meta.stream.Util$ in JavaFX Application Thread - 
2020-08-27 17:04:00,773 [INFO] from com.jpro.meta.stream.Util$ in JavaFX Application Thread - Canvas, id: row-canvas classes: row-canvas
2020-08-27 17:04:00,773 [INFO] from com.jpro.meta.stream.Util$ in JavaFX Application Thread - Canvas overall Frame counter: 27951
2020-08-27 17:04:00,773 [INFO] from com.jpro.meta.stream.Util$ in JavaFX Application Thread - Canvas overall bytes: 75981227
2020-08-27 17:04:00,773 [INFO] from com.jpro.meta.stream.Util$ in JavaFX Application Thread - Canvas Frame counter: 511
2020-08-27 17:04:00,773 [INFO] from com.jpro.meta.stream.Util$ in JavaFX Application Thread - Canvas Frame byts: 6234
2020-08-27 17:04:00,773 [INFO] from com.jpro.meta.stream.Util$ in JavaFX Application Thread - Canvas Frame objs: 18
2020-08-27 17:04:00,773 [INFO] from com.jpro.meta.stream.Util$ in JavaFX Application Thread - Canvas Frame count: 1
2020-08-27 17:04:00,773 [INFO] from com.jpro.meta.stream.Util$ in JavaFX Application Thread - 
2020-08-27 17:04:00,773 [INFO] from com.jpro.meta.stream.Util$ in JavaFX Application Thread - Canvas, id: row-canvas classes: row-canvas
2020-08-27 17:04:00,773 [INFO] from com.jpro.meta.stream.Util$ in JavaFX Application Thread - Canvas overall Frame counter: 27952
2020-08-27 17:04:00,773 [INFO] from com.jpro.meta.stream.Util$ in JavaFX Application Thread - Canvas overall bytes: 75987087
2020-08-27 17:04:00,773 [INFO] from com.jpro.meta.stream.Util$ in JavaFX Application Thread - Canvas Frame counter: 554
2020-08-27 17:04:00,773 [INFO] from com.jpro.meta.stream.Util$ in JavaFX Application Thread - Canvas Frame byts: 5860
2020-08-27 17:04:00,773 [INFO] from com.jpro.meta.stream.Util$ in JavaFX Application Thread - Canvas Frame objs: 18
2020-08-27 17:04:00,773 [INFO] from com.jpro.meta.stream.Util$ in JavaFX Application Thread - Canvas Frame count: 1
2020-08-27 17:04:00,773 [INFO] from com.jpro.meta.stream.Util$ in JavaFX Application Thread - 
2020-08-27 17:04:00,773 [INFO] from com.jpro.meta.stream.Util$ in JavaFX Application Thread - Canvas, id: row-canvas classes: row-canvas
2020-08-27 17:04:00,773 [INFO] from com.jpro.meta.stream.Util$ in JavaFX Application Thread - Canvas overall Frame counter: 27953
2020-08-27 17:04:00,773 [INFO] from com.jpro.meta.stream.Util$ in JavaFX Application Thread - Canvas overall bytes: 75992675
2020-08-27 17:04:00,773 [INFO] from com.jpro.meta.stream.Util$ in JavaFX Application Thread - Canvas Frame counter: 523
2020-08-27 17:04:00,773 [INFO] from com.jpro.meta.stream.Util$ in JavaFX Application Thread - Canvas Frame byts: 5588
2020-08-27 17:04:00,773 [INFO] from com.jpro.meta.stream.Util$ in JavaFX Application Thread - Canvas Frame objs: 18
2020-08-27 17:04:00,773 [INFO] from com.jpro.meta.stream.Util$ in JavaFX Application Thread - Canvas Frame count: 1
2020-08-27 17:04:00,773 [INFO] from com.jpro.meta.stream.Util$ in JavaFX Application Thread - 
2020-08-27 17:04:00,773 [INFO] from com.jpro.meta.stream.Util$ in JavaFX Application Thread - Canvas, id: row-canvas classes: row-canvas
2020-08-27 17:04:00,773 [INFO] from com.jpro.meta.stream.Util$ in JavaFX Application Thread - Canvas overall Frame counter: 27954
2020-08-27 17:04:00,773 [INFO] from com.jpro.meta.stream.Util$ in JavaFX Application Thread - Canvas overall bytes: 75999895
2020-08-27 17:04:00,773 [INFO] from com.jpro.meta.stream.Util$ in JavaFX Application Thread - Canvas Frame counter: 716
2020-08-27 17:04:00,773 [INFO] from com.jpro.meta.stream.Util$ in JavaFX Application Thread - Canvas Frame byts: 7220
2020-08-27 17:04:00,773 [INFO] from com.jpro.meta.stream.Util$ in JavaFX Application Thread - Canvas Frame objs: 18
2020-08-27 17:04:00,773 [INFO] from com.jpro.meta.stream.Util$ in JavaFX Application Thread - Canvas Frame count: 1
2020-08-27 17:04:00,791 [INFO] from com.jpro.meta.stream.Util$ in JavaFX Application Thread - 
2020-08-27 17:04:00,791 [INFO] from com.jpro.meta.stream.Util$ in JavaFX Application Thread - Canvas, id: row-canvas classes: row-canvas
2020-08-27 17:04:00,791 [INFO] from com.jpro.meta.stream.Util$ in JavaFX Application Thread - Canvas overall Frame counter: 27955
2020-08-27 17:04:00,791 [INFO] from com.jpro.meta.stream.Util$ in JavaFX Application Thread - Canvas overall bytes: 76005755
2020-08-27 17:04:00,791 [INFO] from com.jpro.meta.stream.Util$ in JavaFX Application Thread - Canvas Frame counter: 842
2020-08-27 17:04:00,791 [INFO] from com.jpro.meta.stream.Util$ in JavaFX Application Thread - Canvas Frame byts: 5860
2020-08-27 17:04:00,791 [INFO] from com.jpro.meta.stream.Util$ in JavaFX Application Thread - Canvas Frame objs: 18
2020-08-27 17:04:00,791 [INFO] from com.jpro.meta.stream.Util$ in JavaFX Application Thread - Canvas Frame count: 1
2020-08-27 17:04:00,791 [INFO] from com.jpro.meta.stream.Util$ in JavaFX Application Thread - 
2020-08-27 17:04:00,791 [INFO] from com.jpro.meta.stream.Util$ in JavaFX Application Thread - Canvas, id: row-canvas classes: row-canvas
2020-08-27 17:04:00,791 [INFO] from com.jpro.meta.stream.Util$ in JavaFX Application Thread - Canvas overall Frame counter: 27956
2020-08-27 17:04:00,791 [INFO] from com.jpro.meta.stream.Util$ in JavaFX Application Thread - Canvas overall bytes: 76012941
2020-08-27 17:04:00,791 [INFO] from com.jpro.meta.stream.Util$ in JavaFX Application Thread - Canvas Frame counter: 774
2020-08-27 17:04:00,791 [INFO] from com.jpro.meta.stream.Util$ in JavaFX Application Thread - Canvas Frame byts: 7186
2020-08-27 17:04:00,791 [INFO] from com.jpro.meta.stream.Util$ in JavaFX Application Thread - Canvas Frame objs: 18
2020-08-27 17:04:00,791 [INFO] from com.jpro.meta.stream.Util$ in JavaFX Application Thread - Canvas Frame count: 1
2020-08-27 17:04:00,791 [INFO] from com.jpro.meta.stream.Util$ in JavaFX Application Thread - 
2020-08-27 17:04:00,791 [INFO] from com.jpro.meta.stream.Util$ in JavaFX Application Thread - Canvas, id: row-canvas classes: row-canvas
2020-08-27 17:04:00,791 [INFO] from com.jpro.meta.stream.Util$ in JavaFX Application Thread - Canvas overall Frame counter: 27957
2020-08-27 17:04:00,791 [INFO] from com.jpro.meta.stream.Util$ in JavaFX Application Thread - Canvas overall bytes: 76018971
2020-08-27 17:04:00,791 [INFO] from com.jpro.meta.stream.Util$ in JavaFX Application Thread - Canvas Frame counter: 792
2020-08-27 17:04:00,791 [INFO] from com.jpro.meta.stream.Util$ in JavaFX Application Thread - Canvas Frame byts: 6030
2020-08-27 17:04:00,791 [INFO] from com.jpro.meta.stream.Util$ in JavaFX Application Thread - Canvas Frame objs: 18
2020-08-27 17:04:00,791 [INFO] from com.jpro.meta.stream.Util$ in JavaFX Application Thread - Canvas Frame count: 1
2020-08-27 17:04:00,791 [INFO] from com.jpro.meta.stream.Util$ in JavaFX Application Thread - 
2020-08-27 17:04:00,791 [INFO] from com.jpro.meta.stream.Util$ in JavaFX Application Thread - Canvas, id: row-canvas classes: row-canvas
2020-08-27 17:04:00,791 [INFO] from com.jpro.meta.stream.Util$ in JavaFX Application Thread - Canvas overall Frame counter: 27958
2020-08-27 17:04:00,791 [INFO] from com.jpro.meta.stream.Util$ in JavaFX Application Thread - Canvas overall bytes: 76024797
2020-08-27 17:04:00,791 [INFO] from com.jpro.meta.stream.Util$ in JavaFX Application Thread - Canvas Frame counter: 796
2020-08-27 17:04:00,791 [INFO] from com.jpro.meta.stream.Util$ in JavaFX Application Thread - Canvas Frame byts: 5826
2020-08-27 17:04:00,791 [INFO] from com.jpro.meta.stream.Util$ in JavaFX Application Thread - Canvas Frame objs: 18
2020-08-27 17:04:00,791 [INFO] from com.jpro.meta.stream.Util$ in JavaFX Application Thread - Canvas Frame count: 1
2020-08-27 17:04:00,791 [INFO] from com.jpro.meta.stream.Util$ in JavaFX Application Thread - 
2020-08-27 17:04:00,791 [INFO] from com.jpro.meta.stream.Util$ in JavaFX Application Thread - Canvas, id: row-canvas classes: row-canvas
2020-08-27 17:04:00,791 [INFO] from com.jpro.meta.stream.Util$ in JavaFX Application Thread - Canvas overall Frame counter: 27959
2020-08-27 17:04:00,791 [INFO] from com.jpro.meta.stream.Util$ in JavaFX Application Thread - Canvas overall bytes: 76030555
2020-08-27 17:04:00,791 [INFO] from com.jpro.meta.stream.Util$ in JavaFX Application Thread - Canvas Frame counter: 789
2020-08-27 17:04:00,791 [INFO] from com.jpro.meta.stream.Util$ in JavaFX Application Thread - Canvas Frame byts: 5758
2020-08-27 17:04:00,791 [INFO] from com.jpro.meta.stream.Util$ in JavaFX Application Thread - Canvas Frame objs: 18
2020-08-27 17:04:00,791 [INFO] from com.jpro.meta.stream.Util$ in JavaFX Application Thread - Canvas Frame count: 1
2020-08-27 17:04:00,791 [INFO] from com.jpro.meta.stream.Util$ in JavaFX Application Thread - 
2020-08-27 17:04:00,791 [INFO] from com.jpro.meta.stream.Util$ in JavaFX Application Thread - Canvas, id: row-canvas classes: row-canvas
2020-08-27 17:04:00,791 [INFO] from com.jpro.meta.stream.Util$ in JavaFX Application Thread - Canvas overall Frame counter: 27960
2020-08-27 17:04:00,791 [INFO] from com.jpro.meta.stream.Util$ in JavaFX Application Thread - Canvas overall bytes: 76036687
2020-08-27 17:04:00,791 [INFO] from com.jpro.meta.stream.Util$ in JavaFX Application Thread - Canvas Frame counter: 2212
2020-08-27 17:04:00,791 [INFO] from com.jpro.meta.stream.Util$ in JavaFX Application Thread - Canvas Frame byts: 6132
2020-08-27 17:04:00,791 [INFO] from com.jpro.meta.stream.Util$ in JavaFX Application Thread - Canvas Frame objs: 18
2020-08-27 17:04:00,791 [INFO] from com.jpro.meta.stream.Util$ in JavaFX Application Thread - Canvas Frame count: 1
2020-08-27 17:04:00,791 [INFO] from com.jpro.meta.stream.Util$ in JavaFX Application Thread - 
2020-08-27 17:04:00,791 [INFO] from com.jpro.meta.stream.Util$ in JavaFX Application Thread - Canvas, id: row-canvas classes: row-canvas
2020-08-27 17:04:00,791 [INFO] from com.jpro.meta.stream.Util$ in JavaFX Application Thread - Canvas overall Frame counter: 27961
2020-08-27 17:04:00,791 [INFO] from com.jpro.meta.stream.Util$ in JavaFX Application Thread - Canvas overall bytes: 76042887
2020-08-27 17:04:00,791 [INFO] from com.jpro.meta.stream.Util$ in JavaFX Application Thread - Canvas Frame counter: 2157
2020-08-27 17:04:00,791 [INFO] from com.jpro.meta.stream.Util$ in JavaFX Application Thread - Canvas Frame byts: 6200
2020-08-27 17:04:00,791 [INFO] from com.jpro.meta.stream.Util$ in JavaFX Application Thread - Canvas Frame objs: 18
2020-08-27 17:04:00,791 [INFO] from com.jpro.meta.stream.Util$ in JavaFX Application Thread - Canvas Frame count: 1
2020-08-27 17:04:00,791 [INFO] from com.jpro.meta.stream.Util$ in JavaFX Application Thread - 
2020-08-27 17:04:00,791 [INFO] from com.jpro.meta.stream.Util$ in JavaFX Application Thread - Canvas, id: row-canvas classes: row-canvas
2020-08-27 17:04:00,791 [INFO] from com.jpro.meta.stream.Util$ in JavaFX Application Thread - Canvas overall Frame counter: 27962
2020-08-27 17:04:00,791 [INFO] from com.jpro.meta.stream.Util$ in JavaFX Application Thread - Canvas overall bytes: 76050073
2020-08-27 17:04:00,791 [INFO] from com.jpro.meta.stream.Util$ in JavaFX Application Thread - Canvas Frame counter: 2148
2020-08-27 17:04:00,791 [INFO] from com.jpro.meta.stream.Util$ in JavaFX Application Thread - Canvas Frame byts: 7186
2020-08-27 17:04:00,791 [INFO] from com.jpro.meta.stream.Util$ in JavaFX Application Thread - Canvas Frame objs: 18
2020-08-27 17:04:00,791 [INFO] from com.jpro.meta.stream.Util$ in JavaFX Application Thread - Canvas Frame count: 1
2020-08-27 17:04:00,791 [INFO] from com.jpro.meta.stream.Util$ in JavaFX Application Thread - 
2020-08-27 17:04:00,791 [INFO] from com.jpro.meta.stream.Util$ in JavaFX Application Thread - Canvas, id: row-canvas classes: row-canvas
2020-08-27 17:04:00,791 [INFO] from com.jpro.meta.stream.Util$ in JavaFX Application Thread - Canvas overall Frame counter: 27963
2020-08-27 17:04:00,791 [INFO] from com.jpro.meta.stream.Util$ in JavaFX Application Thread - Canvas overall bytes: 76056171
2020-08-27 17:04:00,791 [INFO] from com.jpro.meta.stream.Util$ in JavaFX Application Thread - Canvas Frame counter: 2021
2020-08-27 17:04:00,791 [INFO] from com.jpro.meta.stream.Util$ in JavaFX Application Thread - Canvas Frame byts: 6098
2020-08-27 17:04:00,791 [INFO] from com.jpro.meta.stream.Util$ in JavaFX Application Thread - Canvas Frame objs: 18
2020-08-27 17:04:00,791 [INFO] from com.jpro.meta.stream.Util$ in JavaFX Application Thread - Canvas Frame count: 1
2020-08-27 17:04:00,791 [INFO] from com.jpro.meta.stream.Util$ in JavaFX Application Thread - 
2020-08-27 17:04:00,791 [INFO] from com.jpro.meta.stream.Util$ in JavaFX Application Thread - Canvas, id: row-canvas classes: row-canvas
2020-08-27 17:04:00,791 [INFO] from com.jpro.meta.stream.Util$ in JavaFX Application Thread - Canvas overall Frame counter: 27964
2020-08-27 17:04:00,791 [INFO] from com.jpro.meta.stream.Util$ in JavaFX Application Thread - Canvas overall bytes: 76063357
2020-08-27 17:04:00,791 [INFO] from com.jpro.meta.stream.Util$ in JavaFX Application Thread - Canvas Frame counter: 2203
2020-08-27 17:04:00,791 [INFO] from com.jpro.meta.stream.Util$ in JavaFX Application Thread - Canvas Frame byts: 7186
2020-08-27 17:04:00,791 [INFO] from com.jpro.meta.stream.Util$ in JavaFX Application Thread - Canvas Frame objs: 18
2020-08-27 17:04:00,791 [INFO] from com.jpro.meta.stream.Util$ in JavaFX Application Thread - Canvas Frame count: 1
2020-08-27 17:04:00,791 [INFO] from com.jpro.meta.stream.Util$ in JavaFX Application Thread - 
2020-08-27 17:04:00,791 [INFO] from com.jpro.meta.stream.Util$ in JavaFX Application Thread - Canvas, id: row-canvas classes: row-canvas
2020-08-27 17:04:00,791 [INFO] from com.jpro.meta.stream.Util$ in JavaFX Application Thread - Canvas overall Frame counter: 27965
2020-08-27 17:04:00,791 [INFO] from com.jpro.meta.stream.Util$ in JavaFX Application Thread - Canvas overall bytes: 76070543
2020-08-27 17:04:00,791 [INFO] from com.jpro.meta.stream.Util$ in JavaFX Application Thread - Canvas Frame counter: 2286
2020-08-27 17:04:00,791 [INFO] from com.jpro.meta.stream.Util$ in JavaFX Application Thread - Canvas Frame byts: 7186
2020-08-27 17:04:00,791 [INFO] from com.jpro.meta.stream.Util$ in JavaFX Application Thread - Canvas Frame objs: 18
2020-08-27 17:04:00,791 [INFO] from com.jpro.meta.stream.Util$ in JavaFX Application Thread - Canvas Frame count: 1
2020-08-27 17:04:00,791 [INFO] from com.jpro.meta.stream.Util$ in JavaFX Application Thread - 
2020-08-27 17:04:00,792 [INFO] from com.jpro.meta.stream.Util$ in JavaFX Application Thread - Canvas, id: row-canvas classes: row-canvas
2020-08-27 17:04:00,792 [INFO] from com.jpro.meta.stream.Util$ in JavaFX Application Thread - Canvas overall Frame counter: 27966
2020-08-27 17:04:00,792 [INFO] from com.jpro.meta.stream.Util$ in JavaFX Application Thread - Canvas overall bytes: 76075961
2020-08-27 17:04:00,792 [INFO] from com.jpro.meta.stream.Util$ in JavaFX Application Thread - Canvas Frame counter: 2159
2020-08-27 17:04:00,792 [INFO] from com.jpro.meta.stream.Util$ in JavaFX Application Thread - Canvas Frame byts: 5418
2020-08-27 17:04:00,792 [INFO] from com.jpro.meta.stream.Util$ in JavaFX Application Thread - Canvas Frame objs: 18
2020-08-27 17:04:00,792 [INFO] from com.jpro.meta.stream.Util$ in JavaFX Application Thread - Canvas Frame count: 1
2020-08-27 17:04:00,792 [INFO] from com.jpro.meta.stream.Util$ in JavaFX Application Thread - 
2020-08-27 17:04:00,792 [INFO] from com.jpro.meta.stream.Util$ in JavaFX Application Thread - Canvas, id: row-canvas classes: row-canvas
2020-08-27 17:04:00,792 [INFO] from com.jpro.meta.stream.Util$ in JavaFX Application Thread - Canvas overall Frame counter: 27967
2020-08-27 17:04:00,792 [INFO] from com.jpro.meta.stream.Util$ in JavaFX Application Thread - Canvas overall bytes: 76083147
2020-08-27 17:04:00,792 [INFO] from com.jpro.meta.stream.Util$ in JavaFX Application Thread - Canvas Frame counter: 830
2020-08-27 17:04:00,792 [INFO] from com.jpro.meta.stream.Util$ in JavaFX Application Thread - Canvas Frame byts: 7186
2020-08-27 17:04:00,792 [INFO] from com.jpro.meta.stream.Util$ in JavaFX Application Thread - Canvas Frame objs: 18
2020-08-27 17:04:00,792 [INFO] from com.jpro.meta.stream.Util$ in JavaFX Application Thread - Canvas Frame count: 1
2020-08-27 17:04:00,792 [INFO] from com.jpro.meta.stream.Util$ in JavaFX Application Thread - 
2020-08-27 17:04:00,792 [INFO] from com.jpro.meta.stream.Util$ in JavaFX Application Thread - Canvas, id: row-canvas classes: row-canvas
2020-08-27 17:04:00,792 [INFO] from com.jpro.meta.stream.Util$ in JavaFX Application Thread - Canvas overall Frame counter: 27968
2020-08-27 17:04:00,792 [INFO] from com.jpro.meta.stream.Util$ in JavaFX Application Thread - Canvas overall bytes: 76090333
2020-08-27 17:04:00,792 [INFO] from com.jpro.meta.stream.Util$ in JavaFX Application Thread - Canvas Frame counter: 835
2020-08-27 17:04:00,792 [INFO] from com.jpro.meta.stream.Util$ in JavaFX Application Thread - Canvas Frame byts: 7186
2020-08-27 17:04:00,792 [INFO] from com.jpro.meta.stream.Util$ in JavaFX Application Thread - Canvas Frame objs: 18
2020-08-27 17:04:00,792 [INFO] from com.jpro.meta.stream.Util$ in JavaFX Application Thread - Canvas Frame count: 1
2020-08-27 17:04:00,792 [INFO] from com.jpro.meta.stream.Util$ in JavaFX Application Thread - 
2020-08-27 17:04:00,792 [INFO] from com.jpro.meta.stream.Util$ in JavaFX Application Thread - Canvas, id: row-canvas classes: row-canvas
2020-08-27 17:04:00,792 [INFO] from com.jpro.meta.stream.Util$ in JavaFX Application Thread - Canvas overall Frame counter: 27969
2020-08-27 17:04:00,792 [INFO] from com.jpro.meta.stream.Util$ in JavaFX Application Thread - Canvas overall bytes: 76096635
2020-08-27 17:04:00,792 [INFO] from com.jpro.meta.stream.Util$ in JavaFX Application Thread - Canvas Frame counter: 799
2020-08-27 17:04:00,792 [INFO] from com.jpro.meta.stream.Util$ in JavaFX Application Thread - Canvas Frame byts: 6302
2020-08-27 17:04:00,792 [INFO] from com.jpro.meta.stream.Util$ in JavaFX Application Thread - Canvas Frame objs: 18
2020-08-27 17:04:00,792 [INFO] from com.jpro.meta.stream.Util$ in JavaFX Application Thread - Canvas Frame count: 1
2020-08-27 17:04:00,792 [INFO] from com.jpro.meta.stream.Util$ in JavaFX Application Thread - 
2020-08-27 17:04:00,792 [INFO] from com.jpro.meta.stream.Util$ in JavaFX Application Thread - Canvas, id: row-canvas classes: row-canvas
2020-08-27 17:04:00,792 [INFO] from com.jpro.meta.stream.Util$ in JavaFX Application Thread - Canvas overall Frame counter: 27970
2020-08-27 17:04:00,792 [INFO] from com.jpro.meta.stream.Util$ in JavaFX Application Thread - Canvas overall bytes: 76102631
2020-08-27 17:04:00,792 [INFO] from com.jpro.meta.stream.Util$ in JavaFX Application Thread - Canvas Frame counter: 553
2020-08-27 17:04:00,792 [INFO] from com.jpro.meta.stream.Util$ in JavaFX Application Thread - Canvas Frame byts: 5996
2020-08-27 17:04:00,792 [INFO] from com.jpro.meta.stream.Util$ in JavaFX Application Thread - Canvas Frame objs: 18
2020-08-27 17:04:00,792 [INFO] from com.jpro.meta.stream.Util$ in JavaFX Application Thread - Canvas Frame count: 1
2020-08-27 17:04:00,792 [INFO] from com.jpro.meta.stream.Util$ in JavaFX Application Thread - 
2020-08-27 17:04:00,792 [INFO] from com.jpro.meta.stream.Util$ in JavaFX Application Thread - Canvas, id: row-canvas classes: row-canvas
2020-08-27 17:04:00,792 [INFO] from com.jpro.meta.stream.Util$ in JavaFX Application Thread - Canvas overall Frame counter: 27971
2020-08-27 17:04:00,792 [INFO] from com.jpro.meta.stream.Util$ in JavaFX Application Thread - Canvas overall bytes: 76108865
2020-08-27 17:04:00,792 [INFO] from com.jpro.meta.stream.Util$ in JavaFX Application Thread - Canvas Frame counter: 512
2020-08-27 17:04:00,792 [INFO] from com.jpro.meta.stream.Util$ in JavaFX Application Thread - Canvas Frame byts: 6234
2020-08-27 17:04:00,792 [INFO] from com.jpro.meta.stream.Util$ in JavaFX Application Thread - Canvas Frame objs: 18
2020-08-27 17:04:00,792 [INFO] from com.jpro.meta.stream.Util$ in JavaFX Application Thread - Canvas Frame count: 1
2020-08-27 17:04:00,792 [INFO] from com.jpro.meta.stream.Util$ in JavaFX Application Thread - 
2020-08-27 17:04:00,792 [INFO] from com.jpro.meta.stream.Util$ in JavaFX Application Thread - Canvas, id: row-canvas classes: row-canvas
2020-08-27 17:04:00,792 [INFO] from com.jpro.meta.stream.Util$ in JavaFX Application Thread - Canvas overall Frame counter: 27972
2020-08-27 17:04:00,792 [INFO] from com.jpro.meta.stream.Util$ in JavaFX Application Thread - Canvas overall bytes: 76114725
2020-08-27 17:04:00,792 [INFO] from com.jpro.meta.stream.Util$ in JavaFX Application Thread - Canvas Frame counter: 555
2020-08-27 17:04:00,792 [INFO] from com.jpro.meta.stream.Util$ in JavaFX Application Thread - Canvas Frame byts: 5860
2020-08-27 17:04:00,792 [INFO] from com.jpro.meta.stream.Util$ in JavaFX Application Thread - Canvas Frame objs: 18
2020-08-27 17:04:00,792 [INFO] from com.jpro.meta.stream.Util$ in JavaFX Application Thread - Canvas Frame count: 1
2020-08-27 17:04:00,792 [INFO] from com.jpro.meta.stream.Util$ in JavaFX Application Thread - 
2020-08-27 17:04:00,792 [INFO] from com.jpro.meta.stream.Util$ in JavaFX Application Thread - Canvas, id: row-canvas classes: row-canvas
2020-08-27 17:04:00,792 [INFO] from com.jpro.meta.stream.Util$ in JavaFX Application Thread - Canvas overall Frame counter: 27973
2020-08-27 17:04:00,792 [INFO] from com.jpro.meta.stream.Util$ in JavaFX Application Thread - Canvas overall bytes: 76120313
2020-08-27 17:04:00,792 [INFO] from com.jpro.meta.stream.Util$ in JavaFX Application Thread - Canvas Frame counter: 524
2020-08-27 17:04:00,792 [INFO] from com.jpro.meta.stream.Util$ in JavaFX Application Thread - Canvas Frame byts: 5588
2020-08-27 17:04:00,792 [INFO] from com.jpro.meta.stream.Util$ in JavaFX Application Thread - Canvas Frame objs: 18
2020-08-27 17:04:00,792 [INFO] from com.jpro.meta.stream.Util$ in JavaFX Application Thread - Canvas Frame count: 1
2020-08-27 17:04:00,792 [INFO] from com.jpro.meta.stream.Util$ in JavaFX Application Thread - 
2020-08-27 17:04:00,792 [INFO] from com.jpro.meta.stream.Util$ in JavaFX Application Thread - Canvas, id: row-canvas classes: row-canvas
2020-08-27 17:04:00,792 [INFO] from com.jpro.meta.stream.Util$ in JavaFX Application Thread - Canvas overall Frame counter: 27974
2020-08-27 17:04:00,792 [INFO] from com.jpro.meta.stream.Util$ in JavaFX Application Thread - Canvas overall bytes: 76127499
2020-08-27 17:04:00,792 [INFO] from com.jpro.meta.stream.Util$ in JavaFX Application Thread - Canvas Frame counter: 717
2020-08-27 17:04:00,792 [INFO] from com.jpro.meta.stream.Util$ in JavaFX Application Thread - Canvas Frame byts: 7186
2020-08-27 17:04:00,792 [INFO] from com.jpro.meta.stream.Util$ in JavaFX Application Thread - Canvas Frame objs: 18
2020-08-27 17:04:00,792 [INFO] from com.jpro.meta.stream.Util$ in JavaFX Application Thread - Canvas Frame count: 1
2020-08-27 17:04:00,828 [INFO] from com.jpro.meta.stream.Util$ in JavaFX Application Thread - 
2020-08-27 17:04:00,828 [INFO] from com.jpro.meta.stream.Util$ in JavaFX Application Thread - Canvas, id: row-canvas classes: row-canvas
2020-08-27 17:04:00,828 [INFO] from com.jpro.meta.stream.Util$ in JavaFX Application Thread - Canvas overall Frame counter: 27975
2020-08-27 17:04:00,828 [INFO] from com.jpro.meta.stream.Util$ in JavaFX Application Thread - Canvas overall bytes: 76133359
2020-08-27 17:04:00,828 [INFO] from com.jpro.meta.stream.Util$ in JavaFX Application Thread - Canvas Frame counter: 843
2020-08-27 17:04:00,828 [INFO] from com.jpro.meta.stream.Util$ in JavaFX Application Thread - Canvas Frame byts: 5860
2020-08-27 17:04:00,828 [INFO] from com.jpro.meta.stream.Util$ in JavaFX Application Thread - Canvas Frame objs: 18
2020-08-27 17:04:00,828 [INFO] from com.jpro.meta.stream.Util$ in JavaFX Application Thread - Canvas Frame count: 1
2020-08-27 17:04:00,828 [INFO] from com.jpro.meta.stream.Util$ in JavaFX Application Thread - 
2020-08-27 17:04:00,828 [INFO] from com.jpro.meta.stream.Util$ in JavaFX Application Thread - Canvas, id: row-canvas classes: row-canvas
2020-08-27 17:04:00,828 [INFO] from com.jpro.meta.stream.Util$ in JavaFX Application Thread - Canvas overall Frame counter: 27976
2020-08-27 17:04:00,828 [INFO] from com.jpro.meta.stream.Util$ in JavaFX Application Thread - Canvas overall bytes: 76140545
2020-08-27 17:04:00,828 [INFO] from com.jpro.meta.stream.Util$ in JavaFX Application Thread - Canvas Frame counter: 775
2020-08-27 17:04:00,828 [INFO] from com.jpro.meta.stream.Util$ in JavaFX Application Thread - Canvas Frame byts: 7186
2020-08-27 17:04:00,828 [INFO] from com.jpro.meta.stream.Util$ in JavaFX Application Thread - Canvas Frame objs: 18
2020-08-27 17:04:00,828 [INFO] from com.jpro.meta.stream.Util$ in JavaFX Application Thread - Canvas Frame count: 1
2020-08-27 17:04:00,828 [INFO] from com.jpro.meta.stream.Util$ in JavaFX Application Thread - 
2020-08-27 17:04:00,828 [INFO] from com.jpro.meta.stream.Util$ in JavaFX Application Thread - Canvas, id: row-canvas classes: row-canvas
2020-08-27 17:04:00,828 [INFO] from com.jpro.meta.stream.Util$ in JavaFX Application Thread - Canvas overall Frame counter: 27977
2020-08-27 17:04:00,828 [INFO] from com.jpro.meta.stream.Util$ in JavaFX Application Thread - Canvas overall bytes: 76146575
2020-08-27 17:04:00,828 [INFO] from com.jpro.meta.stream.Util$ in JavaFX Application Thread - Canvas Frame counter: 793
2020-08-27 17:04:00,828 [INFO] from com.jpro.meta.stream.Util$ in JavaFX Application Thread - Canvas Frame byts: 6030
2020-08-27 17:04:00,828 [INFO] from com.jpro.meta.stream.Util$ in JavaFX Application Thread - Canvas Frame objs: 18
2020-08-27 17:04:00,828 [INFO] from com.jpro.meta.stream.Util$ in JavaFX Application Thread - Canvas Frame count: 1
2020-08-27 17:04:00,828 [INFO] from com.jpro.meta.stream.Util$ in JavaFX Application Thread - 
2020-08-27 17:04:00,828 [INFO] from com.jpro.meta.stream.Util$ in JavaFX Application Thread - Canvas, id: row-canvas classes: row-canvas
2020-08-27 17:04:00,828 [INFO] from com.jpro.meta.stream.Util$ in JavaFX Application Thread - Canvas overall Frame counter: 27978
2020-08-27 17:04:00,828 [INFO] from com.jpro.meta.stream.Util$ in JavaFX Application Thread - Canvas overall bytes: 76152401
2020-08-27 17:04:00,828 [INFO] from com.jpro.meta.stream.Util$ in JavaFX Application Thread - Canvas Frame counter: 797
2020-08-27 17:04:00,828 [INFO] from com.jpro.meta.stream.Util$ in JavaFX Application Thread - Canvas Frame byts: 5826
2020-08-27 17:04:00,828 [INFO] from com.jpro.meta.stream.Util$ in JavaFX Application Thread - Canvas Frame objs: 18
2020-08-27 17:04:00,828 [INFO] from com.jpro.meta.stream.Util$ in JavaFX Application Thread - Canvas Frame count: 1
2020-08-27 17:04:00,828 [INFO] from com.jpro.meta.stream.Util$ in JavaFX Application Thread - 
2020-08-27 17:04:00,828 [INFO] from com.jpro.meta.stream.Util$ in JavaFX Application Thread - Canvas, id: row-canvas classes: row-canvas
2020-08-27 17:04:00,828 [INFO] from com.jpro.meta.stream.Util$ in JavaFX Application Thread - Canvas overall Frame counter: 27979
2020-08-27 17:04:00,828 [INFO] from com.jpro.meta.stream.Util$ in JavaFX Application Thread - Canvas overall bytes: 76158159
2020-08-27 17:04:00,828 [INFO] from com.jpro.meta.stream.Util$ in JavaFX Application Thread - Canvas Frame counter: 790
2020-08-27 17:04:00,828 [INFO] from com.jpro.meta.stream.Util$ in JavaFX Application Thread - Canvas Frame byts: 5758
2020-08-27 17:04:00,828 [INFO] from com.jpro.meta.stream.Util$ in JavaFX Application Thread - Canvas Frame objs: 18
2020-08-27 17:04:00,828 [INFO] from com.jpro.meta.stream.Util$ in JavaFX Application Thread - Canvas Frame count: 1
2020-08-27 17:04:00,828 [INFO] from com.jpro.meta.stream.Util$ in JavaFX Application Thread - 
2020-08-27 17:04:00,828 [INFO] from com.jpro.meta.stream.Util$ in JavaFX Application Thread - Canvas, id: row-canvas classes: row-canvas
2020-08-27 17:04:00,828 [INFO] from com.jpro.meta.stream.Util$ in JavaFX Application Thread - Canvas overall Frame counter: 27980
2020-08-27 17:04:00,828 [INFO] from com.jpro.meta.stream.Util$ in JavaFX Application Thread - Canvas overall bytes: 76164291
2020-08-27 17:04:00,828 [INFO] from com.jpro.meta.stream.Util$ in JavaFX Application Thread - Canvas Frame counter: 2213
2020-08-27 17:04:00,828 [INFO] from com.jpro.meta.stream.Util$ in JavaFX Application Thread - Canvas Frame byts: 6132
2020-08-27 17:04:00,828 [INFO] from com.jpro.meta.stream.Util$ in JavaFX Application Thread - Canvas Frame objs: 18
2020-08-27 17:04:00,828 [INFO] from com.jpro.meta.stream.Util$ in JavaFX Application Thread - Canvas Frame count: 1
2020-08-27 17:04:00,828 [INFO] from com.jpro.meta.stream.Util$ in JavaFX Application Thread - 
2020-08-27 17:04:00,828 [INFO] from com.jpro.meta.stream.Util$ in JavaFX Application Thread - Canvas, id: row-canvas classes: row-canvas
2020-08-27 17:04:00,828 [INFO] from com.jpro.meta.stream.Util$ in JavaFX Application Thread - Canvas overall Frame counter: 27981
2020-08-27 17:04:00,828 [INFO] from com.jpro.meta.stream.Util$ in JavaFX Application Thread - Canvas overall bytes: 76170491
2020-08-27 17:04:00,828 [INFO] from com.jpro.meta.stream.Util$ in JavaFX Application Thread - Canvas Frame counter: 2158
2020-08-27 17:04:00,828 [INFO] from com.jpro.meta.stream.Util$ in JavaFX Application Thread - Canvas Frame byts: 6200
2020-08-27 17:04:00,828 [INFO] from com.jpro.meta.stream.Util$ in JavaFX Application Thread - Canvas Frame objs: 18
2020-08-27 17:04:00,828 [INFO] from com.jpro.meta.stream.Util$ in JavaFX Application Thread - Canvas Frame count: 1
2020-08-27 17:04:00,828 [INFO] from com.jpro.meta.stream.Util$ in JavaFX Application Thread - 
2020-08-27 17:04:00,828 [INFO] from com.jpro.meta.stream.Util$ in JavaFX Application Thread - Canvas, id: row-canvas classes: row-canvas
2020-08-27 17:04:00,828 [INFO] from com.jpro.meta.stream.Util$ in JavaFX Application Thread - Canvas overall Frame counter: 27982
2020-08-27 17:04:00,828 [INFO] from com.jpro.meta.stream.Util$ in JavaFX Application Thread - Canvas overall bytes: 76177677
2020-08-27 17:04:00,828 [INFO] from com.jpro.meta.stream.Util$ in JavaFX Application Thread - Canvas Frame counter: 2149
2020-08-27 17:04:00,828 [INFO] from com.jpro.meta.stream.Util$ in JavaFX Application Thread - Canvas Frame byts: 7186
2020-08-27 17:04:00,828 [INFO] from com.jpro.meta.stream.Util$ in JavaFX Application Thread - Canvas Frame objs: 18
2020-08-27 17:04:00,828 [INFO] from com.jpro.meta.stream.Util$ in JavaFX Application Thread - Canvas Frame count: 1
2020-08-27 17:04:00,828 [INFO] from com.jpro.meta.stream.Util$ in JavaFX Application Thread - 
2020-08-27 17:04:00,828 [INFO] from com.jpro.meta.stream.Util$ in JavaFX Application Thread - Canvas, id: row-canvas classes: row-canvas
2020-08-27 17:04:00,828 [INFO] from com.jpro.meta.stream.Util$ in JavaFX Application Thread - Canvas overall Frame counter: 27983
2020-08-27 17:04:00,828 [INFO] from com.jpro.meta.stream.Util$ in JavaFX Application Thread - Canvas overall bytes: 76183775
2020-08-27 17:04:00,828 [INFO] from com.jpro.meta.stream.Util$ in JavaFX Application Thread - Canvas Frame counter: 2022
2020-08-27 17:04:00,828 [INFO] from com.jpro.meta.stream.Util$ in JavaFX Application Thread - Canvas Frame byts: 6098
2020-08-27 17:04:00,828 [INFO] from com.jpro.meta.stream.Util$ in JavaFX Application Thread - Canvas Frame objs: 18
2020-08-27 17:04:00,828 [INFO] from com.jpro.meta.stream.Util$ in JavaFX Application Thread - Canvas Frame count: 1
2020-08-27 17:04:00,828 [INFO] from com.jpro.meta.stream.Util$ in JavaFX Application Thread - 
2020-08-27 17:04:00,828 [INFO] from com.jpro.meta.stream.Util$ in JavaFX Application Thread - Canvas, id: row-canvas classes: row-canvas
2020-08-27 17:04:00,828 [INFO] from com.jpro.meta.stream.Util$ in JavaFX Application Thread - Canvas overall Frame counter: 27984
2020-08-27 17:04:00,828 [INFO] from com.jpro.meta.stream.Util$ in JavaFX Application Thread - Canvas overall bytes: 76190961
2020-08-27 17:04:00,828 [INFO] from com.jpro.meta.stream.Util$ in JavaFX Application Thread - Canvas Frame counter: 2204
2020-08-27 17:04:00,828 [INFO] from com.jpro.meta.stream.Util$ in JavaFX Application Thread - Canvas Frame byts: 7186
2020-08-27 17:04:00,828 [INFO] from com.jpro.meta.stream.Util$ in JavaFX Application Thread - Canvas Frame objs: 18
2020-08-27 17:04:00,828 [INFO] from com.jpro.meta.stream.Util$ in JavaFX Application Thread - Canvas Frame count: 1
2020-08-27 17:04:00,828 [INFO] from com.jpro.meta.stream.Util$ in JavaFX Application Thread - 
2020-08-27 17:04:00,829 [INFO] from com.jpro.meta.stream.Util$ in JavaFX Application Thread - Canvas, id: row-canvas classes: row-canvas
2020-08-27 17:04:00,829 [INFO] from com.jpro.meta.stream.Util$ in JavaFX Application Thread - Canvas overall Frame counter: 27985
2020-08-27 17:04:00,829 [INFO] from com.jpro.meta.stream.Util$ in JavaFX Application Thread - Canvas overall bytes: 76198147
2020-08-27 17:04:00,829 [INFO] from com.jpro.meta.stream.Util$ in JavaFX Application Thread - Canvas Frame counter: 2287
2020-08-27 17:04:00,829 [INFO] from com.jpro.meta.stream.Util$ in JavaFX Application Thread - Canvas Frame byts: 7186
2020-08-27 17:04:00,829 [INFO] from com.jpro.meta.stream.Util$ in JavaFX Application Thread - Canvas Frame objs: 18
2020-08-27 17:04:00,829 [INFO] from com.jpro.meta.stream.Util$ in JavaFX Application Thread - Canvas Frame count: 1
2020-08-27 17:04:00,829 [INFO] from com.jpro.meta.stream.Util$ in JavaFX Application Thread - 
2020-08-27 17:04:00,829 [INFO] from com.jpro.meta.stream.Util$ in JavaFX Application Thread - Canvas, id: row-canvas classes: row-canvas
2020-08-27 17:04:00,829 [INFO] from com.jpro.meta.stream.Util$ in JavaFX Application Thread - Canvas overall Frame counter: 27986
2020-08-27 17:04:00,829 [INFO] from com.jpro.meta.stream.Util$ in JavaFX Application Thread - Canvas overall bytes: 76203565
2020-08-27 17:04:00,829 [INFO] from com.jpro.meta.stream.Util$ in JavaFX Application Thread - Canvas Frame counter: 2160
2020-08-27 17:04:00,829 [INFO] from com.jpro.meta.stream.Util$ in JavaFX Application Thread - Canvas Frame byts: 5418
2020-08-27 17:04:00,829 [INFO] from com.jpro.meta.stream.Util$ in JavaFX Application Thread - Canvas Frame objs: 18
2020-08-27 17:04:00,829 [INFO] from com.jpro.meta.stream.Util$ in JavaFX Application Thread - Canvas Frame count: 1
2020-08-27 17:04:00,829 [INFO] from com.jpro.meta.stream.Util$ in JavaFX Application Thread - 
2020-08-27 17:04:00,829 [INFO] from com.jpro.meta.stream.Util$ in JavaFX Application Thread - Canvas, id: row-canvas classes: row-canvas
2020-08-27 17:04:00,829 [INFO] from com.jpro.meta.stream.Util$ in JavaFX Application Thread - Canvas overall Frame counter: 27987
2020-08-27 17:04:00,829 [INFO] from com.jpro.meta.stream.Util$ in JavaFX Application Thread - Canvas overall bytes: 76210751
2020-08-27 17:04:00,829 [INFO] from com.jpro.meta.stream.Util$ in JavaFX Application Thread - Canvas Frame counter: 831
2020-08-27 17:04:00,829 [INFO] from com.jpro.meta.stream.Util$ in JavaFX Application Thread - Canvas Frame byts: 7186
2020-08-27 17:04:00,829 [INFO] from com.jpro.meta.stream.Util$ in JavaFX Application Thread - Canvas Frame objs: 18
2020-08-27 17:04:00,829 [INFO] from com.jpro.meta.stream.Util$ in JavaFX Application Thread - Canvas Frame count: 1
2020-08-27 17:04:00,829 [INFO] from com.jpro.meta.stream.Util$ in JavaFX Application Thread - 
2020-08-27 17:04:00,829 [INFO] from com.jpro.meta.stream.Util$ in JavaFX Application Thread - Canvas, id: row-canvas classes: row-canvas
2020-08-27 17:04:00,829 [INFO] from com.jpro.meta.stream.Util$ in JavaFX Application Thread - Canvas overall Frame counter: 27988
2020-08-27 17:04:00,829 [INFO] from com.jpro.meta.stream.Util$ in JavaFX Application Thread - Canvas overall bytes: 76217937
2020-08-27 17:04:00,829 [INFO] from com.jpro.meta.stream.Util$ in JavaFX Application Thread - Canvas Frame counter: 836
2020-08-27 17:04:00,829 [INFO] from com.jpro.meta.stream.Util$ in JavaFX Application Thread - Canvas Frame byts: 7186
2020-08-27 17:04:00,829 [INFO] from com.jpro.meta.stream.Util$ in JavaFX Application Thread - Canvas Frame objs: 18
2020-08-27 17:04:00,829 [INFO] from com.jpro.meta.stream.Util$ in JavaFX Application Thread - Canvas Frame count: 1
2020-08-27 17:04:00,829 [INFO] from com.jpro.meta.stream.Util$ in JavaFX Application Thread - 
2020-08-27 17:04:00,829 [INFO] from com.jpro.meta.stream.Util$ in JavaFX Application Thread - Canvas, id: row-canvas classes: row-canvas
2020-08-27 17:04:00,829 [INFO] from com.jpro.meta.stream.Util$ in JavaFX Application Thread - Canvas overall Frame counter: 27989
2020-08-27 17:04:00,829 [INFO] from com.jpro.meta.stream.Util$ in JavaFX Application Thread - Canvas overall bytes: 76224239
2020-08-27 17:04:00,829 [INFO] from com.jpro.meta.stream.Util$ in JavaFX Application Thread - Canvas Frame counter: 800
2020-08-27 17:04:00,829 [INFO] from com.jpro.meta.stream.Util$ in JavaFX Application Thread - Canvas Frame byts: 6302
2020-08-27 17:04:00,829 [INFO] from com.jpro.meta.stream.Util$ in JavaFX Application Thread - Canvas Frame objs: 18
2020-08-27 17:04:00,829 [INFO] from com.jpro.meta.stream.Util$ in JavaFX Application Thread - Canvas Frame count: 1
2020-08-27 17:04:00,829 [INFO] from com.jpro.meta.stream.Util$ in JavaFX Application Thread - 
2020-08-27 17:04:00,829 [INFO] from com.jpro.meta.stream.Util$ in JavaFX Application Thread - Canvas, id: row-canvas classes: row-canvas
2020-08-27 17:04:00,829 [INFO] from com.jpro.meta.stream.Util$ in JavaFX Application Thread - Canvas overall Frame counter: 27990
2020-08-27 17:04:00,829 [INFO] from com.jpro.meta.stream.Util$ in JavaFX Application Thread - Canvas overall bytes: 76230235
2020-08-27 17:04:00,829 [INFO] from com.jpro.meta.stream.Util$ in JavaFX Application Thread - Canvas Frame counter: 554
2020-08-27 17:04:00,829 [INFO] from com.jpro.meta.stream.Util$ in JavaFX Application Thread - Canvas Frame byts: 5996
2020-08-27 17:04:00,829 [INFO] from com.jpro.meta.stream.Util$ in JavaFX Application Thread - Canvas Frame objs: 18
2020-08-27 17:04:00,829 [INFO] from com.jpro.meta.stream.Util$ in JavaFX Application Thread - Canvas Frame count: 1
2020-08-27 17:04:00,829 [INFO] from com.jpro.meta.stream.Util$ in JavaFX Application Thread - 
2020-08-27 17:04:00,829 [INFO] from com.jpro.meta.stream.Util$ in JavaFX Application Thread - Canvas, id: row-canvas classes: row-canvas
2020-08-27 17:04:00,829 [INFO] from com.jpro.meta.stream.Util$ in JavaFX Application Thread - Canvas overall Frame counter: 27991
2020-08-27 17:04:00,829 [INFO] from com.jpro.meta.stream.Util$ in JavaFX Application Thread - Canvas overall bytes: 76236469
2020-08-27 17:04:00,829 [INFO] from com.jpro.meta.stream.Util$ in JavaFX Application Thread - Canvas Frame counter: 513
2020-08-27 17:04:00,829 [INFO] from com.jpro.meta.stream.Util$ in JavaFX Application Thread - Canvas Frame byts: 6234
2020-08-27 17:04:00,829 [INFO] from com.jpro.meta.stream.Util$ in JavaFX Application Thread - Canvas Frame objs: 18
2020-08-27 17:04:00,829 [INFO] from com.jpro.meta.stream.Util$ in JavaFX Application Thread - Canvas Frame count: 1
2020-08-27 17:04:00,829 [INFO] from com.jpro.meta.stream.Util$ in JavaFX Application Thread - 
2020-08-27 17:04:00,829 [INFO] from com.jpro.meta.stream.Util$ in JavaFX Application Thread - Canvas, id: row-canvas classes: row-canvas
2020-08-27 17:04:00,829 [INFO] from com.jpro.meta.stream.Util$ in JavaFX Application Thread - Canvas overall Frame counter: 27992
2020-08-27 17:04:00,829 [INFO] from com.jpro.meta.stream.Util$ in JavaFX Application Thread - Canvas overall bytes: 76242329
2020-08-27 17:04:00,829 [INFO] from com.jpro.meta.stream.Util$ in JavaFX Application Thread - Canvas Frame counter: 556
2020-08-27 17:04:00,829 [INFO] from com.jpro.meta.stream.Util$ in JavaFX Application Thread - Canvas Frame byts: 5860
2020-08-27 17:04:00,829 [INFO] from com.jpro.meta.stream.Util$ in JavaFX Application Thread - Canvas Frame objs: 18
2020-08-27 17:04:00,829 [INFO] from com.jpro.meta.stream.Util$ in JavaFX Application Thread - Canvas Frame count: 1
2020-08-27 17:04:00,829 [INFO] from com.jpro.meta.stream.Util$ in JavaFX Application Thread - 
2020-08-27 17:04:00,829 [INFO] from com.jpro.meta.stream.Util$ in JavaFX Application Thread - Canvas, id: row-canvas classes: row-canvas
2020-08-27 17:04:00,829 [INFO] from com.jpro.meta.stream.Util$ in JavaFX Application Thread - Canvas overall Frame counter: 27993
2020-08-27 17:04:00,829 [INFO] from com.jpro.meta.stream.Util$ in JavaFX Application Thread - Canvas overall bytes: 76247917
2020-08-27 17:04:00,829 [INFO] from com.jpro.meta.stream.Util$ in JavaFX Application Thread - Canvas Frame counter: 525
2020-08-27 17:04:00,829 [INFO] from com.jpro.meta.stream.Util$ in JavaFX Application Thread - Canvas Frame byts: 5588
2020-08-27 17:04:00,829 [INFO] from com.jpro.meta.stream.Util$ in JavaFX Application Thread - Canvas Frame objs: 18
2020-08-27 17:04:00,829 [INFO] from com.jpro.meta.stream.Util$ in JavaFX Application Thread - Canvas Frame count: 1
2020-08-27 17:04:00,829 [INFO] from com.jpro.meta.stream.Util$ in JavaFX Application Thread - 
2020-08-27 17:04:00,829 [INFO] from com.jpro.meta.stream.Util$ in JavaFX Application Thread - Canvas, id: row-canvas classes: row-canvas
2020-08-27 17:04:00,829 [INFO] from com.jpro.meta.stream.Util$ in JavaFX Application Thread - Canvas overall Frame counter: 27994
2020-08-27 17:04:00,829 [INFO] from com.jpro.meta.stream.Util$ in JavaFX Application Thread - Canvas overall bytes: 76255103
2020-08-27 17:04:00,829 [INFO] from com.jpro.meta.stream.Util$ in JavaFX Application Thread - Canvas Frame counter: 718
2020-08-27 17:04:00,829 [INFO] from com.jpro.meta.stream.Util$ in JavaFX Application Thread - Canvas Frame byts: 7186
2020-08-27 17:04:00,829 [INFO] from com.jpro.meta.stream.Util$ in JavaFX Application Thread - Canvas Frame objs: 18
2020-08-27 17:04:00,829 [INFO] from com.jpro.meta.stream.Util$ in JavaFX Application Thread - Canvas Frame count: 1
2020-08-27 17:04:00,845 [INFO] from com.jpro.meta.stream.Util$ in JavaFX Application Thread - 
2020-08-27 17:04:00,845 [INFO] from com.jpro.meta.stream.Util$ in JavaFX Application Thread - Canvas, id: row-canvas classes: row-canvas
2020-08-27 17:04:00,845 [INFO] from com.jpro.meta.stream.Util$ in JavaFX Application Thread - Canvas overall Frame counter: 27995
2020-08-27 17:04:00,845 [INFO] from com.jpro.meta.stream.Util$ in JavaFX Application Thread - Canvas overall bytes: 76260963
2020-08-27 17:04:00,845 [INFO] from com.jpro.meta.stream.Util$ in JavaFX Application Thread - Canvas Frame counter: 844
2020-08-27 17:04:00,845 [INFO] from com.jpro.meta.stream.Util$ in JavaFX Application Thread - Canvas Frame byts: 5860
2020-08-27 17:04:00,845 [INFO] from com.jpro.meta.stream.Util$ in JavaFX Application Thread - Canvas Frame objs: 18
2020-08-27 17:04:00,845 [INFO] from com.jpro.meta.stream.Util$ in JavaFX Application Thread - Canvas Frame count: 1
2020-08-27 17:04:00,845 [INFO] from com.jpro.meta.stream.Util$ in JavaFX Application Thread - 
2020-08-27 17:04:00,845 [INFO] from com.jpro.meta.stream.Util$ in JavaFX Application Thread - Canvas, id: row-canvas classes: row-canvas
2020-08-27 17:04:00,845 [INFO] from com.jpro.meta.stream.Util$ in JavaFX Application Thread - Canvas overall Frame counter: 27996
2020-08-27 17:04:00,845 [INFO] from com.jpro.meta.stream.Util$ in JavaFX Application Thread - Canvas overall bytes: 76268115
2020-08-27 17:04:00,845 [INFO] from com.jpro.meta.stream.Util$ in JavaFX Application Thread - Canvas Frame counter: 776
2020-08-27 17:04:00,845 [INFO] from com.jpro.meta.stream.Util$ in JavaFX Application Thread - Canvas Frame byts: 7152
2020-08-27 17:04:00,845 [INFO] from com.jpro.meta.stream.Util$ in JavaFX Application Thread - Canvas Frame objs: 18
2020-08-27 17:04:00,845 [INFO] from com.jpro.meta.stream.Util$ in JavaFX Application Thread - Canvas Frame count: 1
2020-08-27 17:04:00,845 [INFO] from com.jpro.meta.stream.Util$ in JavaFX Application Thread - 
2020-08-27 17:04:00,845 [INFO] from com.jpro.meta.stream.Util$ in JavaFX Application Thread - Canvas, id: row-canvas classes: row-canvas
2020-08-27 17:04:00,845 [INFO] from com.jpro.meta.stream.Util$ in JavaFX Application Thread - Canvas overall Frame counter: 27997
2020-08-27 17:04:00,845 [INFO] from com.jpro.meta.stream.Util$ in JavaFX Application Thread - Canvas overall bytes: 76274145
2020-08-27 17:04:00,845 [INFO] from com.jpro.meta.stream.Util$ in JavaFX Application Thread - Canvas Frame counter: 794
2020-08-27 17:04:00,845 [INFO] from com.jpro.meta.stream.Util$ in JavaFX Application Thread - Canvas Frame byts: 6030
2020-08-27 17:04:00,845 [INFO] from com.jpro.meta.stream.Util$ in JavaFX Application Thread - Canvas Frame objs: 18
2020-08-27 17:04:00,845 [INFO] from com.jpro.meta.stream.Util$ in JavaFX Application Thread - Canvas Frame count: 1
2020-08-27 17:04:00,845 [INFO] from com.jpro.meta.stream.Util$ in JavaFX Application Thread - 
2020-08-27 17:04:00,845 [INFO] from com.jpro.meta.stream.Util$ in JavaFX Application Thread - Canvas, id: row-canvas classes: row-canvas
2020-08-27 17:04:00,845 [INFO] from com.jpro.meta.stream.Util$ in JavaFX Application Thread - Canvas overall Frame counter: 27998
2020-08-27 17:04:00,845 [INFO] from com.jpro.meta.stream.Util$ in JavaFX Application Thread - Canvas overall bytes: 76279971
2020-08-27 17:04:00,845 [INFO] from com.jpro.meta.stream.Util$ in JavaFX Application Thread - Canvas Frame counter: 798
2020-08-27 17:04:00,845 [INFO] from com.jpro.meta.stream.Util$ in JavaFX Application Thread - Canvas Frame byts: 5826
2020-08-27 17:04:00,845 [INFO] from com.jpro.meta.stream.Util$ in JavaFX Application Thread - Canvas Frame objs: 18
2020-08-27 17:04:00,845 [INFO] from com.jpro.meta.stream.Util$ in JavaFX Application Thread - Canvas Frame count: 1
2020-08-27 17:04:00,845 [INFO] from com.jpro.meta.stream.Util$ in JavaFX Application Thread - 
2020-08-27 17:04:00,845 [INFO] from com.jpro.meta.stream.Util$ in JavaFX Application Thread - Canvas, id: row-canvas classes: row-canvas
2020-08-27 17:04:00,845 [INFO] from com.jpro.meta.stream.Util$ in JavaFX Application Thread - Canvas overall Frame counter: 27999
2020-08-27 17:04:00,845 [INFO] from com.jpro.meta.stream.Util$ in JavaFX Application Thread - Canvas overall bytes: 76285729
2020-08-27 17:04:00,845 [INFO] from com.jpro.meta.stream.Util$ in JavaFX Application Thread - Canvas Frame counter: 791
2020-08-27 17:04:00,845 [INFO] from com.jpro.meta.stream.Util$ in JavaFX Application Thread - Canvas Frame byts: 5758
2020-08-27 17:04:00,845 [INFO] from com.jpro.meta.stream.Util$ in JavaFX Application Thread - Canvas Frame objs: 18
2020-08-27 17:04:00,845 [INFO] from com.jpro.meta.stream.Util$ in JavaFX Application Thread - Canvas Frame count: 1
2020-08-27 17:04:00,845 [INFO] from com.jpro.meta.stream.Util$ in JavaFX Application Thread - 
2020-08-27 17:04:00,845 [INFO] from com.jpro.meta.stream.Util$ in JavaFX Application Thread - Canvas, id: row-canvas classes: row-canvas
2020-08-27 17:04:00,845 [INFO] from com.jpro.meta.stream.Util$ in JavaFX Application Thread - Canvas overall Frame counter: 28000
2020-08-27 17:04:00,845 [INFO] from com.jpro.meta.stream.Util$ in JavaFX Application Thread - Canvas overall bytes: 76291861
2020-08-27 17:04:00,845 [INFO] from com.jpro.meta.stream.Util$ in JavaFX Application Thread - Canvas Frame counter: 2214
2020-08-27 17:04:00,845 [INFO] from com.jpro.meta.stream.Util$ in JavaFX Application Thread - Canvas Frame byts: 6132
2020-08-27 17:04:00,845 [INFO] from com.jpro.meta.stream.Util$ in JavaFX Application Thread - Canvas Frame objs: 18
2020-08-27 17:04:00,845 [INFO] from com.jpro.meta.stream.Util$ in JavaFX Application Thread - Canvas Frame count: 1
2020-08-27 17:04:00,845 [INFO] from com.jpro.meta.stream.Util$ in JavaFX Application Thread - 
2020-08-27 17:04:00,845 [INFO] from com.jpro.meta.stream.Util$ in JavaFX Application Thread - Canvas, id: row-canvas classes: row-canvas
2020-08-27 17:04:00,845 [INFO] from com.jpro.meta.stream.Util$ in JavaFX Application Thread - Canvas overall Frame counter: 28001
2020-08-27 17:04:00,845 [INFO] from com.jpro.meta.stream.Util$ in JavaFX Application Thread - Canvas overall bytes: 76298061
2020-08-27 17:04:00,845 [INFO] from com.jpro.meta.stream.Util$ in JavaFX Application Thread - Canvas Frame counter: 2159
2020-08-27 17:04:00,845 [INFO] from com.jpro.meta.stream.Util$ in JavaFX Application Thread - Canvas Frame byts: 6200
2020-08-27 17:04:00,845 [INFO] from com.jpro.meta.stream.Util$ in JavaFX Application Thread - Canvas Frame objs: 18
2020-08-27 17:04:00,845 [INFO] from com.jpro.meta.stream.Util$ in JavaFX Application Thread - Canvas Frame count: 1
2020-08-27 17:04:00,845 [INFO] from com.jpro.meta.stream.Util$ in JavaFX Application Thread - 
2020-08-27 17:04:00,845 [INFO] from com.jpro.meta.stream.Util$ in JavaFX Application Thread - Canvas, id: row-canvas classes: row-canvas
2020-08-27 17:04:00,845 [INFO] from com.jpro.meta.stream.Util$ in JavaFX Application Thread - Canvas overall Frame counter: 28002
2020-08-27 17:04:00,845 [INFO] from com.jpro.meta.stream.Util$ in JavaFX Application Thread - Canvas overall bytes: 76305213
2020-08-27 17:04:00,845 [INFO] from com.jpro.meta.stream.Util$ in JavaFX Application Thread - Canvas Frame counter: 2150
2020-08-27 17:04:00,845 [INFO] from com.jpro.meta.stream.Util$ in JavaFX Application Thread - Canvas Frame byts: 7152
2020-08-27 17:04:00,845 [INFO] from com.jpro.meta.stream.Util$ in JavaFX Application Thread - Canvas Frame objs: 18
2020-08-27 17:04:00,845 [INFO] from com.jpro.meta.stream.Util$ in JavaFX Application Thread - Canvas Frame count: 1
2020-08-27 17:04:00,845 [INFO] from com.jpro.meta.stream.Util$ in JavaFX Application Thread - 
2020-08-27 17:04:00,845 [INFO] from com.jpro.meta.stream.Util$ in JavaFX Application Thread - Canvas, id: row-canvas classes: row-canvas
2020-08-27 17:04:00,845 [INFO] from com.jpro.meta.stream.Util$ in JavaFX Application Thread - Canvas overall Frame counter: 28003
2020-08-27 17:04:00,845 [INFO] from com.jpro.meta.stream.Util$ in JavaFX Application Thread - Canvas overall bytes: 76311311
2020-08-27 17:04:00,845 [INFO] from com.jpro.meta.stream.Util$ in JavaFX Application Thread - Canvas Frame counter: 2023
2020-08-27 17:04:00,845 [INFO] from com.jpro.meta.stream.Util$ in JavaFX Application Thread - Canvas Frame byts: 6098
2020-08-27 17:04:00,845 [INFO] from com.jpro.meta.stream.Util$ in JavaFX Application Thread - Canvas Frame objs: 18
2020-08-27 17:04:00,845 [INFO] from com.jpro.meta.stream.Util$ in JavaFX Application Thread - Canvas Frame count: 1
2020-08-27 17:04:00,845 [INFO] from com.jpro.meta.stream.Util$ in JavaFX Application Thread - 
2020-08-27 17:04:00,845 [INFO] from com.jpro.meta.stream.Util$ in JavaFX Application Thread - Canvas, id: row-canvas classes: row-canvas
2020-08-27 17:04:00,845 [INFO] from com.jpro.meta.stream.Util$ in JavaFX Application Thread - Canvas overall Frame counter: 28004
2020-08-27 17:04:00,845 [INFO] from com.jpro.meta.stream.Util$ in JavaFX Application Thread - Canvas overall bytes: 76318463
2020-08-27 17:04:00,845 [INFO] from com.jpro.meta.stream.Util$ in JavaFX Application Thread - Canvas Frame counter: 2205
2020-08-27 17:04:00,845 [INFO] from com.jpro.meta.stream.Util$ in JavaFX Application Thread - Canvas Frame byts: 7152
2020-08-27 17:04:00,845 [INFO] from com.jpro.meta.stream.Util$ in JavaFX Application Thread - Canvas Frame objs: 18
2020-08-27 17:04:00,845 [INFO] from com.jpro.meta.stream.Util$ in JavaFX Application Thread - Canvas Frame count: 1
2020-08-27 17:04:00,845 [INFO] from com.jpro.meta.stream.Util$ in JavaFX Application Thread - 
2020-08-27 17:04:00,845 [INFO] from com.jpro.meta.stream.Util$ in JavaFX Application Thread - Canvas, id: row-canvas classes: row-canvas
2020-08-27 17:04:00,845 [INFO] from com.jpro.meta.stream.Util$ in JavaFX Application Thread - Canvas overall Frame counter: 28005
2020-08-27 17:04:00,845 [INFO] from com.jpro.meta.stream.Util$ in JavaFX Application Thread - Canvas overall bytes: 76325615
2020-08-27 17:04:00,845 [INFO] from com.jpro.meta.stream.Util$ in JavaFX Application Thread - Canvas Frame counter: 2288
2020-08-27 17:04:00,845 [INFO] from com.jpro.meta.stream.Util$ in JavaFX Application Thread - Canvas Frame byts: 7152
2020-08-27 17:04:00,845 [INFO] from com.jpro.meta.stream.Util$ in JavaFX Application Thread - Canvas Frame objs: 18
2020-08-27 17:04:00,845 [INFO] from com.jpro.meta.stream.Util$ in JavaFX Application Thread - Canvas Frame count: 1
2020-08-27 17:04:00,845 [INFO] from com.jpro.meta.stream.Util$ in JavaFX Application Thread - 
2020-08-27 17:04:00,845 [INFO] from com.jpro.meta.stream.Util$ in JavaFX Application Thread - Canvas, id: row-canvas classes: row-canvas
2020-08-27 17:04:00,845 [INFO] from com.jpro.meta.stream.Util$ in JavaFX Application Thread - Canvas overall Frame counter: 28006
2020-08-27 17:04:00,845 [INFO] from com.jpro.meta.stream.Util$ in JavaFX Application Thread - Canvas overall bytes: 76331033
2020-08-27 17:04:00,845 [INFO] from com.jpro.meta.stream.Util$ in JavaFX Application Thread - Canvas Frame counter: 2161
2020-08-27 17:04:00,845 [INFO] from com.jpro.meta.stream.Util$ in JavaFX Application Thread - Canvas Frame byts: 5418
2020-08-27 17:04:00,845 [INFO] from com.jpro.meta.stream.Util$ in JavaFX Application Thread - Canvas Frame objs: 18
2020-08-27 17:04:00,845 [INFO] from com.jpro.meta.stream.Util$ in JavaFX Application Thread - Canvas Frame count: 1
2020-08-27 17:04:00,845 [INFO] from com.jpro.meta.stream.Util$ in JavaFX Application Thread - 
2020-08-27 17:04:00,845 [INFO] from com.jpro.meta.stream.Util$ in JavaFX Application Thread - Canvas, id: row-canvas classes: row-canvas
2020-08-27 17:04:00,845 [INFO] from com.jpro.meta.stream.Util$ in JavaFX Application Thread - Canvas overall Frame counter: 28007
2020-08-27 17:04:00,845 [INFO] from com.jpro.meta.stream.Util$ in JavaFX Application Thread - Canvas overall bytes: 76338185
2020-08-27 17:04:00,845 [INFO] from com.jpro.meta.stream.Util$ in JavaFX Application Thread - Canvas Frame counter: 832
2020-08-27 17:04:00,845 [INFO] from com.jpro.meta.stream.Util$ in JavaFX Application Thread - Canvas Frame byts: 7152
2020-08-27 17:04:00,845 [INFO] from com.jpro.meta.stream.Util$ in JavaFX Application Thread - Canvas Frame objs: 18
2020-08-27 17:04:00,845 [INFO] from com.jpro.meta.stream.Util$ in JavaFX Application Thread - Canvas Frame count: 1
2020-08-27 17:04:00,846 [INFO] from com.jpro.meta.stream.Util$ in JavaFX Application Thread - 
2020-08-27 17:04:00,846 [INFO] from com.jpro.meta.stream.Util$ in JavaFX Application Thread - Canvas, id: row-canvas classes: row-canvas
2020-08-27 17:04:00,846 [INFO] from com.jpro.meta.stream.Util$ in JavaFX Application Thread - Canvas overall Frame counter: 28008
2020-08-27 17:04:00,846 [INFO] from com.jpro.meta.stream.Util$ in JavaFX Application Thread - Canvas overall bytes: 76345337
2020-08-27 17:04:00,846 [INFO] from com.jpro.meta.stream.Util$ in JavaFX Application Thread - Canvas Frame counter: 837
2020-08-27 17:04:00,846 [INFO] from com.jpro.meta.stream.Util$ in JavaFX Application Thread - Canvas Frame byts: 7152
2020-08-27 17:04:00,846 [INFO] from com.jpro.meta.stream.Util$ in JavaFX Application Thread - Canvas Frame objs: 18
2020-08-27 17:04:00,846 [INFO] from com.jpro.meta.stream.Util$ in JavaFX Application Thread - Canvas Frame count: 1
2020-08-27 17:04:00,846 [INFO] from com.jpro.meta.stream.Util$ in JavaFX Application Thread - 
2020-08-27 17:04:00,846 [INFO] from com.jpro.meta.stream.Util$ in JavaFX Application Thread - Canvas, id: row-canvas classes: row-canvas
2020-08-27 17:04:00,846 [INFO] from com.jpro.meta.stream.Util$ in JavaFX Application Thread - Canvas overall Frame counter: 28009
2020-08-27 17:04:00,846 [INFO] from com.jpro.meta.stream.Util$ in JavaFX Application Thread - Canvas overall bytes: 76351639
2020-08-27 17:04:00,846 [INFO] from com.jpro.meta.stream.Util$ in JavaFX Application Thread - Canvas Frame counter: 801
2020-08-27 17:04:00,846 [INFO] from com.jpro.meta.stream.Util$ in JavaFX Application Thread - Canvas Frame byts: 6302
2020-08-27 17:04:00,846 [INFO] from com.jpro.meta.stream.Util$ in JavaFX Application Thread - Canvas Frame objs: 18
2020-08-27 17:04:00,846 [INFO] from com.jpro.meta.stream.Util$ in JavaFX Application Thread - Canvas Frame count: 1
2020-08-27 17:04:00,846 [INFO] from com.jpro.meta.stream.Util$ in JavaFX Application Thread - 
2020-08-27 17:04:00,846 [INFO] from com.jpro.meta.stream.Util$ in JavaFX Application Thread - Canvas, id: row-canvas classes: row-canvas
2020-08-27 17:04:00,846 [INFO] from com.jpro.meta.stream.Util$ in JavaFX Application Thread - Canvas overall Frame counter: 28010
2020-08-27 17:04:00,846 [INFO] from com.jpro.meta.stream.Util$ in JavaFX Application Thread - Canvas overall bytes: 76357635
2020-08-27 17:04:00,846 [INFO] from com.jpro.meta.stream.Util$ in JavaFX Application Thread - Canvas Frame counter: 555
2020-08-27 17:04:00,846 [INFO] from com.jpro.meta.stream.Util$ in JavaFX Application Thread - Canvas Frame byts: 5996
2020-08-27 17:04:00,846 [INFO] from com.jpro.meta.stream.Util$ in JavaFX Application Thread - Canvas Frame objs: 18
2020-08-27 17:04:00,846 [INFO] from com.jpro.meta.stream.Util$ in JavaFX Application Thread - Canvas Frame count: 1
2020-08-27 17:04:00,846 [INFO] from com.jpro.meta.stream.Util$ in JavaFX Application Thread - 
2020-08-27 17:04:00,846 [INFO] from com.jpro.meta.stream.Util$ in JavaFX Application Thread - Canvas, id: row-canvas classes: row-canvas
2020-08-27 17:04:00,846 [INFO] from com.jpro.meta.stream.Util$ in JavaFX Application Thread - Canvas overall Frame counter: 28011
2020-08-27 17:04:00,846 [INFO] from com.jpro.meta.stream.Util$ in JavaFX Application Thread - Canvas overall bytes: 76363869
2020-08-27 17:04:00,846 [INFO] from com.jpro.meta.stream.Util$ in JavaFX Application Thread - Canvas Frame counter: 514
2020-08-27 17:04:00,846 [INFO] from com.jpro.meta.stream.Util$ in JavaFX Application Thread - Canvas Frame byts: 6234
2020-08-27 17:04:00,846 [INFO] from com.jpro.meta.stream.Util$ in JavaFX Application Thread - Canvas Frame objs: 18
2020-08-27 17:04:00,846 [INFO] from com.jpro.meta.stream.Util$ in JavaFX Application Thread - Canvas Frame count: 1
2020-08-27 17:04:00,846 [INFO] from com.jpro.meta.stream.Util$ in JavaFX Application Thread - 
2020-08-27 17:04:00,846 [INFO] from com.jpro.meta.stream.Util$ in JavaFX Application Thread - Canvas, id: row-canvas classes: row-canvas
2020-08-27 17:04:00,846 [INFO] from com.jpro.meta.stream.Util$ in JavaFX Application Thread - Canvas overall Frame counter: 28012
2020-08-27 17:04:00,846 [INFO] from com.jpro.meta.stream.Util$ in JavaFX Application Thread - Canvas overall bytes: 76369729
2020-08-27 17:04:00,846 [INFO] from com.jpro.meta.stream.Util$ in JavaFX Application Thread - Canvas Frame counter: 557
2020-08-27 17:04:00,846 [INFO] from com.jpro.meta.stream.Util$ in JavaFX Application Thread - Canvas Frame byts: 5860
2020-08-27 17:04:00,846 [INFO] from com.jpro.meta.stream.Util$ in JavaFX Application Thread - Canvas Frame objs: 18
2020-08-27 17:04:00,846 [INFO] from com.jpro.meta.stream.Util$ in JavaFX Application Thread - Canvas Frame count: 1
2020-08-27 17:04:00,846 [INFO] from com.jpro.meta.stream.Util$ in JavaFX Application Thread - 
2020-08-27 17:04:00,846 [INFO] from com.jpro.meta.stream.Util$ in JavaFX Application Thread - Canvas, id: row-canvas classes: row-canvas
2020-08-27 17:04:00,846 [INFO] from com.jpro.meta.stream.Util$ in JavaFX Application Thread - Canvas overall Frame counter: 28013
2020-08-27 17:04:00,846 [INFO] from com.jpro.meta.stream.Util$ in JavaFX Application Thread - Canvas overall bytes: 76375317
2020-08-27 17:04:00,846 [INFO] from com.jpro.meta.stream.Util$ in JavaFX Application Thread - Canvas Frame counter: 526
2020-08-27 17:04:00,846 [INFO] from com.jpro.meta.stream.Util$ in JavaFX Application Thread - Canvas Frame byts: 5588
2020-08-27 17:04:00,846 [INFO] from com.jpro.meta.stream.Util$ in JavaFX Application Thread - Canvas Frame objs: 18
2020-08-27 17:04:00,846 [INFO] from com.jpro.meta.stream.Util$ in JavaFX Application Thread - Canvas Frame count: 1
2020-08-27 17:04:00,846 [INFO] from com.jpro.meta.stream.Util$ in JavaFX Application Thread - 
2020-08-27 17:04:00,846 [INFO] from com.jpro.meta.stream.Util$ in JavaFX Application Thread - Canvas, id: row-canvas classes: row-canvas
2020-08-27 17:04:00,846 [INFO] from com.jpro.meta.stream.Util$ in JavaFX Application Thread - Canvas overall Frame counter: 28014
2020-08-27 17:04:00,846 [INFO] from com.jpro.meta.stream.Util$ in JavaFX Application Thread - Canvas overall bytes: 76382469
2020-08-27 17:04:00,846 [INFO] from com.jpro.meta.stream.Util$ in JavaFX Application Thread - Canvas Frame counter: 719
2020-08-27 17:04:00,846 [INFO] from com.jpro.meta.stream.Util$ in JavaFX Application Thread - Canvas Frame byts: 7152
2020-08-27 17:04:00,846 [INFO] from com.jpro.meta.stream.Util$ in JavaFX Application Thread - Canvas Frame objs: 18
2020-08-27 17:04:00,846 [INFO] from com.jpro.meta.stream.Util$ in JavaFX Application Thread - Canvas Frame count: 1
2020-08-27 17:04:00,902 [INFO] from com.jpro.meta.stream.Util$ in JavaFX Application Thread - 
2020-08-27 17:04:00,902 [INFO] from com.jpro.meta.stream.Util$ in JavaFX Application Thread - Canvas, id: row-canvas classes: row-canvas
2020-08-27 17:04:00,902 [INFO] from com.jpro.meta.stream.Util$ in JavaFX Application Thread - Canvas overall Frame counter: 28015
2020-08-27 17:04:00,902 [INFO] from com.jpro.meta.stream.Util$ in JavaFX Application Thread - Canvas overall bytes: 76388329
2020-08-27 17:04:00,902 [INFO] from com.jpro.meta.stream.Util$ in JavaFX Application Thread - Canvas Frame counter: 845
2020-08-27 17:04:00,902 [INFO] from com.jpro.meta.stream.Util$ in JavaFX Application Thread - Canvas Frame byts: 5860
2020-08-27 17:04:00,902 [INFO] from com.jpro.meta.stream.Util$ in JavaFX Application Thread - Canvas Frame objs: 18
2020-08-27 17:04:00,902 [INFO] from com.jpro.meta.stream.Util$ in JavaFX Application Thread - Canvas Frame count: 1
2020-08-27 17:04:00,902 [INFO] from com.jpro.meta.stream.Util$ in JavaFX Application Thread - 
2020-08-27 17:04:00,902 [INFO] from com.jpro.meta.stream.Util$ in JavaFX Application Thread - Canvas, id: row-canvas classes: row-canvas
2020-08-27 17:04:00,902 [INFO] from com.jpro.meta.stream.Util$ in JavaFX Application Thread - Canvas overall Frame counter: 28016
2020-08-27 17:04:00,902 [INFO] from com.jpro.meta.stream.Util$ in JavaFX Application Thread - Canvas overall bytes: 76395481
2020-08-27 17:04:00,902 [INFO] from com.jpro.meta.stream.Util$ in JavaFX Application Thread - Canvas Frame counter: 777
2020-08-27 17:04:00,902 [INFO] from com.jpro.meta.stream.Util$ in JavaFX Application Thread - Canvas Frame byts: 7152
2020-08-27 17:04:00,902 [INFO] from com.jpro.meta.stream.Util$ in JavaFX Application Thread - Canvas Frame objs: 18
2020-08-27 17:04:00,902 [INFO] from com.jpro.meta.stream.Util$ in JavaFX Application Thread - Canvas Frame count: 1
2020-08-27 17:04:00,902 [INFO] from com.jpro.meta.stream.Util$ in JavaFX Application Thread - 
2020-08-27 17:04:00,902 [INFO] from com.jpro.meta.stream.Util$ in JavaFX Application Thread - Canvas, id: row-canvas classes: row-canvas
2020-08-27 17:04:00,902 [INFO] from com.jpro.meta.stream.Util$ in JavaFX Application Thread - Canvas overall Frame counter: 28017
2020-08-27 17:04:00,902 [INFO] from com.jpro.meta.stream.Util$ in JavaFX Application Thread - Canvas overall bytes: 76401511
2020-08-27 17:04:00,902 [INFO] from com.jpro.meta.stream.Util$ in JavaFX Application Thread - Canvas Frame counter: 795
2020-08-27 17:04:00,902 [INFO] from com.jpro.meta.stream.Util$ in JavaFX Application Thread - Canvas Frame byts: 6030
2020-08-27 17:04:00,902 [INFO] from com.jpro.meta.stream.Util$ in JavaFX Application Thread - Canvas Frame objs: 18
2020-08-27 17:04:00,902 [INFO] from com.jpro.meta.stream.Util$ in JavaFX Application Thread - Canvas Frame count: 1
2020-08-27 17:04:00,902 [INFO] from com.jpro.meta.stream.Util$ in JavaFX Application Thread - 
2020-08-27 17:04:00,902 [INFO] from com.jpro.meta.stream.Util$ in JavaFX Application Thread - Canvas, id: row-canvas classes: row-canvas
2020-08-27 17:04:00,902 [INFO] from com.jpro.meta.stream.Util$ in JavaFX Application Thread - Canvas overall Frame counter: 28018
2020-08-27 17:04:00,902 [INFO] from com.jpro.meta.stream.Util$ in JavaFX Application Thread - Canvas overall bytes: 76407337
2020-08-27 17:04:00,902 [INFO] from com.jpro.meta.stream.Util$ in JavaFX Application Thread - Canvas Frame counter: 799
2020-08-27 17:04:00,902 [INFO] from com.jpro.meta.stream.Util$ in JavaFX Application Thread - Canvas Frame byts: 5826
2020-08-27 17:04:00,902 [INFO] from com.jpro.meta.stream.Util$ in JavaFX Application Thread - Canvas Frame objs: 18
2020-08-27 17:04:00,902 [INFO] from com.jpro.meta.stream.Util$ in JavaFX Application Thread - Canvas Frame count: 1
2020-08-27 17:04:00,902 [INFO] from com.jpro.meta.stream.Util$ in JavaFX Application Thread - 
2020-08-27 17:04:00,902 [INFO] from com.jpro.meta.stream.Util$ in JavaFX Application Thread - Canvas, id: row-canvas classes: row-canvas
2020-08-27 17:04:00,902 [INFO] from com.jpro.meta.stream.Util$ in JavaFX Application Thread - Canvas overall Frame counter: 28019
2020-08-27 17:04:00,902 [INFO] from com.jpro.meta.stream.Util$ in JavaFX Application Thread - Canvas overall bytes: 76413095
2020-08-27 17:04:00,902 [INFO] from com.jpro.meta.stream.Util$ in JavaFX Application Thread - Canvas Frame counter: 792
2020-08-27 17:04:00,902 [INFO] from com.jpro.meta.stream.Util$ in JavaFX Application Thread - Canvas Frame byts: 5758
2020-08-27 17:04:00,902 [INFO] from com.jpro.meta.stream.Util$ in JavaFX Application Thread - Canvas Frame objs: 18
2020-08-27 17:04:00,902 [INFO] from com.jpro.meta.stream.Util$ in JavaFX Application Thread - Canvas Frame count: 1
2020-08-27 17:04:00,902 [INFO] from com.jpro.meta.stream.Util$ in JavaFX Application Thread - 
2020-08-27 17:04:00,902 [INFO] from com.jpro.meta.stream.Util$ in JavaFX Application Thread - Canvas, id: row-canvas classes: row-canvas
2020-08-27 17:04:00,902 [INFO] from com.jpro.meta.stream.Util$ in JavaFX Application Thread - Canvas overall Frame counter: 28020
2020-08-27 17:04:00,902 [INFO] from com.jpro.meta.stream.Util$ in JavaFX Application Thread - Canvas overall bytes: 76419227
2020-08-27 17:04:00,902 [INFO] from com.jpro.meta.stream.Util$ in JavaFX Application Thread - Canvas Frame counter: 2215
2020-08-27 17:04:00,902 [INFO] from com.jpro.meta.stream.Util$ in JavaFX Application Thread - Canvas Frame byts: 6132
2020-08-27 17:04:00,902 [INFO] from com.jpro.meta.stream.Util$ in JavaFX Application Thread - Canvas Frame objs: 18
2020-08-27 17:04:00,902 [INFO] from com.jpro.meta.stream.Util$ in JavaFX Application Thread - Canvas Frame count: 1
2020-08-27 17:04:00,902 [INFO] from com.jpro.meta.stream.Util$ in JavaFX Application Thread - 
2020-08-27 17:04:00,902 [INFO] from com.jpro.meta.stream.Util$ in JavaFX Application Thread - Canvas, id: row-canvas classes: row-canvas
2020-08-27 17:04:00,902 [INFO] from com.jpro.meta.stream.Util$ in JavaFX Application Thread - Canvas overall Frame counter: 28021
2020-08-27 17:04:00,902 [INFO] from com.jpro.meta.stream.Util$ in JavaFX Application Thread - Canvas overall bytes: 76425427
2020-08-27 17:04:00,902 [INFO] from com.jpro.meta.stream.Util$ in JavaFX Application Thread - Canvas Frame counter: 2160
2020-08-27 17:04:00,902 [INFO] from com.jpro.meta.stream.Util$ in JavaFX Application Thread - Canvas Frame byts: 6200
2020-08-27 17:04:00,902 [INFO] from com.jpro.meta.stream.Util$ in JavaFX Application Thread - Canvas Frame objs: 18
2020-08-27 17:04:00,902 [INFO] from com.jpro.meta.stream.Util$ in JavaFX Application Thread - Canvas Frame count: 1
2020-08-27 17:04:00,902 [INFO] from com.jpro.meta.stream.Util$ in JavaFX Application Thread - 
2020-08-27 17:04:00,902 [INFO] from com.jpro.meta.stream.Util$ in JavaFX Application Thread - Canvas, id: row-canvas classes: row-canvas
2020-08-27 17:04:00,902 [INFO] from com.jpro.meta.stream.Util$ in JavaFX Application Thread - Canvas overall Frame counter: 28022
2020-08-27 17:04:00,902 [INFO] from com.jpro.meta.stream.Util$ in JavaFX Application Thread - Canvas overall bytes: 76432579
2020-08-27 17:04:00,902 [INFO] from com.jpro.meta.stream.Util$ in JavaFX Application Thread - Canvas Frame counter: 2151
2020-08-27 17:04:00,902 [INFO] from com.jpro.meta.stream.Util$ in JavaFX Application Thread - Canvas Frame byts: 7152
2020-08-27 17:04:00,902 [INFO] from com.jpro.meta.stream.Util$ in JavaFX Application Thread - Canvas Frame objs: 18
2020-08-27 17:04:00,902 [INFO] from com.jpro.meta.stream.Util$ in JavaFX Application Thread - Canvas Frame count: 1
2020-08-27 17:04:00,902 [INFO] from com.jpro.meta.stream.Util$ in JavaFX Application Thread - 
2020-08-27 17:04:00,902 [INFO] from com.jpro.meta.stream.Util$ in JavaFX Application Thread - Canvas, id: row-canvas classes: row-canvas
2020-08-27 17:04:00,902 [INFO] from com.jpro.meta.stream.Util$ in JavaFX Application Thread - Canvas overall Frame counter: 28023
2020-08-27 17:04:00,902 [INFO] from com.jpro.meta.stream.Util$ in JavaFX Application Thread - Canvas overall bytes: 76438677
2020-08-27 17:04:00,902 [INFO] from com.jpro.meta.stream.Util$ in JavaFX Application Thread - Canvas Frame counter: 2024
2020-08-27 17:04:00,902 [INFO] from com.jpro.meta.stream.Util$ in JavaFX Application Thread - Canvas Frame byts: 6098
2020-08-27 17:04:00,902 [INFO] from com.jpro.meta.stream.Util$ in JavaFX Application Thread - Canvas Frame objs: 18
2020-08-27 17:04:00,902 [INFO] from com.jpro.meta.stream.Util$ in JavaFX Application Thread - Canvas Frame count: 1
2020-08-27 17:04:00,902 [INFO] from com.jpro.meta.stream.Util$ in JavaFX Application Thread - 
2020-08-27 17:04:00,902 [INFO] from com.jpro.meta.stream.Util$ in JavaFX Application Thread - Canvas, id: row-canvas classes: row-canvas
2020-08-27 17:04:00,902 [INFO] from com.jpro.meta.stream.Util$ in JavaFX Application Thread - Canvas overall Frame counter: 28024
2020-08-27 17:04:00,902 [INFO] from com.jpro.meta.stream.Util$ in JavaFX Application Thread - Canvas overall bytes: 76445829
2020-08-27 17:04:00,902 [INFO] from com.jpro.meta.stream.Util$ in JavaFX Application Thread - Canvas Frame counter: 2206
2020-08-27 17:04:00,902 [INFO] from com.jpro.meta.stream.Util$ in JavaFX Application Thread - Canvas Frame byts: 7152
2020-08-27 17:04:00,902 [INFO] from com.jpro.meta.stream.Util$ in JavaFX Application Thread - Canvas Frame objs: 18
2020-08-27 17:04:00,902 [INFO] from com.jpro.meta.stream.Util$ in JavaFX Application Thread - Canvas Frame count: 1
2020-08-27 17:04:00,902 [INFO] from com.jpro.meta.stream.Util$ in JavaFX Application Thread - 
2020-08-27 17:04:00,902 [INFO] from com.jpro.meta.stream.Util$ in JavaFX Application Thread - Canvas, id: row-canvas classes: row-canvas
2020-08-27 17:04:00,902 [INFO] from com.jpro.meta.stream.Util$ in JavaFX Application Thread - Canvas overall Frame counter: 28025
2020-08-27 17:04:00,902 [INFO] from com.jpro.meta.stream.Util$ in JavaFX Application Thread - Canvas overall bytes: 76452981
2020-08-27 17:04:00,902 [INFO] from com.jpro.meta.stream.Util$ in JavaFX Application Thread - Canvas Frame counter: 2289
2020-08-27 17:04:00,902 [INFO] from com.jpro.meta.stream.Util$ in JavaFX Application Thread - Canvas Frame byts: 7152
2020-08-27 17:04:00,902 [INFO] from com.jpro.meta.stream.Util$ in JavaFX Application Thread - Canvas Frame objs: 18
2020-08-27 17:04:00,902 [INFO] from com.jpro.meta.stream.Util$ in JavaFX Application Thread - Canvas Frame count: 1
2020-08-27 17:04:00,902 [INFO] from com.jpro.meta.stream.Util$ in JavaFX Application Thread - 
2020-08-27 17:04:00,902 [INFO] from com.jpro.meta.stream.Util$ in JavaFX Application Thread - Canvas, id: row-canvas classes: row-canvas
2020-08-27 17:04:00,902 [INFO] from com.jpro.meta.stream.Util$ in JavaFX Application Thread - Canvas overall Frame counter: 28026
2020-08-27 17:04:00,902 [INFO] from com.jpro.meta.stream.Util$ in JavaFX Application Thread - Canvas overall bytes: 76458399
2020-08-27 17:04:00,902 [INFO] from com.jpro.meta.stream.Util$ in JavaFX Application Thread - Canvas Frame counter: 2162
2020-08-27 17:04:00,902 [INFO] from com.jpro.meta.stream.Util$ in JavaFX Application Thread - Canvas Frame byts: 5418
2020-08-27 17:04:00,902 [INFO] from com.jpro.meta.stream.Util$ in JavaFX Application Thread - Canvas Frame objs: 18
2020-08-27 17:04:00,902 [INFO] from com.jpro.meta.stream.Util$ in JavaFX Application Thread - Canvas Frame count: 1
2020-08-27 17:04:00,902 [INFO] from com.jpro.meta.stream.Util$ in JavaFX Application Thread - 
2020-08-27 17:04:00,903 [INFO] from com.jpro.meta.stream.Util$ in JavaFX Application Thread - Canvas, id: row-canvas classes: row-canvas
2020-08-27 17:04:00,903 [INFO] from com.jpro.meta.stream.Util$ in JavaFX Application Thread - Canvas overall Frame counter: 28027
2020-08-27 17:04:00,903 [INFO] from com.jpro.meta.stream.Util$ in JavaFX Application Thread - Canvas overall bytes: 76465551
2020-08-27 17:04:00,903 [INFO] from com.jpro.meta.stream.Util$ in JavaFX Application Thread - Canvas Frame counter: 833
2020-08-27 17:04:00,903 [INFO] from com.jpro.meta.stream.Util$ in JavaFX Application Thread - Canvas Frame byts: 7152
2020-08-27 17:04:00,903 [INFO] from com.jpro.meta.stream.Util$ in JavaFX Application Thread - Canvas Frame objs: 18
2020-08-27 17:04:00,903 [INFO] from com.jpro.meta.stream.Util$ in JavaFX Application Thread - Canvas Frame count: 1
2020-08-27 17:04:00,903 [INFO] from com.jpro.meta.stream.Util$ in JavaFX Application Thread - 
2020-08-27 17:04:00,903 [INFO] from com.jpro.meta.stream.Util$ in JavaFX Application Thread - Canvas, id: row-canvas classes: row-canvas
2020-08-27 17:04:00,903 [INFO] from com.jpro.meta.stream.Util$ in JavaFX Application Thread - Canvas overall Frame counter: 28028
2020-08-27 17:04:00,903 [INFO] from com.jpro.meta.stream.Util$ in JavaFX Application Thread - Canvas overall bytes: 76472703
2020-08-27 17:04:00,903 [INFO] from com.jpro.meta.stream.Util$ in JavaFX Application Thread - Canvas Frame counter: 838
2020-08-27 17:04:00,903 [INFO] from com.jpro.meta.stream.Util$ in JavaFX Application Thread - Canvas Frame byts: 7152
2020-08-27 17:04:00,903 [INFO] from com.jpro.meta.stream.Util$ in JavaFX Application Thread - Canvas Frame objs: 18
2020-08-27 17:04:00,903 [INFO] from com.jpro.meta.stream.Util$ in JavaFX Application Thread - Canvas Frame count: 1
2020-08-27 17:04:00,903 [INFO] from com.jpro.meta.stream.Util$ in JavaFX Application Thread - 
2020-08-27 17:04:00,903 [INFO] from com.jpro.meta.stream.Util$ in JavaFX Application Thread - Canvas, id: row-canvas classes: row-canvas
2020-08-27 17:04:00,903 [INFO] from com.jpro.meta.stream.Util$ in JavaFX Application Thread - Canvas overall Frame counter: 28029
2020-08-27 17:04:00,903 [INFO] from com.jpro.meta.stream.Util$ in JavaFX Application Thread - Canvas overall bytes: 76479005
2020-08-27 17:04:00,903 [INFO] from com.jpro.meta.stream.Util$ in JavaFX Application Thread - Canvas Frame counter: 802
2020-08-27 17:04:00,903 [INFO] from com.jpro.meta.stream.Util$ in JavaFX Application Thread - Canvas Frame byts: 6302
2020-08-27 17:04:00,903 [INFO] from com.jpro.meta.stream.Util$ in JavaFX Application Thread - Canvas Frame objs: 18
2020-08-27 17:04:00,903 [INFO] from com.jpro.meta.stream.Util$ in JavaFX Application Thread - Canvas Frame count: 1
2020-08-27 17:04:00,903 [INFO] from com.jpro.meta.stream.Util$ in JavaFX Application Thread - 
2020-08-27 17:04:00,903 [INFO] from com.jpro.meta.stream.Util$ in JavaFX Application Thread - Canvas, id: row-canvas classes: row-canvas
2020-08-27 17:04:00,903 [INFO] from com.jpro.meta.stream.Util$ in JavaFX Application Thread - Canvas overall Frame counter: 28030
2020-08-27 17:04:00,903 [INFO] from com.jpro.meta.stream.Util$ in JavaFX Application Thread - Canvas overall bytes: 76485001
2020-08-27 17:04:00,903 [INFO] from com.jpro.meta.stream.Util$ in JavaFX Application Thread - Canvas Frame counter: 556
2020-08-27 17:04:00,903 [INFO] from com.jpro.meta.stream.Util$ in JavaFX Application Thread - Canvas Frame byts: 5996
2020-08-27 17:04:00,903 [INFO] from com.jpro.meta.stream.Util$ in JavaFX Application Thread - Canvas Frame objs: 18
2020-08-27 17:04:00,903 [INFO] from com.jpro.meta.stream.Util$ in JavaFX Application Thread - Canvas Frame count: 1
2020-08-27 17:04:00,903 [INFO] from com.jpro.meta.stream.Util$ in JavaFX Application Thread - 
2020-08-27 17:04:00,903 [INFO] from com.jpro.meta.stream.Util$ in JavaFX Application Thread - Canvas, id: row-canvas classes: row-canvas
2020-08-27 17:04:00,903 [INFO] from com.jpro.meta.stream.Util$ in JavaFX Application Thread - Canvas overall Frame counter: 28031
2020-08-27 17:04:00,903 [INFO] from com.jpro.meta.stream.Util$ in JavaFX Application Thread - Canvas overall bytes: 76491235
2020-08-27 17:04:00,903 [INFO] from com.jpro.meta.stream.Util$ in JavaFX Application Thread - Canvas Frame counter: 515
2020-08-27 17:04:00,903 [INFO] from com.jpro.meta.stream.Util$ in JavaFX Application Thread - Canvas Frame byts: 6234
2020-08-27 17:04:00,903 [INFO] from com.jpro.meta.stream.Util$ in JavaFX Application Thread - Canvas Frame objs: 18
2020-08-27 17:04:00,903 [INFO] from com.jpro.meta.stream.Util$ in JavaFX Application Thread - Canvas Frame count: 1
2020-08-27 17:04:00,903 [INFO] from com.jpro.meta.stream.Util$ in JavaFX Application Thread - 
2020-08-27 17:04:00,903 [INFO] from com.jpro.meta.stream.Util$ in JavaFX Application Thread - Canvas, id: row-canvas classes: row-canvas
2020-08-27 17:04:00,903 [INFO] from com.jpro.meta.stream.Util$ in JavaFX Application Thread - Canvas overall Frame counter: 28032
2020-08-27 17:04:00,903 [INFO] from com.jpro.meta.stream.Util$ in JavaFX Application Thread - Canvas overall bytes: 76497095
2020-08-27 17:04:00,903 [INFO] from com.jpro.meta.stream.Util$ in JavaFX Application Thread - Canvas Frame counter: 558
2020-08-27 17:04:00,903 [INFO] from com.jpro.meta.stream.Util$ in JavaFX Application Thread - Canvas Frame byts: 5860
2020-08-27 17:04:00,903 [INFO] from com.jpro.meta.stream.Util$ in JavaFX Application Thread - Canvas Frame objs: 18
2020-08-27 17:04:00,903 [INFO] from com.jpro.meta.stream.Util$ in JavaFX Application Thread - Canvas Frame count: 1
2020-08-27 17:04:00,903 [INFO] from com.jpro.meta.stream.Util$ in JavaFX Application Thread - 
2020-08-27 17:04:00,903 [INFO] from com.jpro.meta.stream.Util$ in JavaFX Application Thread - Canvas, id: row-canvas classes: row-canvas
2020-08-27 17:04:00,903 [INFO] from com.jpro.meta.stream.Util$ in JavaFX Application Thread - Canvas overall Frame counter: 28033
2020-08-27 17:04:00,903 [INFO] from com.jpro.meta.stream.Util$ in JavaFX Application Thread - Canvas overall bytes: 76502683
2020-08-27 17:04:00,903 [INFO] from com.jpro.meta.stream.Util$ in JavaFX Application Thread - Canvas Frame counter: 527
2020-08-27 17:04:00,903 [INFO] from com.jpro.meta.stream.Util$ in JavaFX Application Thread - Canvas Frame byts: 5588
2020-08-27 17:04:00,903 [INFO] from com.jpro.meta.stream.Util$ in JavaFX Application Thread - Canvas Frame objs: 18
2020-08-27 17:04:00,903 [INFO] from com.jpro.meta.stream.Util$ in JavaFX Application Thread - Canvas Frame count: 1
2020-08-27 17:04:00,903 [INFO] from com.jpro.meta.stream.Util$ in JavaFX Application Thread - 
2020-08-27 17:04:00,903 [INFO] from com.jpro.meta.stream.Util$ in JavaFX Application Thread - Canvas, id: row-canvas classes: row-canvas
2020-08-27 17:04:00,903 [INFO] from com.jpro.meta.stream.Util$ in JavaFX Application Thread - Canvas overall Frame counter: 28034
2020-08-27 17:04:00,903 [INFO] from com.jpro.meta.stream.Util$ in JavaFX Application Thread - Canvas overall bytes: 76509835
2020-08-27 17:04:00,903 [INFO] from com.jpro.meta.stream.Util$ in JavaFX Application Thread - Canvas Frame counter: 720
2020-08-27 17:04:00,903 [INFO] from com.jpro.meta.stream.Util$ in JavaFX Application Thread - Canvas Frame byts: 7152
2020-08-27 17:04:00,903 [INFO] from com.jpro.meta.stream.Util$ in JavaFX Application Thread - Canvas Frame objs: 18
2020-08-27 17:04:00,903 [INFO] from com.jpro.meta.stream.Util$ in JavaFX Application Thread - Canvas Frame count: 1
2020-08-27 17:04:00,967 [INFO] from com.jpro.meta.stream.Util$ in JavaFX Application Thread - 
2020-08-27 17:04:00,967 [INFO] from com.jpro.meta.stream.Util$ in JavaFX Application Thread - Canvas, id: row-canvas classes: row-canvas
2020-08-27 17:04:00,967 [INFO] from com.jpro.meta.stream.Util$ in JavaFX Application Thread - Canvas overall Frame counter: 28035
2020-08-27 17:04:00,967 [INFO] from com.jpro.meta.stream.Util$ in JavaFX Application Thread - Canvas overall bytes: 76515695
2020-08-27 17:04:00,967 [INFO] from com.jpro.meta.stream.Util$ in JavaFX Application Thread - Canvas Frame counter: 846
2020-08-27 17:04:00,967 [INFO] from com.jpro.meta.stream.Util$ in JavaFX Application Thread - Canvas Frame byts: 5860
2020-08-27 17:04:00,967 [INFO] from com.jpro.meta.stream.Util$ in JavaFX Application Thread - Canvas Frame objs: 18
2020-08-27 17:04:00,967 [INFO] from com.jpro.meta.stream.Util$ in JavaFX Application Thread - Canvas Frame count: 1
2020-08-27 17:04:00,967 [INFO] from com.jpro.meta.stream.Util$ in JavaFX Application Thread - 
2020-08-27 17:04:00,967 [INFO] from com.jpro.meta.stream.Util$ in JavaFX Application Thread - Canvas, id: row-canvas classes: row-canvas
2020-08-27 17:04:00,967 [INFO] from com.jpro.meta.stream.Util$ in JavaFX Application Thread - Canvas overall Frame counter: 28036
2020-08-27 17:04:00,967 [INFO] from com.jpro.meta.stream.Util$ in JavaFX Application Thread - Canvas overall bytes: 76522813
2020-08-27 17:04:00,967 [INFO] from com.jpro.meta.stream.Util$ in JavaFX Application Thread - Canvas Frame counter: 778
2020-08-27 17:04:00,967 [INFO] from com.jpro.meta.stream.Util$ in JavaFX Application Thread - Canvas Frame byts: 7118
2020-08-27 17:04:00,967 [INFO] from com.jpro.meta.stream.Util$ in JavaFX Application Thread - Canvas Frame objs: 18
2020-08-27 17:04:00,967 [INFO] from com.jpro.meta.stream.Util$ in JavaFX Application Thread - Canvas Frame count: 1
2020-08-27 17:04:00,968 [INFO] from com.jpro.meta.stream.Util$ in JavaFX Application Thread - 
2020-08-27 17:04:00,968 [INFO] from com.jpro.meta.stream.Util$ in JavaFX Application Thread - Canvas, id: row-canvas classes: row-canvas
2020-08-27 17:04:00,968 [INFO] from com.jpro.meta.stream.Util$ in JavaFX Application Thread - Canvas overall Frame counter: 28037
2020-08-27 17:04:00,968 [INFO] from com.jpro.meta.stream.Util$ in JavaFX Application Thread - Canvas overall bytes: 76528843
2020-08-27 17:04:00,968 [INFO] from com.jpro.meta.stream.Util$ in JavaFX Application Thread - Canvas Frame counter: 796
2020-08-27 17:04:00,968 [INFO] from com.jpro.meta.stream.Util$ in JavaFX Application Thread - Canvas Frame byts: 6030
2020-08-27 17:04:00,968 [INFO] from com.jpro.meta.stream.Util$ in JavaFX Application Thread - Canvas Frame objs: 18
2020-08-27 17:04:00,968 [INFO] from com.jpro.meta.stream.Util$ in JavaFX Application Thread - Canvas Frame count: 1
2020-08-27 17:04:00,968 [INFO] from com.jpro.meta.stream.Util$ in JavaFX Application Thread - 
2020-08-27 17:04:00,968 [INFO] from com.jpro.meta.stream.Util$ in JavaFX Application Thread - Canvas, id: row-canvas classes: row-canvas
2020-08-27 17:04:00,968 [INFO] from com.jpro.meta.stream.Util$ in JavaFX Application Thread - Canvas overall Frame counter: 28038
2020-08-27 17:04:00,968 [INFO] from com.jpro.meta.stream.Util$ in JavaFX Application Thread - Canvas overall bytes: 76534669
2020-08-27 17:04:00,968 [INFO] from com.jpro.meta.stream.Util$ in JavaFX Application Thread - Canvas Frame counter: 800
2020-08-27 17:04:00,968 [INFO] from com.jpro.meta.stream.Util$ in JavaFX Application Thread - Canvas Frame byts: 5826
2020-08-27 17:04:00,968 [INFO] from com.jpro.meta.stream.Util$ in JavaFX Application Thread - Canvas Frame objs: 18
2020-08-27 17:04:00,968 [INFO] from com.jpro.meta.stream.Util$ in JavaFX Application Thread - Canvas Frame count: 1
2020-08-27 17:04:00,968 [INFO] from com.jpro.meta.stream.Util$ in JavaFX Application Thread - 
2020-08-27 17:04:00,968 [INFO] from com.jpro.meta.stream.Util$ in JavaFX Application Thread - Canvas, id: row-canvas classes: row-canvas
2020-08-27 17:04:00,968 [INFO] from com.jpro.meta.stream.Util$ in JavaFX Application Thread - Canvas overall Frame counter: 28039
2020-08-27 17:04:00,968 [INFO] from com.jpro.meta.stream.Util$ in JavaFX Application Thread - Canvas overall bytes: 76540427
2020-08-27 17:04:00,968 [INFO] from com.jpro.meta.stream.Util$ in JavaFX Application Thread - Canvas Frame counter: 793
2020-08-27 17:04:00,968 [INFO] from com.jpro.meta.stream.Util$ in JavaFX Application Thread - Canvas Frame byts: 5758
2020-08-27 17:04:00,968 [INFO] from com.jpro.meta.stream.Util$ in JavaFX Application Thread - Canvas Frame objs: 18
2020-08-27 17:04:00,968 [INFO] from com.jpro.meta.stream.Util$ in JavaFX Application Thread - Canvas Frame count: 1
2020-08-27 17:04:00,968 [INFO] from com.jpro.meta.stream.Util$ in JavaFX Application Thread - 
2020-08-27 17:04:00,968 [INFO] from com.jpro.meta.stream.Util$ in JavaFX Application Thread - Canvas, id: row-canvas classes: row-canvas
2020-08-27 17:04:00,968 [INFO] from com.jpro.meta.stream.Util$ in JavaFX Application Thread - Canvas overall Frame counter: 28040
2020-08-27 17:04:00,968 [INFO] from com.jpro.meta.stream.Util$ in JavaFX Application Thread - Canvas overall bytes: 76546559
2020-08-27 17:04:00,968 [INFO] from com.jpro.meta.stream.Util$ in JavaFX Application Thread - Canvas Frame counter: 2216
2020-08-27 17:04:00,968 [INFO] from com.jpro.meta.stream.Util$ in JavaFX Application Thread - Canvas Frame byts: 6132
2020-08-27 17:04:00,968 [INFO] from com.jpro.meta.stream.Util$ in JavaFX Application Thread - Canvas Frame objs: 18
2020-08-27 17:04:00,968 [INFO] from com.jpro.meta.stream.Util$ in JavaFX Application Thread - Canvas Frame count: 1
2020-08-27 17:04:00,968 [INFO] from com.jpro.meta.stream.Util$ in JavaFX Application Thread - 
2020-08-27 17:04:00,968 [INFO] from com.jpro.meta.stream.Util$ in JavaFX Application Thread - Canvas, id: row-canvas classes: row-canvas
2020-08-27 17:04:00,968 [INFO] from com.jpro.meta.stream.Util$ in JavaFX Application Thread - Canvas overall Frame counter: 28041
2020-08-27 17:04:00,968 [INFO] from com.jpro.meta.stream.Util$ in JavaFX Application Thread - Canvas overall bytes: 76552759
2020-08-27 17:04:00,968 [INFO] from com.jpro.meta.stream.Util$ in JavaFX Application Thread - Canvas Frame counter: 2161
2020-08-27 17:04:00,968 [INFO] from com.jpro.meta.stream.Util$ in JavaFX Application Thread - Canvas Frame byts: 6200
2020-08-27 17:04:00,968 [INFO] from com.jpro.meta.stream.Util$ in JavaFX Application Thread - Canvas Frame objs: 18
2020-08-27 17:04:00,968 [INFO] from com.jpro.meta.stream.Util$ in JavaFX Application Thread - Canvas Frame count: 1
2020-08-27 17:04:00,968 [INFO] from com.jpro.meta.stream.Util$ in JavaFX Application Thread - 
2020-08-27 17:04:00,968 [INFO] from com.jpro.meta.stream.Util$ in JavaFX Application Thread - Canvas, id: row-canvas classes: row-canvas
2020-08-27 17:04:00,968 [INFO] from com.jpro.meta.stream.Util$ in JavaFX Application Thread - Canvas overall Frame counter: 28042
2020-08-27 17:04:00,968 [INFO] from com.jpro.meta.stream.Util$ in JavaFX Application Thread - Canvas overall bytes: 76559877
2020-08-27 17:04:00,968 [INFO] from com.jpro.meta.stream.Util$ in JavaFX Application Thread - Canvas Frame counter: 2152
2020-08-27 17:04:00,968 [INFO] from com.jpro.meta.stream.Util$ in JavaFX Application Thread - Canvas Frame byts: 7118
2020-08-27 17:04:00,968 [INFO] from com.jpro.meta.stream.Util$ in JavaFX Application Thread - Canvas Frame objs: 18
2020-08-27 17:04:00,968 [INFO] from com.jpro.meta.stream.Util$ in JavaFX Application Thread - Canvas Frame count: 1
2020-08-27 17:04:00,968 [INFO] from com.jpro.meta.stream.Util$ in JavaFX Application Thread - 
2020-08-27 17:04:00,968 [INFO] from com.jpro.meta.stream.Util$ in JavaFX Application Thread - Canvas, id: row-canvas classes: row-canvas
2020-08-27 17:04:00,968 [INFO] from com.jpro.meta.stream.Util$ in JavaFX Application Thread - Canvas overall Frame counter: 28043
2020-08-27 17:04:00,968 [INFO] from com.jpro.meta.stream.Util$ in JavaFX Application Thread - Canvas overall bytes: 76565975
2020-08-27 17:04:00,968 [INFO] from com.jpro.meta.stream.Util$ in JavaFX Application Thread - Canvas Frame counter: 2025
2020-08-27 17:04:00,968 [INFO] from com.jpro.meta.stream.Util$ in JavaFX Application Thread - Canvas Frame byts: 6098
2020-08-27 17:04:00,968 [INFO] from com.jpro.meta.stream.Util$ in JavaFX Application Thread - Canvas Frame objs: 18
2020-08-27 17:04:00,968 [INFO] from com.jpro.meta.stream.Util$ in JavaFX Application Thread - Canvas Frame count: 1
2020-08-27 17:04:00,968 [INFO] from com.jpro.meta.stream.Util$ in JavaFX Application Thread - 
2020-08-27 17:04:00,968 [INFO] from com.jpro.meta.stream.Util$ in JavaFX Application Thread - Canvas, id: row-canvas classes: row-canvas
2020-08-27 17:04:00,968 [INFO] from com.jpro.meta.stream.Util$ in JavaFX Application Thread - Canvas overall Frame counter: 28044
2020-08-27 17:04:00,968 [INFO] from com.jpro.meta.stream.Util$ in JavaFX Application Thread - Canvas overall bytes: 76573093
2020-08-27 17:04:00,968 [INFO] from com.jpro.meta.stream.Util$ in JavaFX Application Thread - Canvas Frame counter: 2207
2020-08-27 17:04:00,968 [INFO] from com.jpro.meta.stream.Util$ in JavaFX Application Thread - Canvas Frame byts: 7118
2020-08-27 17:04:00,968 [INFO] from com.jpro.meta.stream.Util$ in JavaFX Application Thread - Canvas Frame objs: 18
2020-08-27 17:04:00,968 [INFO] from com.jpro.meta.stream.Util$ in JavaFX Application Thread - Canvas Frame count: 1
2020-08-27 17:04:00,968 [INFO] from com.jpro.meta.stream.Util$ in JavaFX Application Thread - 
2020-08-27 17:04:00,968 [INFO] from com.jpro.meta.stream.Util$ in JavaFX Application Thread - Canvas, id: row-canvas classes: row-canvas
2020-08-27 17:04:00,968 [INFO] from com.jpro.meta.stream.Util$ in JavaFX Application Thread - Canvas overall Frame counter: 28045
2020-08-27 17:04:00,968 [INFO] from com.jpro.meta.stream.Util$ in JavaFX Application Thread - Canvas overall bytes: 76580211
2020-08-27 17:04:00,968 [INFO] from com.jpro.meta.stream.Util$ in JavaFX Application Thread - Canvas Frame counter: 2290
2020-08-27 17:04:00,968 [INFO] from com.jpro.meta.stream.Util$ in JavaFX Application Thread - Canvas Frame byts: 7118
2020-08-27 17:04:00,968 [INFO] from com.jpro.meta.stream.Util$ in JavaFX Application Thread - Canvas Frame objs: 18
2020-08-27 17:04:00,968 [INFO] from com.jpro.meta.stream.Util$ in JavaFX Application Thread - Canvas Frame count: 1
2020-08-27 17:04:00,968 [INFO] from com.jpro.meta.stream.Util$ in JavaFX Application Thread - 
2020-08-27 17:04:00,968 [INFO] from com.jpro.meta.stream.Util$ in JavaFX Application Thread - Canvas, id: row-canvas classes: row-canvas
2020-08-27 17:04:00,968 [INFO] from com.jpro.meta.stream.Util$ in JavaFX Application Thread - Canvas overall Frame counter: 28046
2020-08-27 17:04:00,968 [INFO] from com.jpro.meta.stream.Util$ in JavaFX Application Thread - Canvas overall bytes: 76585629
2020-08-27 17:04:00,968 [INFO] from com.jpro.meta.stream.Util$ in JavaFX Application Thread - Canvas Frame counter: 2163
2020-08-27 17:04:00,968 [INFO] from com.jpro.meta.stream.Util$ in JavaFX Application Thread - Canvas Frame byts: 5418
2020-08-27 17:04:00,968 [INFO] from com.jpro.meta.stream.Util$ in JavaFX Application Thread - Canvas Frame objs: 18
2020-08-27 17:04:00,968 [INFO] from com.jpro.meta.stream.Util$ in JavaFX Application Thread - Canvas Frame count: 1
2020-08-27 17:04:00,968 [INFO] from com.jpro.meta.stream.Util$ in JavaFX Application Thread - 
2020-08-27 17:04:00,968 [INFO] from com.jpro.meta.stream.Util$ in JavaFX Application Thread - Canvas, id: row-canvas classes: row-canvas
2020-08-27 17:04:00,968 [INFO] from com.jpro.meta.stream.Util$ in JavaFX Application Thread - Canvas overall Frame counter: 28047
2020-08-27 17:04:00,968 [INFO] from com.jpro.meta.stream.Util$ in JavaFX Application Thread - Canvas overall bytes: 76592747
2020-08-27 17:04:00,968 [INFO] from com.jpro.meta.stream.Util$ in JavaFX Application Thread - Canvas Frame counter: 834
2020-08-27 17:04:00,968 [INFO] from com.jpro.meta.stream.Util$ in JavaFX Application Thread - Canvas Frame byts: 7118
2020-08-27 17:04:00,968 [INFO] from com.jpro.meta.stream.Util$ in JavaFX Application Thread - Canvas Frame objs: 18
2020-08-27 17:04:00,968 [INFO] from com.jpro.meta.stream.Util$ in JavaFX Application Thread - Canvas Frame count: 1
2020-08-27 17:04:00,968 [INFO] from com.jpro.meta.stream.Util$ in JavaFX Application Thread - 
2020-08-27 17:04:00,968 [INFO] from com.jpro.meta.stream.Util$ in JavaFX Application Thread - Canvas, id: row-canvas classes: row-canvas
2020-08-27 17:04:00,968 [INFO] from com.jpro.meta.stream.Util$ in JavaFX Application Thread - Canvas overall Frame counter: 28048
2020-08-27 17:04:00,968 [INFO] from com.jpro.meta.stream.Util$ in JavaFX Application Thread - Canvas overall bytes: 76599865
2020-08-27 17:04:00,968 [INFO] from com.jpro.meta.stream.Util$ in JavaFX Application Thread - Canvas Frame counter: 839
2020-08-27 17:04:00,968 [INFO] from com.jpro.meta.stream.Util$ in JavaFX Application Thread - Canvas Frame byts: 7118
2020-08-27 17:04:00,968 [INFO] from com.jpro.meta.stream.Util$ in JavaFX Application Thread - Canvas Frame objs: 18
2020-08-27 17:04:00,968 [INFO] from com.jpro.meta.stream.Util$ in JavaFX Application Thread - Canvas Frame count: 1
2020-08-27 17:04:00,968 [INFO] from com.jpro.meta.stream.Util$ in JavaFX Application Thread - 
2020-08-27 17:04:00,968 [INFO] from com.jpro.meta.stream.Util$ in JavaFX Application Thread - Canvas, id: row-canvas classes: row-canvas
2020-08-27 17:04:00,968 [INFO] from com.jpro.meta.stream.Util$ in JavaFX Application Thread - Canvas overall Frame counter: 28049
2020-08-27 17:04:00,968 [INFO] from com.jpro.meta.stream.Util$ in JavaFX Application Thread - Canvas overall bytes: 76606167
2020-08-27 17:04:00,968 [INFO] from com.jpro.meta.stream.Util$ in JavaFX Application Thread - Canvas Frame counter: 803
2020-08-27 17:04:00,968 [INFO] from com.jpro.meta.stream.Util$ in JavaFX Application Thread - Canvas Frame byts: 6302
2020-08-27 17:04:00,968 [INFO] from com.jpro.meta.stream.Util$ in JavaFX Application Thread - Canvas Frame objs: 18
2020-08-27 17:04:00,968 [INFO] from com.jpro.meta.stream.Util$ in JavaFX Application Thread - Canvas Frame count: 1
2020-08-27 17:04:00,968 [INFO] from com.jpro.meta.stream.Util$ in JavaFX Application Thread - 
2020-08-27 17:04:00,968 [INFO] from com.jpro.meta.stream.Util$ in JavaFX Application Thread - Canvas, id: row-canvas classes: row-canvas
2020-08-27 17:04:00,968 [INFO] from com.jpro.meta.stream.Util$ in JavaFX Application Thread - Canvas overall Frame counter: 28050
2020-08-27 17:04:00,968 [INFO] from com.jpro.meta.stream.Util$ in JavaFX Application Thread - Canvas overall bytes: 76612163
2020-08-27 17:04:00,968 [INFO] from com.jpro.meta.stream.Util$ in JavaFX Application Thread - Canvas Frame counter: 557
2020-08-27 17:04:00,968 [INFO] from com.jpro.meta.stream.Util$ in JavaFX Application Thread - Canvas Frame byts: 5996
2020-08-27 17:04:00,968 [INFO] from com.jpro.meta.stream.Util$ in JavaFX Application Thread - Canvas Frame objs: 18
2020-08-27 17:04:00,968 [INFO] from com.jpro.meta.stream.Util$ in JavaFX Application Thread - Canvas Frame count: 1
2020-08-27 17:04:00,968 [INFO] from com.jpro.meta.stream.Util$ in JavaFX Application Thread - 
2020-08-27 17:04:00,968 [INFO] from com.jpro.meta.stream.Util$ in JavaFX Application Thread - Canvas, id: row-canvas classes: row-canvas
2020-08-27 17:04:00,968 [INFO] from com.jpro.meta.stream.Util$ in JavaFX Application Thread - Canvas overall Frame counter: 28051
2020-08-27 17:04:00,968 [INFO] from com.jpro.meta.stream.Util$ in JavaFX Application Thread - Canvas overall bytes: 76618397
2020-08-27 17:04:00,968 [INFO] from com.jpro.meta.stream.Util$ in JavaFX Application Thread - Canvas Frame counter: 516
2020-08-27 17:04:00,968 [INFO] from com.jpro.meta.stream.Util$ in JavaFX Application Thread - Canvas Frame byts: 6234
2020-08-27 17:04:00,968 [INFO] from com.jpro.meta.stream.Util$ in JavaFX Application Thread - Canvas Frame objs: 18
2020-08-27 17:04:00,968 [INFO] from com.jpro.meta.stream.Util$ in JavaFX Application Thread - Canvas Frame count: 1
2020-08-27 17:04:00,968 [INFO] from com.jpro.meta.stream.Util$ in JavaFX Application Thread - 
2020-08-27 17:04:00,968 [INFO] from com.jpro.meta.stream.Util$ in JavaFX Application Thread - Canvas, id: row-canvas classes: row-canvas
2020-08-27 17:04:00,968 [INFO] from com.jpro.meta.stream.Util$ in JavaFX Application Thread - Canvas overall Frame counter: 28052
2020-08-27 17:04:00,968 [INFO] from com.jpro.meta.stream.Util$ in JavaFX Application Thread - Canvas overall bytes: 76624257
2020-08-27 17:04:00,968 [INFO] from com.jpro.meta.stream.Util$ in JavaFX Application Thread - Canvas Frame counter: 559
2020-08-27 17:04:00,968 [INFO] from com.jpro.meta.stream.Util$ in JavaFX Application Thread - Canvas Frame byts: 5860
2020-08-27 17:04:00,968 [INFO] from com.jpro.meta.stream.Util$ in JavaFX Application Thread - Canvas Frame objs: 18
2020-08-27 17:04:00,968 [INFO] from com.jpro.meta.stream.Util$ in JavaFX Application Thread - Canvas Frame count: 1
2020-08-27 17:04:00,968 [INFO] from com.jpro.meta.stream.Util$ in JavaFX Application Thread - 
2020-08-27 17:04:00,968 [INFO] from com.jpro.meta.stream.Util$ in JavaFX Application Thread - Canvas, id: row-canvas classes: row-canvas
2020-08-27 17:04:00,968 [INFO] from com.jpro.meta.stream.Util$ in JavaFX Application Thread - Canvas overall Frame counter: 28053
2020-08-27 17:04:00,968 [INFO] from com.jpro.meta.stream.Util$ in JavaFX Application Thread - Canvas overall bytes: 76629845
2020-08-27 17:04:00,968 [INFO] from com.jpro.meta.stream.Util$ in JavaFX Application Thread - Canvas Frame counter: 528
2020-08-27 17:04:00,968 [INFO] from com.jpro.meta.stream.Util$ in JavaFX Application Thread - Canvas Frame byts: 5588
2020-08-27 17:04:00,968 [INFO] from com.jpro.meta.stream.Util$ in JavaFX Application Thread - Canvas Frame objs: 18
2020-08-27 17:04:00,968 [INFO] from com.jpro.meta.stream.Util$ in JavaFX Application Thread - Canvas Frame count: 1
2020-08-27 17:04:00,968 [INFO] from com.jpro.meta.stream.Util$ in JavaFX Application Thread - 
2020-08-27 17:04:00,968 [INFO] from com.jpro.meta.stream.Util$ in JavaFX Application Thread - Canvas, id: row-canvas classes: row-canvas
2020-08-27 17:04:00,968 [INFO] from com.jpro.meta.stream.Util$ in JavaFX Application Thread - Canvas overall Frame counter: 28054
2020-08-27 17:04:00,968 [INFO] from com.jpro.meta.stream.Util$ in JavaFX Application Thread - Canvas overall bytes: 76636963
2020-08-27 17:04:00,968 [INFO] from com.jpro.meta.stream.Util$ in JavaFX Application Thread - Canvas Frame counter: 721
2020-08-27 17:04:00,968 [INFO] from com.jpro.meta.stream.Util$ in JavaFX Application Thread - Canvas Frame byts: 7118
2020-08-27 17:04:00,968 [INFO] from com.jpro.meta.stream.Util$ in JavaFX Application Thread - Canvas Frame objs: 18
2020-08-27 17:04:00,968 [INFO] from com.jpro.meta.stream.Util$ in JavaFX Application Thread - Canvas Frame count: 1
2020-08-27 17:04:01,022 [INFO] from com.jpro.meta.stream.Util$ in JavaFX Application Thread - 
2020-08-27 17:04:01,022 [INFO] from com.jpro.meta.stream.Util$ in JavaFX Application Thread - Canvas, id: row-canvas classes: row-canvas
2020-08-27 17:04:01,022 [INFO] from com.jpro.meta.stream.Util$ in JavaFX Application Thread - Canvas overall Frame counter: 28055
2020-08-27 17:04:01,022 [INFO] from com.jpro.meta.stream.Util$ in JavaFX Application Thread - Canvas overall bytes: 76642840
2020-08-27 17:04:01,022 [INFO] from com.jpro.meta.stream.Util$ in JavaFX Application Thread - Canvas Frame counter: 847
2020-08-27 17:04:01,022 [INFO] from com.jpro.meta.stream.Util$ in JavaFX Application Thread - Canvas Frame byts: 5877
2020-08-27 17:04:01,022 [INFO] from com.jpro.meta.stream.Util$ in JavaFX Application Thread - Canvas Frame objs: 18
2020-08-27 17:04:01,022 [INFO] from com.jpro.meta.stream.Util$ in JavaFX Application Thread - Canvas Frame count: 1
2020-08-27 17:04:01,022 [INFO] from com.jpro.meta.stream.Util$ in JavaFX Application Thread - 
2020-08-27 17:04:01,022 [INFO] from com.jpro.meta.stream.Util$ in JavaFX Application Thread - Canvas, id: row-canvas classes: row-canvas
2020-08-27 17:04:01,022 [INFO] from com.jpro.meta.stream.Util$ in JavaFX Application Thread - Canvas overall Frame counter: 28056
2020-08-27 17:04:01,022 [INFO] from com.jpro.meta.stream.Util$ in JavaFX Application Thread - Canvas overall bytes: 76649941
2020-08-27 17:04:01,022 [INFO] from com.jpro.meta.stream.Util$ in JavaFX Application Thread - Canvas Frame counter: 779
2020-08-27 17:04:01,022 [INFO] from com.jpro.meta.stream.Util$ in JavaFX Application Thread - Canvas Frame byts: 7101
2020-08-27 17:04:01,022 [INFO] from com.jpro.meta.stream.Util$ in JavaFX Application Thread - Canvas Frame objs: 18
2020-08-27 17:04:01,022 [INFO] from com.jpro.meta.stream.Util$ in JavaFX Application Thread - Canvas Frame count: 1
2020-08-27 17:04:01,022 [INFO] from com.jpro.meta.stream.Util$ in JavaFX Application Thread - 
2020-08-27 17:04:01,022 [INFO] from com.jpro.meta.stream.Util$ in JavaFX Application Thread - Canvas, id: row-canvas classes: row-canvas
2020-08-27 17:04:01,022 [INFO] from com.jpro.meta.stream.Util$ in JavaFX Application Thread - Canvas overall Frame counter: 28057
2020-08-27 17:04:01,022 [INFO] from com.jpro.meta.stream.Util$ in JavaFX Application Thread - Canvas overall bytes: 76655988
2020-08-27 17:04:01,022 [INFO] from com.jpro.meta.stream.Util$ in JavaFX Application Thread - Canvas Frame counter: 797
2020-08-27 17:04:01,022 [INFO] from com.jpro.meta.stream.Util$ in JavaFX Application Thread - Canvas Frame byts: 6047
2020-08-27 17:04:01,022 [INFO] from com.jpro.meta.stream.Util$ in JavaFX Application Thread - Canvas Frame objs: 18
2020-08-27 17:04:01,022 [INFO] from com.jpro.meta.stream.Util$ in JavaFX Application Thread - Canvas Frame count: 1
2020-08-27 17:04:01,022 [INFO] from com.jpro.meta.stream.Util$ in JavaFX Application Thread - 
2020-08-27 17:04:01,022 [INFO] from com.jpro.meta.stream.Util$ in JavaFX Application Thread - Canvas, id: row-canvas classes: row-canvas
2020-08-27 17:04:01,022 [INFO] from com.jpro.meta.stream.Util$ in JavaFX Application Thread - Canvas overall Frame counter: 28058
2020-08-27 17:04:01,022 [INFO] from com.jpro.meta.stream.Util$ in JavaFX Application Thread - Canvas overall bytes: 76661831
2020-08-27 17:04:01,022 [INFO] from com.jpro.meta.stream.Util$ in JavaFX Application Thread - Canvas Frame counter: 801
2020-08-27 17:04:01,022 [INFO] from com.jpro.meta.stream.Util$ in JavaFX Application Thread - Canvas Frame byts: 5843
2020-08-27 17:04:01,022 [INFO] from com.jpro.meta.stream.Util$ in JavaFX Application Thread - Canvas Frame objs: 18
2020-08-27 17:04:01,022 [INFO] from com.jpro.meta.stream.Util$ in JavaFX Application Thread - Canvas Frame count: 1
2020-08-27 17:04:01,022 [INFO] from com.jpro.meta.stream.Util$ in JavaFX Application Thread - 
2020-08-27 17:04:01,023 [INFO] from com.jpro.meta.stream.Util$ in JavaFX Application Thread - Canvas, id: row-canvas classes: row-canvas
2020-08-27 17:04:01,023 [INFO] from com.jpro.meta.stream.Util$ in JavaFX Application Thread - Canvas overall Frame counter: 28059
2020-08-27 17:04:01,023 [INFO] from com.jpro.meta.stream.Util$ in JavaFX Application Thread - Canvas overall bytes: 76667606
2020-08-27 17:04:01,023 [INFO] from com.jpro.meta.stream.Util$ in JavaFX Application Thread - Canvas Frame counter: 794
2020-08-27 17:04:01,023 [INFO] from com.jpro.meta.stream.Util$ in JavaFX Application Thread - Canvas Frame byts: 5775
2020-08-27 17:04:01,023 [INFO] from com.jpro.meta.stream.Util$ in JavaFX Application Thread - Canvas Frame objs: 18
2020-08-27 17:04:01,023 [INFO] from com.jpro.meta.stream.Util$ in JavaFX Application Thread - Canvas Frame count: 1
2020-08-27 17:04:01,023 [INFO] from com.jpro.meta.stream.Util$ in JavaFX Application Thread - 
2020-08-27 17:04:01,023 [INFO] from com.jpro.meta.stream.Util$ in JavaFX Application Thread - Canvas, id: row-canvas classes: row-canvas
2020-08-27 17:04:01,023 [INFO] from com.jpro.meta.stream.Util$ in JavaFX Application Thread - Canvas overall Frame counter: 28060
2020-08-27 17:04:01,023 [INFO] from com.jpro.meta.stream.Util$ in JavaFX Application Thread - Canvas overall bytes: 76673755
2020-08-27 17:04:01,023 [INFO] from com.jpro.meta.stream.Util$ in JavaFX Application Thread - Canvas Frame counter: 2217
2020-08-27 17:04:01,023 [INFO] from com.jpro.meta.stream.Util$ in JavaFX Application Thread - Canvas Frame byts: 6149
2020-08-27 17:04:01,023 [INFO] from com.jpro.meta.stream.Util$ in JavaFX Application Thread - Canvas Frame objs: 18
2020-08-27 17:04:01,023 [INFO] from com.jpro.meta.stream.Util$ in JavaFX Application Thread - Canvas Frame count: 1
2020-08-27 17:04:01,023 [INFO] from com.jpro.meta.stream.Util$ in JavaFX Application Thread - 
2020-08-27 17:04:01,023 [INFO] from com.jpro.meta.stream.Util$ in JavaFX Application Thread - Canvas, id: row-canvas classes: row-canvas
2020-08-27 17:04:01,023 [INFO] from com.jpro.meta.stream.Util$ in JavaFX Application Thread - Canvas overall Frame counter: 28061
2020-08-27 17:04:01,023 [INFO] from com.jpro.meta.stream.Util$ in JavaFX Application Thread - Canvas overall bytes: 76679972
2020-08-27 17:04:01,023 [INFO] from com.jpro.meta.stream.Util$ in JavaFX Application Thread - Canvas Frame counter: 2162
2020-08-27 17:04:01,023 [INFO] from com.jpro.meta.stream.Util$ in JavaFX Application Thread - Canvas Frame byts: 6217
2020-08-27 17:04:01,023 [INFO] from com.jpro.meta.stream.Util$ in JavaFX Application Thread - Canvas Frame objs: 18
2020-08-27 17:04:01,023 [INFO] from com.jpro.meta.stream.Util$ in JavaFX Application Thread - Canvas Frame count: 1
2020-08-27 17:04:01,023 [INFO] from com.jpro.meta.stream.Util$ in JavaFX Application Thread - 
2020-08-27 17:04:01,023 [INFO] from com.jpro.meta.stream.Util$ in JavaFX Application Thread - Canvas, id: row-canvas classes: row-canvas
2020-08-27 17:04:01,023 [INFO] from com.jpro.meta.stream.Util$ in JavaFX Application Thread - Canvas overall Frame counter: 28062
2020-08-27 17:04:01,023 [INFO] from com.jpro.meta.stream.Util$ in JavaFX Application Thread - Canvas overall bytes: 76687073
2020-08-27 17:04:01,023 [INFO] from com.jpro.meta.stream.Util$ in JavaFX Application Thread - Canvas Frame counter: 2153
2020-08-27 17:04:01,023 [INFO] from com.jpro.meta.stream.Util$ in JavaFX Application Thread - Canvas Frame byts: 7101
2020-08-27 17:04:01,023 [INFO] from com.jpro.meta.stream.Util$ in JavaFX Application Thread - Canvas Frame objs: 18
2020-08-27 17:04:01,023 [INFO] from com.jpro.meta.stream.Util$ in JavaFX Application Thread - Canvas Frame count: 1
2020-08-27 17:04:01,023 [INFO] from com.jpro.meta.stream.Util$ in JavaFX Application Thread - 
2020-08-27 17:04:01,023 [INFO] from com.jpro.meta.stream.Util$ in JavaFX Application Thread - Canvas, id: row-canvas classes: row-canvas
2020-08-27 17:04:01,023 [INFO] from com.jpro.meta.stream.Util$ in JavaFX Application Thread - Canvas overall Frame counter: 28063
2020-08-27 17:04:01,023 [INFO] from com.jpro.meta.stream.Util$ in JavaFX Application Thread - Canvas overall bytes: 76693188
2020-08-27 17:04:01,023 [INFO] from com.jpro.meta.stream.Util$ in JavaFX Application Thread - Canvas Frame counter: 2026
2020-08-27 17:04:01,023 [INFO] from com.jpro.meta.stream.Util$ in JavaFX Application Thread - Canvas Frame byts: 6115
2020-08-27 17:04:01,023 [INFO] from com.jpro.meta.stream.Util$ in JavaFX Application Thread - Canvas Frame objs: 18
2020-08-27 17:04:01,023 [INFO] from com.jpro.meta.stream.Util$ in JavaFX Application Thread - Canvas Frame count: 1
2020-08-27 17:04:01,023 [INFO] from com.jpro.meta.stream.Util$ in JavaFX Application Thread - 
2020-08-27 17:04:01,023 [INFO] from com.jpro.meta.stream.Util$ in JavaFX Application Thread - Canvas, id: row-canvas classes: row-canvas
2020-08-27 17:04:01,023 [INFO] from com.jpro.meta.stream.Util$ in JavaFX Application Thread - Canvas overall Frame counter: 28064
2020-08-27 17:04:01,023 [INFO] from com.jpro.meta.stream.Util$ in JavaFX Application Thread - Canvas overall bytes: 76700289
2020-08-27 17:04:01,023 [INFO] from com.jpro.meta.stream.Util$ in JavaFX Application Thread - Canvas Frame counter: 2208
2020-08-27 17:04:01,023 [INFO] from com.jpro.meta.stream.Util$ in JavaFX Application Thread - Canvas Frame byts: 7101
2020-08-27 17:04:01,023 [INFO] from com.jpro.meta.stream.Util$ in JavaFX Application Thread - Canvas Frame objs: 18
2020-08-27 17:04:01,023 [INFO] from com.jpro.meta.stream.Util$ in JavaFX Application Thread - Canvas Frame count: 1
2020-08-27 17:04:01,023 [INFO] from com.jpro.meta.stream.Util$ in JavaFX Application Thread - 
2020-08-27 17:04:01,023 [INFO] from com.jpro.meta.stream.Util$ in JavaFX Application Thread - Canvas, id: row-canvas classes: row-canvas
2020-08-27 17:04:01,023 [INFO] from com.jpro.meta.stream.Util$ in JavaFX Application Thread - Canvas overall Frame counter: 28065
2020-08-27 17:04:01,023 [INFO] from com.jpro.meta.stream.Util$ in JavaFX Application Thread - Canvas overall bytes: 76707390
2020-08-27 17:04:01,023 [INFO] from com.jpro.meta.stream.Util$ in JavaFX Application Thread - Canvas Frame counter: 2291
2020-08-27 17:04:01,023 [INFO] from com.jpro.meta.stream.Util$ in JavaFX Application Thread - Canvas Frame byts: 7101
2020-08-27 17:04:01,023 [INFO] from com.jpro.meta.stream.Util$ in JavaFX Application Thread - Canvas Frame objs: 18
2020-08-27 17:04:01,023 [INFO] from com.jpro.meta.stream.Util$ in JavaFX Application Thread - Canvas Frame count: 1
2020-08-27 17:04:01,023 [INFO] from com.jpro.meta.stream.Util$ in JavaFX Application Thread - 
2020-08-27 17:04:01,023 [INFO] from com.jpro.meta.stream.Util$ in JavaFX Application Thread - Canvas, id: row-canvas classes: row-canvas
2020-08-27 17:04:01,023 [INFO] from com.jpro.meta.stream.Util$ in JavaFX Application Thread - Canvas overall Frame counter: 28066
2020-08-27 17:04:01,023 [INFO] from com.jpro.meta.stream.Util$ in JavaFX Application Thread - Canvas overall bytes: 76712825
2020-08-27 17:04:01,023 [INFO] from com.jpro.meta.stream.Util$ in JavaFX Application Thread - Canvas Frame counter: 2164
2020-08-27 17:04:01,023 [INFO] from com.jpro.meta.stream.Util$ in JavaFX Application Thread - Canvas Frame byts: 5435
2020-08-27 17:04:01,023 [INFO] from com.jpro.meta.stream.Util$ in JavaFX Application Thread - Canvas Frame objs: 18
2020-08-27 17:04:01,023 [INFO] from com.jpro.meta.stream.Util$ in JavaFX Application Thread - Canvas Frame count: 1
2020-08-27 17:04:01,023 [INFO] from com.jpro.meta.stream.Util$ in JavaFX Application Thread - 
2020-08-27 17:04:01,023 [INFO] from com.jpro.meta.stream.Util$ in JavaFX Application Thread - Canvas, id: row-canvas classes: row-canvas
2020-08-27 17:04:01,023 [INFO] from com.jpro.meta.stream.Util$ in JavaFX Application Thread - Canvas overall Frame counter: 28067
2020-08-27 17:04:01,023 [INFO] from com.jpro.meta.stream.Util$ in JavaFX Application Thread - Canvas overall bytes: 76719926
2020-08-27 17:04:01,023 [INFO] from com.jpro.meta.stream.Util$ in JavaFX Application Thread - Canvas Frame counter: 835
2020-08-27 17:04:01,023 [INFO] from com.jpro.meta.stream.Util$ in JavaFX Application Thread - Canvas Frame byts: 7101
2020-08-27 17:04:01,023 [INFO] from com.jpro.meta.stream.Util$ in JavaFX Application Thread - Canvas Frame objs: 18
2020-08-27 17:04:01,023 [INFO] from com.jpro.meta.stream.Util$ in JavaFX Application Thread - Canvas Frame count: 1
2020-08-27 17:04:01,023 [INFO] from com.jpro.meta.stream.Util$ in JavaFX Application Thread - 
2020-08-27 17:04:01,023 [INFO] from com.jpro.meta.stream.Util$ in JavaFX Application Thread - Canvas, id: row-canvas classes: row-canvas
2020-08-27 17:04:01,023 [INFO] from com.jpro.meta.stream.Util$ in JavaFX Application Thread - Canvas overall Frame counter: 28068
2020-08-27 17:04:01,023 [INFO] from com.jpro.meta.stream.Util$ in JavaFX Application Thread - Canvas overall bytes: 76727027
2020-08-27 17:04:01,023 [INFO] from com.jpro.meta.stream.Util$ in JavaFX Application Thread - Canvas Frame counter: 840
2020-08-27 17:04:01,023 [INFO] from com.jpro.meta.stream.Util$ in JavaFX Application Thread - Canvas Frame byts: 7101
2020-08-27 17:04:01,023 [INFO] from com.jpro.meta.stream.Util$ in JavaFX Application Thread - Canvas Frame objs: 18
2020-08-27 17:04:01,023 [INFO] from com.jpro.meta.stream.Util$ in JavaFX Application Thread - Canvas Frame count: 1
2020-08-27 17:04:01,023 [INFO] from com.jpro.meta.stream.Util$ in JavaFX Application Thread - 
2020-08-27 17:04:01,023 [INFO] from com.jpro.meta.stream.Util$ in JavaFX Application Thread - Canvas, id: row-canvas classes: row-canvas
2020-08-27 17:04:01,023 [INFO] from com.jpro.meta.stream.Util$ in JavaFX Application Thread - Canvas overall Frame counter: 28069
2020-08-27 17:04:01,023 [INFO] from com.jpro.meta.stream.Util$ in JavaFX Application Thread - Canvas overall bytes: 76733346
2020-08-27 17:04:01,023 [INFO] from com.jpro.meta.stream.Util$ in JavaFX Application Thread - Canvas Frame counter: 804
2020-08-27 17:04:01,023 [INFO] from com.jpro.meta.stream.Util$ in JavaFX Application Thread - Canvas Frame byts: 6319
2020-08-27 17:04:01,023 [INFO] from com.jpro.meta.stream.Util$ in JavaFX Application Thread - Canvas Frame objs: 18
2020-08-27 17:04:01,023 [INFO] from com.jpro.meta.stream.Util$ in JavaFX Application Thread - Canvas Frame count: 1
2020-08-27 17:04:01,023 [INFO] from com.jpro.meta.stream.Util$ in JavaFX Application Thread - 
2020-08-27 17:04:01,023 [INFO] from com.jpro.meta.stream.Util$ in JavaFX Application Thread - Canvas, id: row-canvas classes: row-canvas
2020-08-27 17:04:01,023 [INFO] from com.jpro.meta.stream.Util$ in JavaFX Application Thread - Canvas overall Frame counter: 28070
2020-08-27 17:04:01,023 [INFO] from com.jpro.meta.stream.Util$ in JavaFX Application Thread - Canvas overall bytes: 76739359
2020-08-27 17:04:01,023 [INFO] from com.jpro.meta.stream.Util$ in JavaFX Application Thread - Canvas Frame counter: 558
2020-08-27 17:04:01,023 [INFO] from com.jpro.meta.stream.Util$ in JavaFX Application Thread - Canvas Frame byts: 6013
2020-08-27 17:04:01,023 [INFO] from com.jpro.meta.stream.Util$ in JavaFX Application Thread - Canvas Frame objs: 18
2020-08-27 17:04:01,023 [INFO] from com.jpro.meta.stream.Util$ in JavaFX Application Thread - Canvas Frame count: 1
2020-08-27 17:04:01,023 [INFO] from com.jpro.meta.stream.Util$ in JavaFX Application Thread - 
2020-08-27 17:04:01,023 [INFO] from com.jpro.meta.stream.Util$ in JavaFX Application Thread - Canvas, id: row-canvas classes: row-canvas
2020-08-27 17:04:01,023 [INFO] from com.jpro.meta.stream.Util$ in JavaFX Application Thread - Canvas overall Frame counter: 28071
2020-08-27 17:04:01,023 [INFO] from com.jpro.meta.stream.Util$ in JavaFX Application Thread - Canvas overall bytes: 76745610
2020-08-27 17:04:01,023 [INFO] from com.jpro.meta.stream.Util$ in JavaFX Application Thread - Canvas Frame counter: 517
2020-08-27 17:04:01,023 [INFO] from com.jpro.meta.stream.Util$ in JavaFX Application Thread - Canvas Frame byts: 6251
2020-08-27 17:04:01,023 [INFO] from com.jpro.meta.stream.Util$ in JavaFX Application Thread - Canvas Frame objs: 18
2020-08-27 17:04:01,023 [INFO] from com.jpro.meta.stream.Util$ in JavaFX Application Thread - Canvas Frame count: 1
2020-08-27 17:04:01,023 [INFO] from com.jpro.meta.stream.Util$ in JavaFX Application Thread - 
2020-08-27 17:04:01,023 [INFO] from com.jpro.meta.stream.Util$ in JavaFX Application Thread - Canvas, id: row-canvas classes: row-canvas
2020-08-27 17:04:01,023 [INFO] from com.jpro.meta.stream.Util$ in JavaFX Application Thread - Canvas overall Frame counter: 28072
2020-08-27 17:04:01,023 [INFO] from com.jpro.meta.stream.Util$ in JavaFX Application Thread - Canvas overall bytes: 76751487
2020-08-27 17:04:01,023 [INFO] from com.jpro.meta.stream.Util$ in JavaFX Application Thread - Canvas Frame counter: 560
2020-08-27 17:04:01,023 [INFO] from com.jpro.meta.stream.Util$ in JavaFX Application Thread - Canvas Frame byts: 5877
2020-08-27 17:04:01,023 [INFO] from com.jpro.meta.stream.Util$ in JavaFX Application Thread - Canvas Frame objs: 18
2020-08-27 17:04:01,023 [INFO] from com.jpro.meta.stream.Util$ in JavaFX Application Thread - Canvas Frame count: 1
2020-08-27 17:04:01,023 [INFO] from com.jpro.meta.stream.Util$ in JavaFX Application Thread - 
2020-08-27 17:04:01,023 [INFO] from com.jpro.meta.stream.Util$ in JavaFX Application Thread - Canvas, id: row-canvas classes: row-canvas
2020-08-27 17:04:01,023 [INFO] from com.jpro.meta.stream.Util$ in JavaFX Application Thread - Canvas overall Frame counter: 28073
2020-08-27 17:04:01,023 [INFO] from com.jpro.meta.stream.Util$ in JavaFX Application Thread - Canvas overall bytes: 76757092
2020-08-27 17:04:01,023 [INFO] from com.jpro.meta.stream.Util$ in JavaFX Application Thread - Canvas Frame counter: 529
2020-08-27 17:04:01,023 [INFO] from com.jpro.meta.stream.Util$ in JavaFX Application Thread - Canvas Frame byts: 5605
2020-08-27 17:04:01,023 [INFO] from com.jpro.meta.stream.Util$ in JavaFX Application Thread - Canvas Frame objs: 18
2020-08-27 17:04:01,023 [INFO] from com.jpro.meta.stream.Util$ in JavaFX Application Thread - Canvas Frame count: 1
2020-08-27 17:04:01,023 [INFO] from com.jpro.meta.stream.Util$ in JavaFX Application Thread - 
2020-08-27 17:04:01,023 [INFO] from com.jpro.meta.stream.Util$ in JavaFX Application Thread - Canvas, id: row-canvas classes: row-canvas
2020-08-27 17:04:01,023 [INFO] from com.jpro.meta.stream.Util$ in JavaFX Application Thread - Canvas overall Frame counter: 28074
2020-08-27 17:04:01,023 [INFO] from com.jpro.meta.stream.Util$ in JavaFX Application Thread - Canvas overall bytes: 76764193
2020-08-27 17:04:01,023 [INFO] from com.jpro.meta.stream.Util$ in JavaFX Application Thread - Canvas Frame counter: 722
2020-08-27 17:04:01,023 [INFO] from com.jpro.meta.stream.Util$ in JavaFX Application Thread - Canvas Frame byts: 7101
2020-08-27 17:04:01,023 [INFO] from com.jpro.meta.stream.Util$ in JavaFX Application Thread - Canvas Frame objs: 18
2020-08-27 17:04:01,023 [INFO] from com.jpro.meta.stream.Util$ in JavaFX Application Thread - Canvas Frame count: 1
2020-08-27 17:04:01,041 [INFO] from com.jpro.meta.stream.Util$ in JavaFX Application Thread - 
2020-08-27 17:04:01,041 [INFO] from com.jpro.meta.stream.Util$ in JavaFX Application Thread - Canvas, id: row-canvas classes: row-canvas
2020-08-27 17:04:01,041 [INFO] from com.jpro.meta.stream.Util$ in JavaFX Application Thread - Canvas overall Frame counter: 28075
2020-08-27 17:04:01,041 [INFO] from com.jpro.meta.stream.Util$ in JavaFX Application Thread - Canvas overall bytes: 76770070
2020-08-27 17:04:01,041 [INFO] from com.jpro.meta.stream.Util$ in JavaFX Application Thread - Canvas Frame counter: 848
2020-08-27 17:04:01,041 [INFO] from com.jpro.meta.stream.Util$ in JavaFX Application Thread - Canvas Frame byts: 5877
2020-08-27 17:04:01,041 [INFO] from com.jpro.meta.stream.Util$ in JavaFX Application Thread - Canvas Frame objs: 18
2020-08-27 17:04:01,041 [INFO] from com.jpro.meta.stream.Util$ in JavaFX Application Thread - Canvas Frame count: 1
2020-08-27 17:04:01,041 [INFO] from com.jpro.meta.stream.Util$ in JavaFX Application Thread - 
2020-08-27 17:04:01,041 [INFO] from com.jpro.meta.stream.Util$ in JavaFX Application Thread - Canvas, id: row-canvas classes: row-canvas
2020-08-27 17:04:01,041 [INFO] from com.jpro.meta.stream.Util$ in JavaFX Application Thread - Canvas overall Frame counter: 28076
2020-08-27 17:04:01,041 [INFO] from com.jpro.meta.stream.Util$ in JavaFX Application Thread - Canvas overall bytes: 76777137
2020-08-27 17:04:01,041 [INFO] from com.jpro.meta.stream.Util$ in JavaFX Application Thread - Canvas Frame counter: 780
2020-08-27 17:04:01,041 [INFO] from com.jpro.meta.stream.Util$ in JavaFX Application Thread - Canvas Frame byts: 7067
2020-08-27 17:04:01,041 [INFO] from com.jpro.meta.stream.Util$ in JavaFX Application Thread - Canvas Frame objs: 18
2020-08-27 17:04:01,041 [INFO] from com.jpro.meta.stream.Util$ in JavaFX Application Thread - Canvas Frame count: 1
2020-08-27 17:04:01,041 [INFO] from com.jpro.meta.stream.Util$ in JavaFX Application Thread - 
2020-08-27 17:04:01,041 [INFO] from com.jpro.meta.stream.Util$ in JavaFX Application Thread - Canvas, id: row-canvas classes: row-canvas
2020-08-27 17:04:01,041 [INFO] from com.jpro.meta.stream.Util$ in JavaFX Application Thread - Canvas overall Frame counter: 28077
2020-08-27 17:04:01,041 [INFO] from com.jpro.meta.stream.Util$ in JavaFX Application Thread - Canvas overall bytes: 76783184
2020-08-27 17:04:01,041 [INFO] from com.jpro.meta.stream.Util$ in JavaFX Application Thread - Canvas Frame counter: 798
2020-08-27 17:04:01,041 [INFO] from com.jpro.meta.stream.Util$ in JavaFX Application Thread - Canvas Frame byts: 6047
2020-08-27 17:04:01,041 [INFO] from com.jpro.meta.stream.Util$ in JavaFX Application Thread - Canvas Frame objs: 18
2020-08-27 17:04:01,041 [INFO] from com.jpro.meta.stream.Util$ in JavaFX Application Thread - Canvas Frame count: 1
2020-08-27 17:04:01,041 [INFO] from com.jpro.meta.stream.Util$ in JavaFX Application Thread - 
2020-08-27 17:04:01,041 [INFO] from com.jpro.meta.stream.Util$ in JavaFX Application Thread - Canvas, id: row-canvas classes: row-canvas
2020-08-27 17:04:01,041 [INFO] from com.jpro.meta.stream.Util$ in JavaFX Application Thread - Canvas overall Frame counter: 28078
2020-08-27 17:04:01,041 [INFO] from com.jpro.meta.stream.Util$ in JavaFX Application Thread - Canvas overall bytes: 76789027
2020-08-27 17:04:01,041 [INFO] from com.jpro.meta.stream.Util$ in JavaFX Application Thread - Canvas Frame counter: 802
2020-08-27 17:04:01,041 [INFO] from com.jpro.meta.stream.Util$ in JavaFX Application Thread - Canvas Frame byts: 5843
2020-08-27 17:04:01,041 [INFO] from com.jpro.meta.stream.Util$ in JavaFX Application Thread - Canvas Frame objs: 18
2020-08-27 17:04:01,041 [INFO] from com.jpro.meta.stream.Util$ in JavaFX Application Thread - Canvas Frame count: 1
2020-08-27 17:04:01,041 [INFO] from com.jpro.meta.stream.Util$ in JavaFX Application Thread - 
2020-08-27 17:04:01,041 [INFO] from com.jpro.meta.stream.Util$ in JavaFX Application Thread - Canvas, id: row-canvas classes: row-canvas
2020-08-27 17:04:01,041 [INFO] from com.jpro.meta.stream.Util$ in JavaFX Application Thread - Canvas overall Frame counter: 28079
2020-08-27 17:04:01,041 [INFO] from com.jpro.meta.stream.Util$ in JavaFX Application Thread - Canvas overall bytes: 76794802
2020-08-27 17:04:01,041 [INFO] from com.jpro.meta.stream.Util$ in JavaFX Application Thread - Canvas Frame counter: 795
2020-08-27 17:04:01,041 [INFO] from com.jpro.meta.stream.Util$ in JavaFX Application Thread - Canvas Frame byts: 5775
2020-08-27 17:04:01,041 [INFO] from com.jpro.meta.stream.Util$ in JavaFX Application Thread - Canvas Frame objs: 18
2020-08-27 17:04:01,041 [INFO] from com.jpro.meta.stream.Util$ in JavaFX Application Thread - Canvas Frame count: 1
2020-08-27 17:04:01,041 [INFO] from com.jpro.meta.stream.Util$ in JavaFX Application Thread - 
2020-08-27 17:04:01,041 [INFO] from com.jpro.meta.stream.Util$ in JavaFX Application Thread - Canvas, id: row-canvas classes: row-canvas
2020-08-27 17:04:01,041 [INFO] from com.jpro.meta.stream.Util$ in JavaFX Application Thread - Canvas overall Frame counter: 28080
2020-08-27 17:04:01,041 [INFO] from com.jpro.meta.stream.Util$ in JavaFX Application Thread - Canvas overall bytes: 76800951
2020-08-27 17:04:01,041 [INFO] from com.jpro.meta.stream.Util$ in JavaFX Application Thread - Canvas Frame counter: 2218
2020-08-27 17:04:01,041 [INFO] from com.jpro.meta.stream.Util$ in JavaFX Application Thread - Canvas Frame byts: 6149
2020-08-27 17:04:01,041 [INFO] from com.jpro.meta.stream.Util$ in JavaFX Application Thread - Canvas Frame objs: 18
2020-08-27 17:04:01,041 [INFO] from com.jpro.meta.stream.Util$ in JavaFX Application Thread - Canvas Frame count: 1
2020-08-27 17:04:01,041 [INFO] from com.jpro.meta.stream.Util$ in JavaFX Application Thread - 
2020-08-27 17:04:01,041 [INFO] from com.jpro.meta.stream.Util$ in JavaFX Application Thread - Canvas, id: row-canvas classes: row-canvas
2020-08-27 17:04:01,041 [INFO] from com.jpro.meta.stream.Util$ in JavaFX Application Thread - Canvas overall Frame counter: 28081
2020-08-27 17:04:01,041 [INFO] from com.jpro.meta.stream.Util$ in JavaFX Application Thread - Canvas overall bytes: 76807168
2020-08-27 17:04:01,041 [INFO] from com.jpro.meta.stream.Util$ in JavaFX Application Thread - Canvas Frame counter: 2163
2020-08-27 17:04:01,041 [INFO] from com.jpro.meta.stream.Util$ in JavaFX Application Thread - Canvas Frame byts: 6217
2020-08-27 17:04:01,041 [INFO] from com.jpro.meta.stream.Util$ in JavaFX Application Thread - Canvas Frame objs: 18
2020-08-27 17:04:01,041 [INFO] from com.jpro.meta.stream.Util$ in JavaFX Application Thread - Canvas Frame count: 1
2020-08-27 17:04:01,041 [INFO] from com.jpro.meta.stream.Util$ in JavaFX Application Thread - 
2020-08-27 17:04:01,041 [INFO] from com.jpro.meta.stream.Util$ in JavaFX Application Thread - Canvas, id: row-canvas classes: row-canvas
2020-08-27 17:04:01,041 [INFO] from com.jpro.meta.stream.Util$ in JavaFX Application Thread - Canvas overall Frame counter: 28082
2020-08-27 17:04:01,041 [INFO] from com.jpro.meta.stream.Util$ in JavaFX Application Thread - Canvas overall bytes: 76814235
2020-08-27 17:04:01,041 [INFO] from com.jpro.meta.stream.Util$ in JavaFX Application Thread - Canvas Frame counter: 2154
2020-08-27 17:04:01,041 [INFO] from com.jpro.meta.stream.Util$ in JavaFX Application Thread - Canvas Frame byts: 7067
2020-08-27 17:04:01,041 [INFO] from com.jpro.meta.stream.Util$ in JavaFX Application Thread - Canvas Frame objs: 18
2020-08-27 17:04:01,041 [INFO] from com.jpro.meta.stream.Util$ in JavaFX Application Thread - Canvas Frame count: 1
2020-08-27 17:04:01,041 [INFO] from com.jpro.meta.stream.Util$ in JavaFX Application Thread - 
2020-08-27 17:04:01,041 [INFO] from com.jpro.meta.stream.Util$ in JavaFX Application Thread - Canvas, id: row-canvas classes: row-canvas
2020-08-27 17:04:01,041 [INFO] from com.jpro.meta.stream.Util$ in JavaFX Application Thread - Canvas overall Frame counter: 28083
2020-08-27 17:04:01,041 [INFO] from com.jpro.meta.stream.Util$ in JavaFX Application Thread - Canvas overall bytes: 76820350
2020-08-27 17:04:01,041 [INFO] from com.jpro.meta.stream.Util$ in JavaFX Application Thread - Canvas Frame counter: 2027
2020-08-27 17:04:01,041 [INFO] from com.jpro.meta.stream.Util$ in JavaFX Application Thread - Canvas Frame byts: 6115
2020-08-27 17:04:01,041 [INFO] from com.jpro.meta.stream.Util$ in JavaFX Application Thread - Canvas Frame objs: 18
2020-08-27 17:04:01,041 [INFO] from com.jpro.meta.stream.Util$ in JavaFX Application Thread - Canvas Frame count: 1
2020-08-27 17:04:01,041 [INFO] from com.jpro.meta.stream.Util$ in JavaFX Application Thread - 
2020-08-27 17:04:01,041 [INFO] from com.jpro.meta.stream.Util$ in JavaFX Application Thread - Canvas, id: row-canvas classes: row-canvas
2020-08-27 17:04:01,041 [INFO] from com.jpro.meta.stream.Util$ in JavaFX Application Thread - Canvas overall Frame counter: 28084
2020-08-27 17:04:01,041 [INFO] from com.jpro.meta.stream.Util$ in JavaFX Application Thread - Canvas overall bytes: 76827417
2020-08-27 17:04:01,041 [INFO] from com.jpro.meta.stream.Util$ in JavaFX Application Thread - Canvas Frame counter: 2209
2020-08-27 17:04:01,041 [INFO] from com.jpro.meta.stream.Util$ in JavaFX Application Thread - Canvas Frame byts: 7067
2020-08-27 17:04:01,041 [INFO] from com.jpro.meta.stream.Util$ in JavaFX Application Thread - Canvas Frame objs: 18
2020-08-27 17:04:01,041 [INFO] from com.jpro.meta.stream.Util$ in JavaFX Application Thread - Canvas Frame count: 1
2020-08-27 17:04:01,041 [INFO] from com.jpro.meta.stream.Util$ in JavaFX Application Thread - 
2020-08-27 17:04:01,041 [INFO] from com.jpro.meta.stream.Util$ in JavaFX Application Thread - Canvas, id: row-canvas classes: row-canvas
2020-08-27 17:04:01,041 [INFO] from com.jpro.meta.stream.Util$ in JavaFX Application Thread - Canvas overall Frame counter: 28085
2020-08-27 17:04:01,041 [INFO] from com.jpro.meta.stream.Util$ in JavaFX Application Thread - Canvas overall bytes: 76834484
2020-08-27 17:04:01,041 [INFO] from com.jpro.meta.stream.Util$ in JavaFX Application Thread - Canvas Frame counter: 2292
2020-08-27 17:04:01,041 [INFO] from com.jpro.meta.stream.Util$ in JavaFX Application Thread - Canvas Frame byts: 7067
2020-08-27 17:04:01,041 [INFO] from com.jpro.meta.stream.Util$ in JavaFX Application Thread - Canvas Frame objs: 18
2020-08-27 17:04:01,041 [INFO] from com.jpro.meta.stream.Util$ in JavaFX Application Thread - Canvas Frame count: 1
2020-08-27 17:04:01,041 [INFO] from com.jpro.meta.stream.Util$ in JavaFX Application Thread - 
2020-08-27 17:04:01,041 [INFO] from com.jpro.meta.stream.Util$ in JavaFX Application Thread - Canvas, id: row-canvas classes: row-canvas
2020-08-27 17:04:01,041 [INFO] from com.jpro.meta.stream.Util$ in JavaFX Application Thread - Canvas overall Frame counter: 28086
2020-08-27 17:04:01,041 [INFO] from com.jpro.meta.stream.Util$ in JavaFX Application Thread - Canvas overall bytes: 76839919
2020-08-27 17:04:01,041 [INFO] from com.jpro.meta.stream.Util$ in JavaFX Application Thread - Canvas Frame counter: 2165
2020-08-27 17:04:01,041 [INFO] from com.jpro.meta.stream.Util$ in JavaFX Application Thread - Canvas Frame byts: 5435
2020-08-27 17:04:01,041 [INFO] from com.jpro.meta.stream.Util$ in JavaFX Application Thread - Canvas Frame objs: 18
2020-08-27 17:04:01,041 [INFO] from com.jpro.meta.stream.Util$ in JavaFX Application Thread - Canvas Frame count: 1
2020-08-27 17:04:01,041 [INFO] from com.jpro.meta.stream.Util$ in JavaFX Application Thread - 
2020-08-27 17:04:01,041 [INFO] from com.jpro.meta.stream.Util$ in JavaFX Application Thread - Canvas, id: row-canvas classes: row-canvas
2020-08-27 17:04:01,041 [INFO] from com.jpro.meta.stream.Util$ in JavaFX Application Thread - Canvas overall Frame counter: 28087
2020-08-27 17:04:01,041 [INFO] from com.jpro.meta.stream.Util$ in JavaFX Application Thread - Canvas overall bytes: 76846986
2020-08-27 17:04:01,041 [INFO] from com.jpro.meta.stream.Util$ in JavaFX Application Thread - Canvas Frame counter: 836
2020-08-27 17:04:01,041 [INFO] from com.jpro.meta.stream.Util$ in JavaFX Application Thread - Canvas Frame byts: 7067
2020-08-27 17:04:01,041 [INFO] from com.jpro.meta.stream.Util$ in JavaFX Application Thread - Canvas Frame objs: 18
2020-08-27 17:04:01,041 [INFO] from com.jpro.meta.stream.Util$ in JavaFX Application Thread - Canvas Frame count: 1
2020-08-27 17:04:01,041 [INFO] from com.jpro.meta.stream.Util$ in JavaFX Application Thread - 
2020-08-27 17:04:01,041 [INFO] from com.jpro.meta.stream.Util$ in JavaFX Application Thread - Canvas, id: row-canvas classes: row-canvas
2020-08-27 17:04:01,041 [INFO] from com.jpro.meta.stream.Util$ in JavaFX Application Thread - Canvas overall Frame counter: 28088
2020-08-27 17:04:01,041 [INFO] from com.jpro.meta.stream.Util$ in JavaFX Application Thread - Canvas overall bytes: 76854053
2020-08-27 17:04:01,041 [INFO] from com.jpro.meta.stream.Util$ in JavaFX Application Thread - Canvas Frame counter: 841
2020-08-27 17:04:01,041 [INFO] from com.jpro.meta.stream.Util$ in JavaFX Application Thread - Canvas Frame byts: 7067
2020-08-27 17:04:01,041 [INFO] from com.jpro.meta.stream.Util$ in JavaFX Application Thread - Canvas Frame objs: 18
2020-08-27 17:04:01,041 [INFO] from com.jpro.meta.stream.Util$ in JavaFX Application Thread - Canvas Frame count: 1
2020-08-27 17:04:01,041 [INFO] from com.jpro.meta.stream.Util$ in JavaFX Application Thread - 
2020-08-27 17:04:01,041 [INFO] from com.jpro.meta.stream.Util$ in JavaFX Application Thread - Canvas, id: row-canvas classes: row-canvas
2020-08-27 17:04:01,041 [INFO] from com.jpro.meta.stream.Util$ in JavaFX Application Thread - Canvas overall Frame counter: 28089
2020-08-27 17:04:01,041 [INFO] from com.jpro.meta.stream.Util$ in JavaFX Application Thread - Canvas overall bytes: 76860372
2020-08-27 17:04:01,041 [INFO] from com.jpro.meta.stream.Util$ in JavaFX Application Thread - Canvas Frame counter: 805
2020-08-27 17:04:01,041 [INFO] from com.jpro.meta.stream.Util$ in JavaFX Application Thread - Canvas Frame byts: 6319
2020-08-27 17:04:01,041 [INFO] from com.jpro.meta.stream.Util$ in JavaFX Application Thread - Canvas Frame objs: 18
2020-08-27 17:04:01,041 [INFO] from com.jpro.meta.stream.Util$ in JavaFX Application Thread - Canvas Frame count: 1
2020-08-27 17:04:01,041 [INFO] from com.jpro.meta.stream.Util$ in JavaFX Application Thread - 
2020-08-27 17:04:01,041 [INFO] from com.jpro.meta.stream.Util$ in JavaFX Application Thread - Canvas, id: row-canvas classes: row-canvas
2020-08-27 17:04:01,041 [INFO] from com.jpro.meta.stream.Util$ in JavaFX Application Thread - Canvas overall Frame counter: 28090
2020-08-27 17:04:01,041 [INFO] from com.jpro.meta.stream.Util$ in JavaFX Application Thread - Canvas overall bytes: 76866385
2020-08-27 17:04:01,041 [INFO] from com.jpro.meta.stream.Util$ in JavaFX Application Thread - Canvas Frame counter: 559
2020-08-27 17:04:01,041 [INFO] from com.jpro.meta.stream.Util$ in JavaFX Application Thread - Canvas Frame byts: 6013
2020-08-27 17:04:01,041 [INFO] from com.jpro.meta.stream.Util$ in JavaFX Application Thread - Canvas Frame objs: 18
2020-08-27 17:04:01,041 [INFO] from com.jpro.meta.stream.Util$ in JavaFX Application Thread - Canvas Frame count: 1
2020-08-27 17:04:01,041 [INFO] from com.jpro.meta.stream.Util$ in JavaFX Application Thread - 
2020-08-27 17:04:01,041 [INFO] from com.jpro.meta.stream.Util$ in JavaFX Application Thread - Canvas, id: row-canvas classes: row-canvas
2020-08-27 17:04:01,041 [INFO] from com.jpro.meta.stream.Util$ in JavaFX Application Thread - Canvas overall Frame counter: 28091
2020-08-27 17:04:01,041 [INFO] from com.jpro.meta.stream.Util$ in JavaFX Application Thread - Canvas overall bytes: 76872636
2020-08-27 17:04:01,041 [INFO] from com.jpro.meta.stream.Util$ in JavaFX Application Thread - Canvas Frame counter: 518
2020-08-27 17:04:01,041 [INFO] from com.jpro.meta.stream.Util$ in JavaFX Application Thread - Canvas Frame byts: 6251
2020-08-27 17:04:01,041 [INFO] from com.jpro.meta.stream.Util$ in JavaFX Application Thread - Canvas Frame objs: 18
2020-08-27 17:04:01,041 [INFO] from com.jpro.meta.stream.Util$ in JavaFX Application Thread - Canvas Frame count: 1
2020-08-27 17:04:01,041 [INFO] from com.jpro.meta.stream.Util$ in JavaFX Application Thread - 
2020-08-27 17:04:01,041 [INFO] from com.jpro.meta.stream.Util$ in JavaFX Application Thread - Canvas, id: row-canvas classes: row-canvas
2020-08-27 17:04:01,041 [INFO] from com.jpro.meta.stream.Util$ in JavaFX Application Thread - Canvas overall Frame counter: 28092
2020-08-27 17:04:01,041 [INFO] from com.jpro.meta.stream.Util$ in JavaFX Application Thread - Canvas overall bytes: 76878513
2020-08-27 17:04:01,041 [INFO] from com.jpro.meta.stream.Util$ in JavaFX Application Thread - Canvas Frame counter: 561
2020-08-27 17:04:01,041 [INFO] from com.jpro.meta.stream.Util$ in JavaFX Application Thread - Canvas Frame byts: 5877
2020-08-27 17:04:01,041 [INFO] from com.jpro.meta.stream.Util$ in JavaFX Application Thread - Canvas Frame objs: 18
2020-08-27 17:04:01,041 [INFO] from com.jpro.meta.stream.Util$ in JavaFX Application Thread - Canvas Frame count: 1
2020-08-27 17:04:01,041 [INFO] from com.jpro.meta.stream.Util$ in JavaFX Application Thread - 
2020-08-27 17:04:01,041 [INFO] from com.jpro.meta.stream.Util$ in JavaFX Application Thread - Canvas, id: row-canvas classes: row-canvas
2020-08-27 17:04:01,041 [INFO] from com.jpro.meta.stream.Util$ in JavaFX Application Thread - Canvas overall Frame counter: 28093
2020-08-27 17:04:01,041 [INFO] from com.jpro.meta.stream.Util$ in JavaFX Application Thread - Canvas overall bytes: 76884118
2020-08-27 17:04:01,041 [INFO] from com.jpro.meta.stream.Util$ in JavaFX Application Thread - Canvas Frame counter: 530
2020-08-27 17:04:01,041 [INFO] from com.jpro.meta.stream.Util$ in JavaFX Application Thread - Canvas Frame byts: 5605
2020-08-27 17:04:01,041 [INFO] from com.jpro.meta.stream.Util$ in JavaFX Application Thread - Canvas Frame objs: 18
2020-08-27 17:04:01,041 [INFO] from com.jpro.meta.stream.Util$ in JavaFX Application Thread - Canvas Frame count: 1
2020-08-27 17:04:01,041 [INFO] from com.jpro.meta.stream.Util$ in JavaFX Application Thread - 
2020-08-27 17:04:01,041 [INFO] from com.jpro.meta.stream.Util$ in JavaFX Application Thread - Canvas, id: row-canvas classes: row-canvas
2020-08-27 17:04:01,041 [INFO] from com.jpro.meta.stream.Util$ in JavaFX Application Thread - Canvas overall Frame counter: 28094
2020-08-27 17:04:01,041 [INFO] from com.jpro.meta.stream.Util$ in JavaFX Application Thread - Canvas overall bytes: 76891185
2020-08-27 17:04:01,041 [INFO] from com.jpro.meta.stream.Util$ in JavaFX Application Thread - Canvas Frame counter: 723
2020-08-27 17:04:01,041 [INFO] from com.jpro.meta.stream.Util$ in JavaFX Application Thread - Canvas Frame byts: 7067
2020-08-27 17:04:01,041 [INFO] from com.jpro.meta.stream.Util$ in JavaFX Application Thread - Canvas Frame objs: 18
2020-08-27 17:04:01,041 [INFO] from com.jpro.meta.stream.Util$ in JavaFX Application Thread - Canvas Frame count: 1
2020-08-27 17:04:01,075 [INFO] from com.jpro.meta.stream.Util$ in JavaFX Application Thread - 
2020-08-27 17:04:01,075 [INFO] from com.jpro.meta.stream.Util$ in JavaFX Application Thread - Canvas, id: row-canvas classes: row-canvas
2020-08-27 17:04:01,075 [INFO] from com.jpro.meta.stream.Util$ in JavaFX Application Thread - Canvas overall Frame counter: 28095
2020-08-27 17:04:01,075 [INFO] from com.jpro.meta.stream.Util$ in JavaFX Application Thread - Canvas overall bytes: 76897062
2020-08-27 17:04:01,075 [INFO] from com.jpro.meta.stream.Util$ in JavaFX Application Thread - Canvas Frame counter: 849
2020-08-27 17:04:01,075 [INFO] from com.jpro.meta.stream.Util$ in JavaFX Application Thread - Canvas Frame byts: 5877
2020-08-27 17:04:01,075 [INFO] from com.jpro.meta.stream.Util$ in JavaFX Application Thread - Canvas Frame objs: 18
2020-08-27 17:04:01,075 [INFO] from com.jpro.meta.stream.Util$ in JavaFX Application Thread - Canvas Frame count: 1
2020-08-27 17:04:01,075 [INFO] from com.jpro.meta.stream.Util$ in JavaFX Application Thread - 
2020-08-27 17:04:01,075 [INFO] from com.jpro.meta.stream.Util$ in JavaFX Application Thread - Canvas, id: row-canvas classes: row-canvas
2020-08-27 17:04:01,075 [INFO] from com.jpro.meta.stream.Util$ in JavaFX Application Thread - Canvas overall Frame counter: 28096
2020-08-27 17:04:01,075 [INFO] from com.jpro.meta.stream.Util$ in JavaFX Application Thread - Canvas overall bytes: 76904095
2020-08-27 17:04:01,075 [INFO] from com.jpro.meta.stream.Util$ in JavaFX Application Thread - Canvas Frame counter: 781
2020-08-27 17:04:01,075 [INFO] from com.jpro.meta.stream.Util$ in JavaFX Application Thread - Canvas Frame byts: 7033
2020-08-27 17:04:01,075 [INFO] from com.jpro.meta.stream.Util$ in JavaFX Application Thread - Canvas Frame objs: 18
2020-08-27 17:04:01,075 [INFO] from com.jpro.meta.stream.Util$ in JavaFX Application Thread - Canvas Frame count: 1
2020-08-27 17:04:01,075 [INFO] from com.jpro.meta.stream.Util$ in JavaFX Application Thread - 
2020-08-27 17:04:01,075 [INFO] from com.jpro.meta.stream.Util$ in JavaFX Application Thread - Canvas, id: row-canvas classes: row-canvas
2020-08-27 17:04:01,075 [INFO] from com.jpro.meta.stream.Util$ in JavaFX Application Thread - Canvas overall Frame counter: 28097
2020-08-27 17:04:01,075 [INFO] from com.jpro.meta.stream.Util$ in JavaFX Application Thread - Canvas overall bytes: 76910142
2020-08-27 17:04:01,075 [INFO] from com.jpro.meta.stream.Util$ in JavaFX Application Thread - Canvas Frame counter: 799
2020-08-27 17:04:01,075 [INFO] from com.jpro.meta.stream.Util$ in JavaFX Application Thread - Canvas Frame byts: 6047
2020-08-27 17:04:01,075 [INFO] from com.jpro.meta.stream.Util$ in JavaFX Application Thread - Canvas Frame objs: 18
2020-08-27 17:04:01,075 [INFO] from com.jpro.meta.stream.Util$ in JavaFX Application Thread - Canvas Frame count: 1
2020-08-27 17:04:01,075 [INFO] from com.jpro.meta.stream.Util$ in JavaFX Application Thread - 
2020-08-27 17:04:01,075 [INFO] from com.jpro.meta.stream.Util$ in JavaFX Application Thread - Canvas, id: row-canvas classes: row-canvas
2020-08-27 17:04:01,075 [INFO] from com.jpro.meta.stream.Util$ in JavaFX Application Thread - Canvas overall Frame counter: 28098
2020-08-27 17:04:01,075 [INFO] from com.jpro.meta.stream.Util$ in JavaFX Application Thread - Canvas overall bytes: 76915985
2020-08-27 17:04:01,075 [INFO] from com.jpro.meta.stream.Util$ in JavaFX Application Thread - Canvas Frame counter: 803
2020-08-27 17:04:01,075 [INFO] from com.jpro.meta.stream.Util$ in JavaFX Application Thread - Canvas Frame byts: 5843
2020-08-27 17:04:01,075 [INFO] from com.jpro.meta.stream.Util$ in JavaFX Application Thread - Canvas Frame objs: 18
2020-08-27 17:04:01,075 [INFO] from com.jpro.meta.stream.Util$ in JavaFX Application Thread - Canvas Frame count: 1
2020-08-27 17:04:01,075 [INFO] from com.jpro.meta.stream.Util$ in JavaFX Application Thread - 
2020-08-27 17:04:01,075 [INFO] from com.jpro.meta.stream.Util$ in JavaFX Application Thread - Canvas, id: row-canvas classes: row-canvas
2020-08-27 17:04:01,075 [INFO] from com.jpro.meta.stream.Util$ in JavaFX Application Thread - Canvas overall Frame counter: 28099
2020-08-27 17:04:01,075 [INFO] from com.jpro.meta.stream.Util$ in JavaFX Application Thread - Canvas overall bytes: 76921760
2020-08-27 17:04:01,075 [INFO] from com.jpro.meta.stream.Util$ in JavaFX Application Thread - Canvas Frame counter: 796
2020-08-27 17:04:01,075 [INFO] from com.jpro.meta.stream.Util$ in JavaFX Application Thread - Canvas Frame byts: 5775
2020-08-27 17:04:01,075 [INFO] from com.jpro.meta.stream.Util$ in JavaFX Application Thread - Canvas Frame objs: 18
2020-08-27 17:04:01,075 [INFO] from com.jpro.meta.stream.Util$ in JavaFX Application Thread - Canvas Frame count: 1
2020-08-27 17:04:01,076 [INFO] from com.jpro.meta.stream.Util$ in JavaFX Application Thread - 
2020-08-27 17:04:01,076 [INFO] from com.jpro.meta.stream.Util$ in JavaFX Application Thread - Canvas, id: row-canvas classes: row-canvas
2020-08-27 17:04:01,076 [INFO] from com.jpro.meta.stream.Util$ in JavaFX Application Thread - Canvas overall Frame counter: 28100
2020-08-27 17:04:01,076 [INFO] from com.jpro.meta.stream.Util$ in JavaFX Application Thread - Canvas overall bytes: 76927909
2020-08-27 17:04:01,076 [INFO] from com.jpro.meta.stream.Util$ in JavaFX Application Thread - Canvas Frame counter: 2219
2020-08-27 17:04:01,076 [INFO] from com.jpro.meta.stream.Util$ in JavaFX Application Thread - Canvas Frame byts: 6149
2020-08-27 17:04:01,076 [INFO] from com.jpro.meta.stream.Util$ in JavaFX Application Thread - Canvas Frame objs: 18
2020-08-27 17:04:01,076 [INFO] from com.jpro.meta.stream.Util$ in JavaFX Application Thread - Canvas Frame count: 1
2020-08-27 17:04:01,076 [INFO] from com.jpro.meta.stream.Util$ in JavaFX Application Thread - 
2020-08-27 17:04:01,076 [INFO] from com.jpro.meta.stream.Util$ in JavaFX Application Thread - Canvas, id: row-canvas classes: row-canvas
2020-08-27 17:04:01,076 [INFO] from com.jpro.meta.stream.Util$ in JavaFX Application Thread - Canvas overall Frame counter: 28101
2020-08-27 17:04:01,076 [INFO] from com.jpro.meta.stream.Util$ in JavaFX Application Thread - Canvas overall bytes: 76934126
2020-08-27 17:04:01,076 [INFO] from com.jpro.meta.stream.Util$ in JavaFX Application Thread - Canvas Frame counter: 2164
2020-08-27 17:04:01,076 [INFO] from com.jpro.meta.stream.Util$ in JavaFX Application Thread - Canvas Frame byts: 6217
2020-08-27 17:04:01,076 [INFO] from com.jpro.meta.stream.Util$ in JavaFX Application Thread - Canvas Frame objs: 18
2020-08-27 17:04:01,076 [INFO] from com.jpro.meta.stream.Util$ in JavaFX Application Thread - Canvas Frame count: 1
2020-08-27 17:04:01,076 [INFO] from com.jpro.meta.stream.Util$ in JavaFX Application Thread - 
2020-08-27 17:04:01,076 [INFO] from com.jpro.meta.stream.Util$ in JavaFX Application Thread - Canvas, id: row-canvas classes: row-canvas
2020-08-27 17:04:01,076 [INFO] from com.jpro.meta.stream.Util$ in JavaFX Application Thread - Canvas overall Frame counter: 28102
2020-08-27 17:04:01,076 [INFO] from com.jpro.meta.stream.Util$ in JavaFX Application Thread - Canvas overall bytes: 76941159
2020-08-27 17:04:01,076 [INFO] from com.jpro.meta.stream.Util$ in JavaFX Application Thread - Canvas Frame counter: 2155
2020-08-27 17:04:01,076 [INFO] from com.jpro.meta.stream.Util$ in JavaFX Application Thread - Canvas Frame byts: 7033
2020-08-27 17:04:01,076 [INFO] from com.jpro.meta.stream.Util$ in JavaFX Application Thread - Canvas Frame objs: 18
2020-08-27 17:04:01,076 [INFO] from com.jpro.meta.stream.Util$ in JavaFX Application Thread - Canvas Frame count: 1
2020-08-27 17:04:01,076 [INFO] from com.jpro.meta.stream.Util$ in JavaFX Application Thread - 
2020-08-27 17:04:01,076 [INFO] from com.jpro.meta.stream.Util$ in JavaFX Application Thread - Canvas, id: row-canvas classes: row-canvas
2020-08-27 17:04:01,076 [INFO] from com.jpro.meta.stream.Util$ in JavaFX Application Thread - Canvas overall Frame counter: 28103
2020-08-27 17:04:01,076 [INFO] from com.jpro.meta.stream.Util$ in JavaFX Application Thread - Canvas overall bytes: 76947274
2020-08-27 17:04:01,076 [INFO] from com.jpro.meta.stream.Util$ in JavaFX Application Thread - Canvas Frame counter: 2028
2020-08-27 17:04:01,076 [INFO] from com.jpro.meta.stream.Util$ in JavaFX Application Thread - Canvas Frame byts: 6115
2020-08-27 17:04:01,076 [INFO] from com.jpro.meta.stream.Util$ in JavaFX Application Thread - Canvas Frame objs: 18
2020-08-27 17:04:01,076 [INFO] from com.jpro.meta.stream.Util$ in JavaFX Application Thread - Canvas Frame count: 1
2020-08-27 17:04:01,076 [INFO] from com.jpro.meta.stream.Util$ in JavaFX Application Thread - 
2020-08-27 17:04:01,076 [INFO] from com.jpro.meta.stream.Util$ in JavaFX Application Thread - Canvas, id: row-canvas classes: row-canvas
2020-08-27 17:04:01,076 [INFO] from com.jpro.meta.stream.Util$ in JavaFX Application Thread - Canvas overall Frame counter: 28104
2020-08-27 17:04:01,076 [INFO] from com.jpro.meta.stream.Util$ in JavaFX Application Thread - Canvas overall bytes: 76954307
2020-08-27 17:04:01,076 [INFO] from com.jpro.meta.stream.Util$ in JavaFX Application Thread - Canvas Frame counter: 2210
2020-08-27 17:04:01,076 [INFO] from com.jpro.meta.stream.Util$ in JavaFX Application Thread - Canvas Frame byts: 7033
2020-08-27 17:04:01,076 [INFO] from com.jpro.meta.stream.Util$ in JavaFX Application Thread - Canvas Frame objs: 18
2020-08-27 17:04:01,076 [INFO] from com.jpro.meta.stream.Util$ in JavaFX Application Thread - Canvas Frame count: 1
2020-08-27 17:04:01,076 [INFO] from com.jpro.meta.stream.Util$ in JavaFX Application Thread - 
2020-08-27 17:04:01,076 [INFO] from com.jpro.meta.stream.Util$ in JavaFX Application Thread - Canvas, id: row-canvas classes: row-canvas
2020-08-27 17:04:01,076 [INFO] from com.jpro.meta.stream.Util$ in JavaFX Application Thread - Canvas overall Frame counter: 28105
2020-08-27 17:04:01,076 [INFO] from com.jpro.meta.stream.Util$ in JavaFX Application Thread - Canvas overall bytes: 76961340
2020-08-27 17:04:01,076 [INFO] from com.jpro.meta.stream.Util$ in JavaFX Application Thread - Canvas Frame counter: 2293
2020-08-27 17:04:01,076 [INFO] from com.jpro.meta.stream.Util$ in JavaFX Application Thread - Canvas Frame byts: 7033
2020-08-27 17:04:01,076 [INFO] from com.jpro.meta.stream.Util$ in JavaFX Application Thread - Canvas Frame objs: 18
2020-08-27 17:04:01,076 [INFO] from com.jpro.meta.stream.Util$ in JavaFX Application Thread - Canvas Frame count: 1
2020-08-27 17:04:01,076 [INFO] from com.jpro.meta.stream.Util$ in JavaFX Application Thread - 
2020-08-27 17:04:01,076 [INFO] from com.jpro.meta.stream.Util$ in JavaFX Application Thread - Canvas, id: row-canvas classes: row-canvas
2020-08-27 17:04:01,076 [INFO] from com.jpro.meta.stream.Util$ in JavaFX Application Thread - Canvas overall Frame counter: 28106
2020-08-27 17:04:01,076 [INFO] from com.jpro.meta.stream.Util$ in JavaFX Application Thread - Canvas overall bytes: 76966775
2020-08-27 17:04:01,076 [INFO] from com.jpro.meta.stream.Util$ in JavaFX Application Thread - Canvas Frame counter: 2166
2020-08-27 17:04:01,076 [INFO] from com.jpro.meta.stream.Util$ in JavaFX Application Thread - Canvas Frame byts: 5435
2020-08-27 17:04:01,076 [INFO] from com.jpro.meta.stream.Util$ in JavaFX Application Thread - Canvas Frame objs: 18
2020-08-27 17:04:01,076 [INFO] from com.jpro.meta.stream.Util$ in JavaFX Application Thread - Canvas Frame count: 1
2020-08-27 17:04:01,076 [INFO] from com.jpro.meta.stream.Util$ in JavaFX Application Thread - 
2020-08-27 17:04:01,076 [INFO] from com.jpro.meta.stream.Util$ in JavaFX Application Thread - Canvas, id: row-canvas classes: row-canvas
2020-08-27 17:04:01,076 [INFO] from com.jpro.meta.stream.Util$ in JavaFX Application Thread - Canvas overall Frame counter: 28107
2020-08-27 17:04:01,076 [INFO] from com.jpro.meta.stream.Util$ in JavaFX Application Thread - Canvas overall bytes: 76973808
2020-08-27 17:04:01,076 [INFO] from com.jpro.meta.stream.Util$ in JavaFX Application Thread - Canvas Frame counter: 837
2020-08-27 17:04:01,076 [INFO] from com.jpro.meta.stream.Util$ in JavaFX Application Thread - Canvas Frame byts: 7033
2020-08-27 17:04:01,076 [INFO] from com.jpro.meta.stream.Util$ in JavaFX Application Thread - Canvas Frame objs: 18
2020-08-27 17:04:01,076 [INFO] from com.jpro.meta.stream.Util$ in JavaFX Application Thread - Canvas Frame count: 1
2020-08-27 17:04:01,076 [INFO] from com.jpro.meta.stream.Util$ in JavaFX Application Thread - 
2020-08-27 17:04:01,076 [INFO] from com.jpro.meta.stream.Util$ in JavaFX Application Thread - Canvas, id: row-canvas classes: row-canvas
2020-08-27 17:04:01,076 [INFO] from com.jpro.meta.stream.Util$ in JavaFX Application Thread - Canvas overall Frame counter: 28108
2020-08-27 17:04:01,076 [INFO] from com.jpro.meta.stream.Util$ in JavaFX Application Thread - Canvas overall bytes: 76980841
2020-08-27 17:04:01,076 [INFO] from com.jpro.meta.stream.Util$ in JavaFX Application Thread - Canvas Frame counter: 842
2020-08-27 17:04:01,076 [INFO] from com.jpro.meta.stream.Util$ in JavaFX Application Thread - Canvas Frame byts: 7033
2020-08-27 17:04:01,076 [INFO] from com.jpro.meta.stream.Util$ in JavaFX Application Thread - Canvas Frame objs: 18
2020-08-27 17:04:01,076 [INFO] from com.jpro.meta.stream.Util$ in JavaFX Application Thread - Canvas Frame count: 1
2020-08-27 17:04:01,076 [INFO] from com.jpro.meta.stream.Util$ in JavaFX Application Thread - 
2020-08-27 17:04:01,076 [INFO] from com.jpro.meta.stream.Util$ in JavaFX Application Thread - Canvas, id: row-canvas classes: row-canvas
2020-08-27 17:04:01,076 [INFO] from com.jpro.meta.stream.Util$ in JavaFX Application Thread - Canvas overall Frame counter: 28109
2020-08-27 17:04:01,076 [INFO] from com.jpro.meta.stream.Util$ in JavaFX Application Thread - Canvas overall bytes: 76987160
2020-08-27 17:04:01,076 [INFO] from com.jpro.meta.stream.Util$ in JavaFX Application Thread - Canvas Frame counter: 806
2020-08-27 17:04:01,076 [INFO] from com.jpro.meta.stream.Util$ in JavaFX Application Thread - Canvas Frame byts: 6319
2020-08-27 17:04:01,076 [INFO] from com.jpro.meta.stream.Util$ in JavaFX Application Thread - Canvas Frame objs: 18
2020-08-27 17:04:01,076 [INFO] from com.jpro.meta.stream.Util$ in JavaFX Application Thread - Canvas Frame count: 1
2020-08-27 17:04:01,076 [INFO] from com.jpro.meta.stream.Util$ in JavaFX Application Thread - 
2020-08-27 17:04:01,076 [INFO] from com.jpro.meta.stream.Util$ in JavaFX Application Thread - Canvas, id: row-canvas classes: row-canvas
2020-08-27 17:04:01,076 [INFO] from com.jpro.meta.stream.Util$ in JavaFX Application Thread - Canvas overall Frame counter: 28110
2020-08-27 17:04:01,076 [INFO] from com.jpro.meta.stream.Util$ in JavaFX Application Thread - Canvas overall bytes: 76993173
2020-08-27 17:04:01,076 [INFO] from com.jpro.meta.stream.Util$ in JavaFX Application Thread - Canvas Frame counter: 560
2020-08-27 17:04:01,076 [INFO] from com.jpro.meta.stream.Util$ in JavaFX Application Thread - Canvas Frame byts: 6013
2020-08-27 17:04:01,076 [INFO] from com.jpro.meta.stream.Util$ in JavaFX Application Thread - Canvas Frame objs: 18
2020-08-27 17:04:01,076 [INFO] from com.jpro.meta.stream.Util$ in JavaFX Application Thread - Canvas Frame count: 1
2020-08-27 17:04:01,076 [INFO] from com.jpro.meta.stream.Util$ in JavaFX Application Thread - 
2020-08-27 17:04:01,076 [INFO] from com.jpro.meta.stream.Util$ in JavaFX Application Thread - Canvas, id: row-canvas classes: row-canvas
2020-08-27 17:04:01,076 [INFO] from com.jpro.meta.stream.Util$ in JavaFX Application Thread - Canvas overall Frame counter: 28111
2020-08-27 17:04:01,076 [INFO] from com.jpro.meta.stream.Util$ in JavaFX Application Thread - Canvas overall bytes: 76999424
2020-08-27 17:04:01,076 [INFO] from com.jpro.meta.stream.Util$ in JavaFX Application Thread - Canvas Frame counter: 519
2020-08-27 17:04:01,076 [INFO] from com.jpro.meta.stream.Util$ in JavaFX Application Thread - Canvas Frame byts: 6251
2020-08-27 17:04:01,076 [INFO] from com.jpro.meta.stream.Util$ in JavaFX Application Thread - Canvas Frame objs: 18
2020-08-27 17:04:01,076 [INFO] from com.jpro.meta.stream.Util$ in JavaFX Application Thread - Canvas Frame count: 1
2020-08-27 17:04:01,076 [INFO] from com.jpro.meta.stream.Util$ in JavaFX Application Thread - 
2020-08-27 17:04:01,076 [INFO] from com.jpro.meta.stream.Util$ in JavaFX Application Thread - Canvas, id: row-canvas classes: row-canvas
2020-08-27 17:04:01,076 [INFO] from com.jpro.meta.stream.Util$ in JavaFX Application Thread - Canvas overall Frame counter: 28112
2020-08-27 17:04:01,076 [INFO] from com.jpro.meta.stream.Util$ in JavaFX Application Thread - Canvas overall bytes: 77005301
2020-08-27 17:04:01,076 [INFO] from com.jpro.meta.stream.Util$ in JavaFX Application Thread - Canvas Frame counter: 562
2020-08-27 17:04:01,076 [INFO] from com.jpro.meta.stream.Util$ in JavaFX Application Thread - Canvas Frame byts: 5877
2020-08-27 17:04:01,076 [INFO] from com.jpro.meta.stream.Util$ in JavaFX Application Thread - Canvas Frame objs: 18
2020-08-27 17:04:01,076 [INFO] from com.jpro.meta.stream.Util$ in JavaFX Application Thread - Canvas Frame count: 1
2020-08-27 17:04:01,076 [INFO] from com.jpro.meta.stream.Util$ in JavaFX Application Thread - 
2020-08-27 17:04:01,076 [INFO] from com.jpro.meta.stream.Util$ in JavaFX Application Thread - Canvas, id: row-canvas classes: row-canvas
2020-08-27 17:04:01,076 [INFO] from com.jpro.meta.stream.Util$ in JavaFX Application Thread - Canvas overall Frame counter: 28113
2020-08-27 17:04:01,076 [INFO] from com.jpro.meta.stream.Util$ in JavaFX Application Thread - Canvas overall bytes: 77010906
2020-08-27 17:04:01,076 [INFO] from com.jpro.meta.stream.Util$ in JavaFX Application Thread - Canvas Frame counter: 531
2020-08-27 17:04:01,076 [INFO] from com.jpro.meta.stream.Util$ in JavaFX Application Thread - Canvas Frame byts: 5605
2020-08-27 17:04:01,076 [INFO] from com.jpro.meta.stream.Util$ in JavaFX Application Thread - Canvas Frame objs: 18
2020-08-27 17:04:01,076 [INFO] from com.jpro.meta.stream.Util$ in JavaFX Application Thread - Canvas Frame count: 1
2020-08-27 17:04:01,076 [INFO] from com.jpro.meta.stream.Util$ in JavaFX Application Thread - 
2020-08-27 17:04:01,076 [INFO] from com.jpro.meta.stream.Util$ in JavaFX Application Thread - Canvas, id: row-canvas classes: row-canvas
2020-08-27 17:04:01,076 [INFO] from com.jpro.meta.stream.Util$ in JavaFX Application Thread - Canvas overall Frame counter: 28114
2020-08-27 17:04:01,076 [INFO] from com.jpro.meta.stream.Util$ in JavaFX Application Thread - Canvas overall bytes: 77017939
2020-08-27 17:04:01,076 [INFO] from com.jpro.meta.stream.Util$ in JavaFX Application Thread - Canvas Frame counter: 724
2020-08-27 17:04:01,076 [INFO] from com.jpro.meta.stream.Util$ in JavaFX Application Thread - Canvas Frame byts: 7033
2020-08-27 17:04:01,076 [INFO] from com.jpro.meta.stream.Util$ in JavaFX Application Thread - Canvas Frame objs: 18
2020-08-27 17:04:01,076 [INFO] from com.jpro.meta.stream.Util$ in JavaFX Application Thread - Canvas Frame count: 1
2020-08-27 17:04:01,092 [INFO] from com.jpro.meta.stream.Util$ in JavaFX Application Thread - 
2020-08-27 17:04:01,092 [INFO] from com.jpro.meta.stream.Util$ in JavaFX Application Thread - Canvas, id: row-canvas classes: row-canvas
2020-08-27 17:04:01,092 [INFO] from com.jpro.meta.stream.Util$ in JavaFX Application Thread - Canvas overall Frame counter: 28115
2020-08-27 17:04:01,092 [INFO] from com.jpro.meta.stream.Util$ in JavaFX Application Thread - Canvas overall bytes: 77023816
2020-08-27 17:04:01,092 [INFO] from com.jpro.meta.stream.Util$ in JavaFX Application Thread - Canvas Frame counter: 850
2020-08-27 17:04:01,092 [INFO] from com.jpro.meta.stream.Util$ in JavaFX Application Thread - Canvas Frame byts: 5877
2020-08-27 17:04:01,092 [INFO] from com.jpro.meta.stream.Util$ in JavaFX Application Thread - Canvas Frame objs: 18
2020-08-27 17:04:01,092 [INFO] from com.jpro.meta.stream.Util$ in JavaFX Application Thread - Canvas Frame count: 1
2020-08-27 17:04:01,093 [INFO] from com.jpro.meta.stream.Util$ in JavaFX Application Thread - 
2020-08-27 17:04:01,093 [INFO] from com.jpro.meta.stream.Util$ in JavaFX Application Thread - Canvas, id: row-canvas classes: row-canvas
2020-08-27 17:04:01,093 [INFO] from com.jpro.meta.stream.Util$ in JavaFX Application Thread - Canvas overall Frame counter: 28116
2020-08-27 17:04:01,093 [INFO] from com.jpro.meta.stream.Util$ in JavaFX Application Thread - Canvas overall bytes: 77030815
2020-08-27 17:04:01,093 [INFO] from com.jpro.meta.stream.Util$ in JavaFX Application Thread - Canvas Frame counter: 782
2020-08-27 17:04:01,093 [INFO] from com.jpro.meta.stream.Util$ in JavaFX Application Thread - Canvas Frame byts: 6999
2020-08-27 17:04:01,093 [INFO] from com.jpro.meta.stream.Util$ in JavaFX Application Thread - Canvas Frame objs: 18
2020-08-27 17:04:01,093 [INFO] from com.jpro.meta.stream.Util$ in JavaFX Application Thread - Canvas Frame count: 1
2020-08-27 17:04:01,093 [INFO] from com.jpro.meta.stream.Util$ in JavaFX Application Thread - 
2020-08-27 17:04:01,093 [INFO] from com.jpro.meta.stream.Util$ in JavaFX Application Thread - Canvas, id: row-canvas classes: row-canvas
2020-08-27 17:04:01,093 [INFO] from com.jpro.meta.stream.Util$ in JavaFX Application Thread - Canvas overall Frame counter: 28117
2020-08-27 17:04:01,093 [INFO] from com.jpro.meta.stream.Util$ in JavaFX Application Thread - Canvas overall bytes: 77036862
2020-08-27 17:04:01,093 [INFO] from com.jpro.meta.stream.Util$ in JavaFX Application Thread - Canvas Frame counter: 800
2020-08-27 17:04:01,093 [INFO] from com.jpro.meta.stream.Util$ in JavaFX Application Thread - Canvas Frame byts: 6047
2020-08-27 17:04:01,093 [INFO] from com.jpro.meta.stream.Util$ in JavaFX Application Thread - Canvas Frame objs: 18
2020-08-27 17:04:01,093 [INFO] from com.jpro.meta.stream.Util$ in JavaFX Application Thread - Canvas Frame count: 1
2020-08-27 17:04:01,093 [INFO] from com.jpro.meta.stream.Util$ in JavaFX Application Thread - 
2020-08-27 17:04:01,093 [INFO] from com.jpro.meta.stream.Util$ in JavaFX Application Thread - Canvas, id: row-canvas classes: row-canvas
2020-08-27 17:04:01,093 [INFO] from com.jpro.meta.stream.Util$ in JavaFX Application Thread - Canvas overall Frame counter: 28118
2020-08-27 17:04:01,093 [INFO] from com.jpro.meta.stream.Util$ in JavaFX Application Thread - Canvas overall bytes: 77042705
2020-08-27 17:04:01,093 [INFO] from com.jpro.meta.stream.Util$ in JavaFX Application Thread - Canvas Frame counter: 804
2020-08-27 17:04:01,093 [INFO] from com.jpro.meta.stream.Util$ in JavaFX Application Thread - Canvas Frame byts: 5843
2020-08-27 17:04:01,093 [INFO] from com.jpro.meta.stream.Util$ in JavaFX Application Thread - Canvas Frame objs: 18
2020-08-27 17:04:01,093 [INFO] from com.jpro.meta.stream.Util$ in JavaFX Application Thread - Canvas Frame count: 1
2020-08-27 17:04:01,093 [INFO] from com.jpro.meta.stream.Util$ in JavaFX Application Thread - 
2020-08-27 17:04:01,093 [INFO] from com.jpro.meta.stream.Util$ in JavaFX Application Thread - Canvas, id: row-canvas classes: row-canvas
2020-08-27 17:04:01,093 [INFO] from com.jpro.meta.stream.Util$ in JavaFX Application Thread - Canvas overall Frame counter: 28119
2020-08-27 17:04:01,093 [INFO] from com.jpro.meta.stream.Util$ in JavaFX Application Thread - Canvas overall bytes: 77048480
2020-08-27 17:04:01,093 [INFO] from com.jpro.meta.stream.Util$ in JavaFX Application Thread - Canvas Frame counter: 797
2020-08-27 17:04:01,093 [INFO] from com.jpro.meta.stream.Util$ in JavaFX Application Thread - Canvas Frame byts: 5775
2020-08-27 17:04:01,093 [INFO] from com.jpro.meta.stream.Util$ in JavaFX Application Thread - Canvas Frame objs: 18
2020-08-27 17:04:01,093 [INFO] from com.jpro.meta.stream.Util$ in JavaFX Application Thread - Canvas Frame count: 1
2020-08-27 17:04:01,093 [INFO] from com.jpro.meta.stream.Util$ in JavaFX Application Thread - 
2020-08-27 17:04:01,093 [INFO] from com.jpro.meta.stream.Util$ in JavaFX Application Thread - Canvas, id: row-canvas classes: row-canvas
2020-08-27 17:04:01,093 [INFO] from com.jpro.meta.stream.Util$ in JavaFX Application Thread - Canvas overall Frame counter: 28120
2020-08-27 17:04:01,093 [INFO] from com.jpro.meta.stream.Util$ in JavaFX Application Thread - Canvas overall bytes: 77054629
2020-08-27 17:04:01,093 [INFO] from com.jpro.meta.stream.Util$ in JavaFX Application Thread - Canvas Frame counter: 2220
2020-08-27 17:04:01,093 [INFO] from com.jpro.meta.stream.Util$ in JavaFX Application Thread - Canvas Frame byts: 6149
2020-08-27 17:04:01,093 [INFO] from com.jpro.meta.stream.Util$ in JavaFX Application Thread - Canvas Frame objs: 18
2020-08-27 17:04:01,093 [INFO] from com.jpro.meta.stream.Util$ in JavaFX Application Thread - Canvas Frame count: 1
2020-08-27 17:04:01,093 [INFO] from com.jpro.meta.stream.Util$ in JavaFX Application Thread - 
2020-08-27 17:04:01,093 [INFO] from com.jpro.meta.stream.Util$ in JavaFX Application Thread - Canvas, id: row-canvas classes: row-canvas
2020-08-27 17:04:01,093 [INFO] from com.jpro.meta.stream.Util$ in JavaFX Application Thread - Canvas overall Frame counter: 28121
2020-08-27 17:04:01,093 [INFO] from com.jpro.meta.stream.Util$ in JavaFX Application Thread - Canvas overall bytes: 77060846
2020-08-27 17:04:01,093 [INFO] from com.jpro.meta.stream.Util$ in JavaFX Application Thread - Canvas Frame counter: 2165
2020-08-27 17:04:01,093 [INFO] from com.jpro.meta.stream.Util$ in JavaFX Application Thread - Canvas Frame byts: 6217
2020-08-27 17:04:01,093 [INFO] from com.jpro.meta.stream.Util$ in JavaFX Application Thread - Canvas Frame objs: 18
2020-08-27 17:04:01,093 [INFO] from com.jpro.meta.stream.Util$ in JavaFX Application Thread - Canvas Frame count: 1
2020-08-27 17:04:01,093 [INFO] from com.jpro.meta.stream.Util$ in JavaFX Application Thread - 
2020-08-27 17:04:01,093 [INFO] from com.jpro.meta.stream.Util$ in JavaFX Application Thread - Canvas, id: row-canvas classes: row-canvas
2020-08-27 17:04:01,093 [INFO] from com.jpro.meta.stream.Util$ in JavaFX Application Thread - Canvas overall Frame counter: 28122
2020-08-27 17:04:01,093 [INFO] from com.jpro.meta.stream.Util$ in JavaFX Application Thread - Canvas overall bytes: 77067845
2020-08-27 17:04:01,093 [INFO] from com.jpro.meta.stream.Util$ in JavaFX Application Thread - Canvas Frame counter: 2156
2020-08-27 17:04:01,093 [INFO] from com.jpro.meta.stream.Util$ in JavaFX Application Thread - Canvas Frame byts: 6999
2020-08-27 17:04:01,093 [INFO] from com.jpro.meta.stream.Util$ in JavaFX Application Thread - Canvas Frame objs: 18
2020-08-27 17:04:01,093 [INFO] from com.jpro.meta.stream.Util$ in JavaFX Application Thread - Canvas Frame count: 1
2020-08-27 17:04:01,093 [INFO] from com.jpro.meta.stream.Util$ in JavaFX Application Thread - 
2020-08-27 17:04:01,093 [INFO] from com.jpro.meta.stream.Util$ in JavaFX Application Thread - Canvas, id: row-canvas classes: row-canvas
2020-08-27 17:04:01,093 [INFO] from com.jpro.meta.stream.Util$ in JavaFX Application Thread - Canvas overall Frame counter: 28123
2020-08-27 17:04:01,093 [INFO] from com.jpro.meta.stream.Util$ in JavaFX Application Thread - Canvas overall bytes: 77073960
2020-08-27 17:04:01,093 [INFO] from com.jpro.meta.stream.Util$ in JavaFX Application Thread - Canvas Frame counter: 2029
2020-08-27 17:04:01,093 [INFO] from com.jpro.meta.stream.Util$ in JavaFX Application Thread - Canvas Frame byts: 6115
2020-08-27 17:04:01,093 [INFO] from com.jpro.meta.stream.Util$ in JavaFX Application Thread - Canvas Frame objs: 18
2020-08-27 17:04:01,093 [INFO] from com.jpro.meta.stream.Util$ in JavaFX Application Thread - Canvas Frame count: 1
2020-08-27 17:04:01,093 [INFO] from com.jpro.meta.stream.Util$ in JavaFX Application Thread - 
2020-08-27 17:04:01,093 [INFO] from com.jpro.meta.stream.Util$ in JavaFX Application Thread - Canvas, id: row-canvas classes: row-canvas
2020-08-27 17:04:01,093 [INFO] from com.jpro.meta.stream.Util$ in JavaFX Application Thread - Canvas overall Frame counter: 28124
2020-08-27 17:04:01,093 [INFO] from com.jpro.meta.stream.Util$ in JavaFX Application Thread - Canvas overall bytes: 77080959
2020-08-27 17:04:01,093 [INFO] from com.jpro.meta.stream.Util$ in JavaFX Application Thread - Canvas Frame counter: 2211
2020-08-27 17:04:01,093 [INFO] from com.jpro.meta.stream.Util$ in JavaFX Application Thread - Canvas Frame byts: 6999
2020-08-27 17:04:01,093 [INFO] from com.jpro.meta.stream.Util$ in JavaFX Application Thread - Canvas Frame objs: 18
2020-08-27 17:04:01,093 [INFO] from com.jpro.meta.stream.Util$ in JavaFX Application Thread - Canvas Frame count: 1
2020-08-27 17:04:01,093 [INFO] from com.jpro.meta.stream.Util$ in JavaFX Application Thread - 
2020-08-27 17:04:01,093 [INFO] from com.jpro.meta.stream.Util$ in JavaFX Application Thread - Canvas, id: row-canvas classes: row-canvas
2020-08-27 17:04:01,093 [INFO] from com.jpro.meta.stream.Util$ in JavaFX Application Thread - Canvas overall Frame counter: 28125
2020-08-27 17:04:01,093 [INFO] from com.jpro.meta.stream.Util$ in JavaFX Application Thread - Canvas overall bytes: 77087958
2020-08-27 17:04:01,093 [INFO] from com.jpro.meta.stream.Util$ in JavaFX Application Thread - Canvas Frame counter: 2294
2020-08-27 17:04:01,093 [INFO] from com.jpro.meta.stream.Util$ in JavaFX Application Thread - Canvas Frame byts: 6999
2020-08-27 17:04:01,093 [INFO] from com.jpro.meta.stream.Util$ in JavaFX Application Thread - Canvas Frame objs: 18
2020-08-27 17:04:01,093 [INFO] from com.jpro.meta.stream.Util$ in JavaFX Application Thread - Canvas Frame count: 1
2020-08-27 17:04:01,093 [INFO] from com.jpro.meta.stream.Util$ in JavaFX Application Thread - 
2020-08-27 17:04:01,093 [INFO] from com.jpro.meta.stream.Util$ in JavaFX Application Thread - Canvas, id: row-canvas classes: row-canvas
2020-08-27 17:04:01,093 [INFO] from com.jpro.meta.stream.Util$ in JavaFX Application Thread - Canvas overall Frame counter: 28126
2020-08-27 17:04:01,093 [INFO] from com.jpro.meta.stream.Util$ in JavaFX Application Thread - Canvas overall bytes: 77093393
2020-08-27 17:04:01,093 [INFO] from com.jpro.meta.stream.Util$ in JavaFX Application Thread - Canvas Frame counter: 2167
2020-08-27 17:04:01,093 [INFO] from com.jpro.meta.stream.Util$ in JavaFX Application Thread - Canvas Frame byts: 5435
2020-08-27 17:04:01,093 [INFO] from com.jpro.meta.stream.Util$ in JavaFX Application Thread - Canvas Frame objs: 18
2020-08-27 17:04:01,093 [INFO] from com.jpro.meta.stream.Util$ in JavaFX Application Thread - Canvas Frame count: 1
2020-08-27 17:04:01,093 [INFO] from com.jpro.meta.stream.Util$ in JavaFX Application Thread - 
2020-08-27 17:04:01,093 [INFO] from com.jpro.meta.stream.Util$ in JavaFX Application Thread - Canvas, id: row-canvas classes: row-canvas
2020-08-27 17:04:01,093 [INFO] from com.jpro.meta.stream.Util$ in JavaFX Application Thread - Canvas overall Frame counter: 28127
2020-08-27 17:04:01,093 [INFO] from com.jpro.meta.stream.Util$ in JavaFX Application Thread - Canvas overall bytes: 77100392
2020-08-27 17:04:01,093 [INFO] from com.jpro.meta.stream.Util$ in JavaFX Application Thread - Canvas Frame counter: 838
2020-08-27 17:04:01,093 [INFO] from com.jpro.meta.stream.Util$ in JavaFX Application Thread - Canvas Frame byts: 6999
2020-08-27 17:04:01,093 [INFO] from com.jpro.meta.stream.Util$ in JavaFX Application Thread - Canvas Frame objs: 18
2020-08-27 17:04:01,093 [INFO] from com.jpro.meta.stream.Util$ in JavaFX Application Thread - Canvas Frame count: 1
2020-08-27 17:04:01,093 [INFO] from com.jpro.meta.stream.Util$ in JavaFX Application Thread - 
2020-08-27 17:04:01,093 [INFO] from com.jpro.meta.stream.Util$ in JavaFX Application Thread - Canvas, id: row-canvas classes: row-canvas
2020-08-27 17:04:01,093 [INFO] from com.jpro.meta.stream.Util$ in JavaFX Application Thread - Canvas overall Frame counter: 28128
2020-08-27 17:04:01,093 [INFO] from com.jpro.meta.stream.Util$ in JavaFX Application Thread - Canvas overall bytes: 77107391
2020-08-27 17:04:01,093 [INFO] from com.jpro.meta.stream.Util$ in JavaFX Application Thread - Canvas Frame counter: 843
2020-08-27 17:04:01,093 [INFO] from com.jpro.meta.stream.Util$ in JavaFX Application Thread - Canvas Frame byts: 6999
2020-08-27 17:04:01,093 [INFO] from com.jpro.meta.stream.Util$ in JavaFX Application Thread - Canvas Frame objs: 18
2020-08-27 17:04:01,093 [INFO] from com.jpro.meta.stream.Util$ in JavaFX Application Thread - Canvas Frame count: 1
2020-08-27 17:04:01,093 [INFO] from com.jpro.meta.stream.Util$ in JavaFX Application Thread - 
2020-08-27 17:04:01,093 [INFO] from com.jpro.meta.stream.Util$ in JavaFX Application Thread - Canvas, id: row-canvas classes: row-canvas
2020-08-27 17:04:01,093 [INFO] from com.jpro.meta.stream.Util$ in JavaFX Application Thread - Canvas overall Frame counter: 28129
2020-08-27 17:04:01,093 [INFO] from com.jpro.meta.stream.Util$ in JavaFX Application Thread - Canvas overall bytes: 77113710
2020-08-27 17:04:01,093 [INFO] from com.jpro.meta.stream.Util$ in JavaFX Application Thread - Canvas Frame counter: 807
2020-08-27 17:04:01,093 [INFO] from com.jpro.meta.stream.Util$ in JavaFX Application Thread - Canvas Frame byts: 6319
2020-08-27 17:04:01,093 [INFO] from com.jpro.meta.stream.Util$ in JavaFX Application Thread - Canvas Frame objs: 18
2020-08-27 17:04:01,093 [INFO] from com.jpro.meta.stream.Util$ in JavaFX Application Thread - Canvas Frame count: 1
2020-08-27 17:04:01,093 [INFO] from com.jpro.meta.stream.Util$ in JavaFX Application Thread - 
2020-08-27 17:04:01,093 [INFO] from com.jpro.meta.stream.Util$ in JavaFX Application Thread - Canvas, id: row-canvas classes: row-canvas
2020-08-27 17:04:01,093 [INFO] from com.jpro.meta.stream.Util$ in JavaFX Application Thread - Canvas overall Frame counter: 28130
2020-08-27 17:04:01,093 [INFO] from com.jpro.meta.stream.Util$ in JavaFX Application Thread - Canvas overall bytes: 77119723
2020-08-27 17:04:01,093 [INFO] from com.jpro.meta.stream.Util$ in JavaFX Application Thread - Canvas Frame counter: 561
2020-08-27 17:04:01,093 [INFO] from com.jpro.meta.stream.Util$ in JavaFX Application Thread - Canvas Frame byts: 6013
2020-08-27 17:04:01,093 [INFO] from com.jpro.meta.stream.Util$ in JavaFX Application Thread - Canvas Frame objs: 18
2020-08-27 17:04:01,093 [INFO] from com.jpro.meta.stream.Util$ in JavaFX Application Thread - Canvas Frame count: 1
2020-08-27 17:04:01,093 [INFO] from com.jpro.meta.stream.Util$ in JavaFX Application Thread - 
2020-08-27 17:04:01,093 [INFO] from com.jpro.meta.stream.Util$ in JavaFX Application Thread - Canvas, id: row-canvas classes: row-canvas
2020-08-27 17:04:01,093 [INFO] from com.jpro.meta.stream.Util$ in JavaFX Application Thread - Canvas overall Frame counter: 28131
2020-08-27 17:04:01,093 [INFO] from com.jpro.meta.stream.Util$ in JavaFX Application Thread - Canvas overall bytes: 77125974
2020-08-27 17:04:01,093 [INFO] from com.jpro.meta.stream.Util$ in JavaFX Application Thread - Canvas Frame counter: 520
2020-08-27 17:04:01,093 [INFO] from com.jpro.meta.stream.Util$ in JavaFX Application Thread - Canvas Frame byts: 6251
2020-08-27 17:04:01,093 [INFO] from com.jpro.meta.stream.Util$ in JavaFX Application Thread - Canvas Frame objs: 18
2020-08-27 17:04:01,093 [INFO] from com.jpro.meta.stream.Util$ in JavaFX Application Thread - Canvas Frame count: 1
2020-08-27 17:04:01,093 [INFO] from com.jpro.meta.stream.Util$ in JavaFX Application Thread - 
2020-08-27 17:04:01,093 [INFO] from com.jpro.meta.stream.Util$ in JavaFX Application Thread - Canvas, id: row-canvas classes: row-canvas
2020-08-27 17:04:01,093 [INFO] from com.jpro.meta.stream.Util$ in JavaFX Application Thread - Canvas overall Frame counter: 28132
2020-08-27 17:04:01,093 [INFO] from com.jpro.meta.stream.Util$ in JavaFX Application Thread - Canvas overall bytes: 77131851
2020-08-27 17:04:01,093 [INFO] from com.jpro.meta.stream.Util$ in JavaFX Application Thread - Canvas Frame counter: 563
2020-08-27 17:04:01,093 [INFO] from com.jpro.meta.stream.Util$ in JavaFX Application Thread - Canvas Frame byts: 5877
2020-08-27 17:04:01,093 [INFO] from com.jpro.meta.stream.Util$ in JavaFX Application Thread - Canvas Frame objs: 18
2020-08-27 17:04:01,093 [INFO] from com.jpro.meta.stream.Util$ in JavaFX Application Thread - Canvas Frame count: 1
2020-08-27 17:04:01,093 [INFO] from com.jpro.meta.stream.Util$ in JavaFX Application Thread - 
2020-08-27 17:04:01,093 [INFO] from com.jpro.meta.stream.Util$ in JavaFX Application Thread - Canvas, id: row-canvas classes: row-canvas
2020-08-27 17:04:01,093 [INFO] from com.jpro.meta.stream.Util$ in JavaFX Application Thread - Canvas overall Frame counter: 28133
2020-08-27 17:04:01,093 [INFO] from com.jpro.meta.stream.Util$ in JavaFX Application Thread - Canvas overall bytes: 77137456
2020-08-27 17:04:01,093 [INFO] from com.jpro.meta.stream.Util$ in JavaFX Application Thread - Canvas Frame counter: 532
2020-08-27 17:04:01,093 [INFO] from com.jpro.meta.stream.Util$ in JavaFX Application Thread - Canvas Frame byts: 5605
2020-08-27 17:04:01,093 [INFO] from com.jpro.meta.stream.Util$ in JavaFX Application Thread - Canvas Frame objs: 18
2020-08-27 17:04:01,093 [INFO] from com.jpro.meta.stream.Util$ in JavaFX Application Thread - Canvas Frame count: 1
2020-08-27 17:04:01,093 [INFO] from com.jpro.meta.stream.Util$ in JavaFX Application Thread - 
2020-08-27 17:04:01,093 [INFO] from com.jpro.meta.stream.Util$ in JavaFX Application Thread - Canvas, id: row-canvas classes: row-canvas
2020-08-27 17:04:01,093 [INFO] from com.jpro.meta.stream.Util$ in JavaFX Application Thread - Canvas overall Frame counter: 28134
2020-08-27 17:04:01,093 [INFO] from com.jpro.meta.stream.Util$ in JavaFX Application Thread - Canvas overall bytes: 77144455
2020-08-27 17:04:01,093 [INFO] from com.jpro.meta.stream.Util$ in JavaFX Application Thread - Canvas Frame counter: 725
2020-08-27 17:04:01,093 [INFO] from com.jpro.meta.stream.Util$ in JavaFX Application Thread - Canvas Frame byts: 6999
2020-08-27 17:04:01,093 [INFO] from com.jpro.meta.stream.Util$ in JavaFX Application Thread - Canvas Frame objs: 18
2020-08-27 17:04:01,093 [INFO] from com.jpro.meta.stream.Util$ in JavaFX Application Thread - Canvas Frame count: 1
2020-08-27 17:04:01,110 [INFO] from com.jpro.meta.stream.Util$ in JavaFX Application Thread - 
2020-08-27 17:04:01,110 [INFO] from com.jpro.meta.stream.Util$ in JavaFX Application Thread - Canvas, id: row-canvas classes: row-canvas
2020-08-27 17:04:01,110 [INFO] from com.jpro.meta.stream.Util$ in JavaFX Application Thread - Canvas overall Frame counter: 28135
2020-08-27 17:04:01,110 [INFO] from com.jpro.meta.stream.Util$ in JavaFX Application Thread - Canvas overall bytes: 77150332
2020-08-27 17:04:01,110 [INFO] from com.jpro.meta.stream.Util$ in JavaFX Application Thread - Canvas Frame counter: 851
2020-08-27 17:04:01,110 [INFO] from com.jpro.meta.stream.Util$ in JavaFX Application Thread - Canvas Frame byts: 5877
2020-08-27 17:04:01,110 [INFO] from com.jpro.meta.stream.Util$ in JavaFX Application Thread - Canvas Frame objs: 18
2020-08-27 17:04:01,110 [INFO] from com.jpro.meta.stream.Util$ in JavaFX Application Thread - Canvas Frame count: 1
2020-08-27 17:04:01,110 [INFO] from com.jpro.meta.stream.Util$ in JavaFX Application Thread - 
2020-08-27 17:04:01,110 [INFO] from com.jpro.meta.stream.Util$ in JavaFX Application Thread - Canvas, id: row-canvas classes: row-canvas
2020-08-27 17:04:01,110 [INFO] from com.jpro.meta.stream.Util$ in JavaFX Application Thread - Canvas overall Frame counter: 28136
2020-08-27 17:04:01,110 [INFO] from com.jpro.meta.stream.Util$ in JavaFX Application Thread - Canvas overall bytes: 77157229
2020-08-27 17:04:01,110 [INFO] from com.jpro.meta.stream.Util$ in JavaFX Application Thread - Canvas Frame counter: 783
2020-08-27 17:04:01,110 [INFO] from com.jpro.meta.stream.Util$ in JavaFX Application Thread - Canvas Frame byts: 6897
2020-08-27 17:04:01,110 [INFO] from com.jpro.meta.stream.Util$ in JavaFX Application Thread - Canvas Frame objs: 18
2020-08-27 17:04:01,110 [INFO] from com.jpro.meta.stream.Util$ in JavaFX Application Thread - Canvas Frame count: 1
2020-08-27 17:04:01,110 [INFO] from com.jpro.meta.stream.Util$ in JavaFX Application Thread - 
2020-08-27 17:04:01,110 [INFO] from com.jpro.meta.stream.Util$ in JavaFX Application Thread - Canvas, id: row-canvas classes: row-canvas
2020-08-27 17:04:01,110 [INFO] from com.jpro.meta.stream.Util$ in JavaFX Application Thread - Canvas overall Frame counter: 28137
2020-08-27 17:04:01,110 [INFO] from com.jpro.meta.stream.Util$ in JavaFX Application Thread - Canvas overall bytes: 77163276
2020-08-27 17:04:01,110 [INFO] from com.jpro.meta.stream.Util$ in JavaFX Application Thread - Canvas Frame counter: 801
2020-08-27 17:04:01,110 [INFO] from com.jpro.meta.stream.Util$ in JavaFX Application Thread - Canvas Frame byts: 6047
2020-08-27 17:04:01,110 [INFO] from com.jpro.meta.stream.Util$ in JavaFX Application Thread - Canvas Frame objs: 18
2020-08-27 17:04:01,110 [INFO] from com.jpro.meta.stream.Util$ in JavaFX Application Thread - Canvas Frame count: 1
2020-08-27 17:04:01,110 [INFO] from com.jpro.meta.stream.Util$ in JavaFX Application Thread - 
2020-08-27 17:04:01,110 [INFO] from com.jpro.meta.stream.Util$ in JavaFX Application Thread - Canvas, id: row-canvas classes: row-canvas
2020-08-27 17:04:01,110 [INFO] from com.jpro.meta.stream.Util$ in JavaFX Application Thread - Canvas overall Frame counter: 28138
2020-08-27 17:04:01,110 [INFO] from com.jpro.meta.stream.Util$ in JavaFX Application Thread - Canvas overall bytes: 77169119
2020-08-27 17:04:01,110 [INFO] from com.jpro.meta.stream.Util$ in JavaFX Application Thread - Canvas Frame counter: 805
2020-08-27 17:04:01,110 [INFO] from com.jpro.meta.stream.Util$ in JavaFX Application Thread - Canvas Frame byts: 5843
2020-08-27 17:04:01,110 [INFO] from com.jpro.meta.stream.Util$ in JavaFX Application Thread - Canvas Frame objs: 18
2020-08-27 17:04:01,110 [INFO] from com.jpro.meta.stream.Util$ in JavaFX Application Thread - Canvas Frame count: 1
2020-08-27 17:04:01,110 [INFO] from com.jpro.meta.stream.Util$ in JavaFX Application Thread - 
2020-08-27 17:04:01,110 [INFO] from com.jpro.meta.stream.Util$ in JavaFX Application Thread - Canvas, id: row-canvas classes: row-canvas
2020-08-27 17:04:01,110 [INFO] from com.jpro.meta.stream.Util$ in JavaFX Application Thread - Canvas overall Frame counter: 28139
2020-08-27 17:04:01,110 [INFO] from com.jpro.meta.stream.Util$ in JavaFX Application Thread - Canvas overall bytes: 77174894
2020-08-27 17:04:01,110 [INFO] from com.jpro.meta.stream.Util$ in JavaFX Application Thread - Canvas Frame counter: 798
2020-08-27 17:04:01,110 [INFO] from com.jpro.meta.stream.Util$ in JavaFX Application Thread - Canvas Frame byts: 5775
2020-08-27 17:04:01,110 [INFO] from com.jpro.meta.stream.Util$ in JavaFX Application Thread - Canvas Frame objs: 18
2020-08-27 17:04:01,110 [INFO] from com.jpro.meta.stream.Util$ in JavaFX Application Thread - Canvas Frame count: 1
2020-08-27 17:04:01,110 [INFO] from com.jpro.meta.stream.Util$ in JavaFX Application Thread - 
2020-08-27 17:04:01,110 [INFO] from com.jpro.meta.stream.Util$ in JavaFX Application Thread - Canvas, id: row-canvas classes: row-canvas
2020-08-27 17:04:01,110 [INFO] from com.jpro.meta.stream.Util$ in JavaFX Application Thread - Canvas overall Frame counter: 28140
2020-08-27 17:04:01,110 [INFO] from com.jpro.meta.stream.Util$ in JavaFX Application Thread - Canvas overall bytes: 77181043
2020-08-27 17:04:01,110 [INFO] from com.jpro.meta.stream.Util$ in JavaFX Application Thread - Canvas Frame counter: 2221
2020-08-27 17:04:01,110 [INFO] from com.jpro.meta.stream.Util$ in JavaFX Application Thread - Canvas Frame byts: 6149
2020-08-27 17:04:01,110 [INFO] from com.jpro.meta.stream.Util$ in JavaFX Application Thread - Canvas Frame objs: 18
2020-08-27 17:04:01,110 [INFO] from com.jpro.meta.stream.Util$ in JavaFX Application Thread - Canvas Frame count: 1
2020-08-27 17:04:01,110 [INFO] from com.jpro.meta.stream.Util$ in JavaFX Application Thread - 
2020-08-27 17:04:01,110 [INFO] from com.jpro.meta.stream.Util$ in JavaFX Application Thread - Canvas, id: row-canvas classes: row-canvas
2020-08-27 17:04:01,110 [INFO] from com.jpro.meta.stream.Util$ in JavaFX Application Thread - Canvas overall Frame counter: 28141
2020-08-27 17:04:01,110 [INFO] from com.jpro.meta.stream.Util$ in JavaFX Application Thread - Canvas overall bytes: 77187260
2020-08-27 17:04:01,110 [INFO] from com.jpro.meta.stream.Util$ in JavaFX Application Thread - Canvas Frame counter: 2166
2020-08-27 17:04:01,110 [INFO] from com.jpro.meta.stream.Util$ in JavaFX Application Thread - Canvas Frame byts: 6217
2020-08-27 17:04:01,110 [INFO] from com.jpro.meta.stream.Util$ in JavaFX Application Thread - Canvas Frame objs: 18
2020-08-27 17:04:01,110 [INFO] from com.jpro.meta.stream.Util$ in JavaFX Application Thread - Canvas Frame count: 1
2020-08-27 17:04:01,110 [INFO] from com.jpro.meta.stream.Util$ in JavaFX Application Thread - 
2020-08-27 17:04:01,110 [INFO] from com.jpro.meta.stream.Util$ in JavaFX Application Thread - Canvas, id: row-canvas classes: row-canvas
2020-08-27 17:04:01,110 [INFO] from com.jpro.meta.stream.Util$ in JavaFX Application Thread - Canvas overall Frame counter: 28142
2020-08-27 17:04:01,110 [INFO] from com.jpro.meta.stream.Util$ in JavaFX Application Thread - Canvas overall bytes: 77194157
2020-08-27 17:04:01,110 [INFO] from com.jpro.meta.stream.Util$ in JavaFX Application Thread - Canvas Frame counter: 2157
2020-08-27 17:04:01,110 [INFO] from com.jpro.meta.stream.Util$ in JavaFX Application Thread - Canvas Frame byts: 6897
2020-08-27 17:04:01,110 [INFO] from com.jpro.meta.stream.Util$ in JavaFX Application Thread - Canvas Frame objs: 18
2020-08-27 17:04:01,110 [INFO] from com.jpro.meta.stream.Util$ in JavaFX Application Thread - Canvas Frame count: 1
2020-08-27 17:04:01,110 [INFO] from com.jpro.meta.stream.Util$ in JavaFX Application Thread - 
2020-08-27 17:04:01,110 [INFO] from com.jpro.meta.stream.Util$ in JavaFX Application Thread - Canvas, id: row-canvas classes: row-canvas
2020-08-27 17:04:01,110 [INFO] from com.jpro.meta.stream.Util$ in JavaFX Application Thread - Canvas overall Frame counter: 28143
2020-08-27 17:04:01,110 [INFO] from com.jpro.meta.stream.Util$ in JavaFX Application Thread - Canvas overall bytes: 77200272
2020-08-27 17:04:01,110 [INFO] from com.jpro.meta.stream.Util$ in JavaFX Application Thread - Canvas Frame counter: 2030
2020-08-27 17:04:01,110 [INFO] from com.jpro.meta.stream.Util$ in JavaFX Application Thread - Canvas Frame byts: 6115
2020-08-27 17:04:01,110 [INFO] from com.jpro.meta.stream.Util$ in JavaFX Application Thread - Canvas Frame objs: 18
2020-08-27 17:04:01,110 [INFO] from com.jpro.meta.stream.Util$ in JavaFX Application Thread - Canvas Frame count: 1
2020-08-27 17:04:01,110 [INFO] from com.jpro.meta.stream.Util$ in JavaFX Application Thread - 
2020-08-27 17:04:01,110 [INFO] from com.jpro.meta.stream.Util$ in JavaFX Application Thread - Canvas, id: row-canvas classes: row-canvas
2020-08-27 17:04:01,110 [INFO] from com.jpro.meta.stream.Util$ in JavaFX Application Thread - Canvas overall Frame counter: 28144
2020-08-27 17:04:01,110 [INFO] from com.jpro.meta.stream.Util$ in JavaFX Application Thread - Canvas overall bytes: 77207169
2020-08-27 17:04:01,110 [INFO] from com.jpro.meta.stream.Util$ in JavaFX Application Thread - Canvas Frame counter: 2212
2020-08-27 17:04:01,110 [INFO] from com.jpro.meta.stream.Util$ in JavaFX Application Thread - Canvas Frame byts: 6897
2020-08-27 17:04:01,110 [INFO] from com.jpro.meta.stream.Util$ in JavaFX Application Thread - Canvas Frame objs: 18
2020-08-27 17:04:01,110 [INFO] from com.jpro.meta.stream.Util$ in JavaFX Application Thread - Canvas Frame count: 1
2020-08-27 17:04:01,110 [INFO] from com.jpro.meta.stream.Util$ in JavaFX Application Thread - 
2020-08-27 17:04:01,110 [INFO] from com.jpro.meta.stream.Util$ in JavaFX Application Thread - Canvas, id: row-canvas classes: row-canvas
2020-08-27 17:04:01,110 [INFO] from com.jpro.meta.stream.Util$ in JavaFX Application Thread - Canvas overall Frame counter: 28145
2020-08-27 17:04:01,110 [INFO] from com.jpro.meta.stream.Util$ in JavaFX Application Thread - Canvas overall bytes: 77214066
2020-08-27 17:04:01,110 [INFO] from com.jpro.meta.stream.Util$ in JavaFX Application Thread - Canvas Frame counter: 2295
2020-08-27 17:04:01,110 [INFO] from com.jpro.meta.stream.Util$ in JavaFX Application Thread - Canvas Frame byts: 6897
2020-08-27 17:04:01,110 [INFO] from com.jpro.meta.stream.Util$ in JavaFX Application Thread - Canvas Frame objs: 18
2020-08-27 17:04:01,110 [INFO] from com.jpro.meta.stream.Util$ in JavaFX Application Thread - Canvas Frame count: 1
2020-08-27 17:04:01,110 [INFO] from com.jpro.meta.stream.Util$ in JavaFX Application Thread - 
2020-08-27 17:04:01,110 [INFO] from com.jpro.meta.stream.Util$ in JavaFX Application Thread - Canvas, id: row-canvas classes: row-canvas
2020-08-27 17:04:01,110 [INFO] from com.jpro.meta.stream.Util$ in JavaFX Application Thread - Canvas overall Frame counter: 28146
2020-08-27 17:04:01,110 [INFO] from com.jpro.meta.stream.Util$ in JavaFX Application Thread - Canvas overall bytes: 77219501
2020-08-27 17:04:01,110 [INFO] from com.jpro.meta.stream.Util$ in JavaFX Application Thread - Canvas Frame counter: 2168
2020-08-27 17:04:01,110 [INFO] from com.jpro.meta.stream.Util$ in JavaFX Application Thread - Canvas Frame byts: 5435
2020-08-27 17:04:01,110 [INFO] from com.jpro.meta.stream.Util$ in JavaFX Application Thread - Canvas Frame objs: 18
2020-08-27 17:04:01,111 [INFO] from com.jpro.meta.stream.Util$ in JavaFX Application Thread - Canvas Frame count: 1
2020-08-27 17:04:01,111 [INFO] from com.jpro.meta.stream.Util$ in JavaFX Application Thread - 
2020-08-27 17:04:01,111 [INFO] from com.jpro.meta.stream.Util$ in JavaFX Application Thread - Canvas, id: row-canvas classes: row-canvas
2020-08-27 17:04:01,111 [INFO] from com.jpro.meta.stream.Util$ in JavaFX Application Thread - Canvas overall Frame counter: 28147
2020-08-27 17:04:01,111 [INFO] from com.jpro.meta.stream.Util$ in JavaFX Application Thread - Canvas overall bytes: 77226398
2020-08-27 17:04:01,111 [INFO] from com.jpro.meta.stream.Util$ in JavaFX Application Thread - Canvas Frame counter: 839
2020-08-27 17:04:01,111 [INFO] from com.jpro.meta.stream.Util$ in JavaFX Application Thread - Canvas Frame byts: 6897
2020-08-27 17:04:01,111 [INFO] from com.jpro.meta.stream.Util$ in JavaFX Application Thread - Canvas Frame objs: 18
2020-08-27 17:04:01,111 [INFO] from com.jpro.meta.stream.Util$ in JavaFX Application Thread - Canvas Frame count: 1
2020-08-27 17:04:01,111 [INFO] from com.jpro.meta.stream.Util$ in JavaFX Application Thread - 
2020-08-27 17:04:01,111 [INFO] from com.jpro.meta.stream.Util$ in JavaFX Application Thread - Canvas, id: row-canvas classes: row-canvas
2020-08-27 17:04:01,111 [INFO] from com.jpro.meta.stream.Util$ in JavaFX Application Thread - Canvas overall Frame counter: 28148
2020-08-27 17:04:01,111 [INFO] from com.jpro.meta.stream.Util$ in JavaFX Application Thread - Canvas overall bytes: 77233295
2020-08-27 17:04:01,111 [INFO] from com.jpro.meta.stream.Util$ in JavaFX Application Thread - Canvas Frame counter: 844
2020-08-27 17:04:01,111 [INFO] from com.jpro.meta.stream.Util$ in JavaFX Application Thread - Canvas Frame byts: 6897
2020-08-27 17:04:01,111 [INFO] from com.jpro.meta.stream.Util$ in JavaFX Application Thread - Canvas Frame objs: 18
2020-08-27 17:04:01,111 [INFO] from com.jpro.meta.stream.Util$ in JavaFX Application Thread - Canvas Frame count: 1
2020-08-27 17:04:01,111 [INFO] from com.jpro.meta.stream.Util$ in JavaFX Application Thread - 
2020-08-27 17:04:01,111 [INFO] from com.jpro.meta.stream.Util$ in JavaFX Application Thread - Canvas, id: row-canvas classes: row-canvas
2020-08-27 17:04:01,111 [INFO] from com.jpro.meta.stream.Util$ in JavaFX Application Thread - Canvas overall Frame counter: 28149
2020-08-27 17:04:01,111 [INFO] from com.jpro.meta.stream.Util$ in JavaFX Application Thread - Canvas overall bytes: 77239614
2020-08-27 17:04:01,111 [INFO] from com.jpro.meta.stream.Util$ in JavaFX Application Thread - Canvas Frame counter: 808
2020-08-27 17:04:01,111 [INFO] from com.jpro.meta.stream.Util$ in JavaFX Application Thread - Canvas Frame byts: 6319
2020-08-27 17:04:01,111 [INFO] from com.jpro.meta.stream.Util$ in JavaFX Application Thread - Canvas Frame objs: 18
2020-08-27 17:04:01,111 [INFO] from com.jpro.meta.stream.Util$ in JavaFX Application Thread - Canvas Frame count: 1
2020-08-27 17:04:01,111 [INFO] from com.jpro.meta.stream.Util$ in JavaFX Application Thread - 
2020-08-27 17:04:01,111 [INFO] from com.jpro.meta.stream.Util$ in JavaFX Application Thread - Canvas, id: row-canvas classes: row-canvas
2020-08-27 17:04:01,111 [INFO] from com.jpro.meta.stream.Util$ in JavaFX Application Thread - Canvas overall Frame counter: 28150
2020-08-27 17:04:01,111 [INFO] from com.jpro.meta.stream.Util$ in JavaFX Application Thread - Canvas overall bytes: 77245627
2020-08-27 17:04:01,111 [INFO] from com.jpro.meta.stream.Util$ in JavaFX Application Thread - Canvas Frame counter: 562
2020-08-27 17:04:01,111 [INFO] from com.jpro.meta.stream.Util$ in JavaFX Application Thread - Canvas Frame byts: 6013
2020-08-27 17:04:01,111 [INFO] from com.jpro.meta.stream.Util$ in JavaFX Application Thread - Canvas Frame objs: 18
2020-08-27 17:04:01,111 [INFO] from com.jpro.meta.stream.Util$ in JavaFX Application Thread - Canvas Frame count: 1
2020-08-27 17:04:01,111 [INFO] from com.jpro.meta.stream.Util$ in JavaFX Application Thread - 
2020-08-27 17:04:01,111 [INFO] from com.jpro.meta.stream.Util$ in JavaFX Application Thread - Canvas, id: row-canvas classes: row-canvas
2020-08-27 17:04:01,111 [INFO] from com.jpro.meta.stream.Util$ in JavaFX Application Thread - Canvas overall Frame counter: 28151
2020-08-27 17:04:01,111 [INFO] from com.jpro.meta.stream.Util$ in JavaFX Application Thread - Canvas overall bytes: 77251878
2020-08-27 17:04:01,111 [INFO] from com.jpro.meta.stream.Util$ in JavaFX Application Thread - Canvas Frame counter: 521
2020-08-27 17:04:01,111 [INFO] from com.jpro.meta.stream.Util$ in JavaFX Application Thread - Canvas Frame byts: 6251
2020-08-27 17:04:01,111 [INFO] from com.jpro.meta.stream.Util$ in JavaFX Application Thread - Canvas Frame objs: 18
2020-08-27 17:04:01,111 [INFO] from com.jpro.meta.stream.Util$ in JavaFX Application Thread - Canvas Frame count: 1
2020-08-27 17:04:01,111 [INFO] from com.jpro.meta.stream.Util$ in JavaFX Application Thread - 
2020-08-27 17:04:01,111 [INFO] from com.jpro.meta.stream.Util$ in JavaFX Application Thread - Canvas, id: row-canvas classes: row-canvas
2020-08-27 17:04:01,111 [INFO] from com.jpro.meta.stream.Util$ in JavaFX Application Thread - Canvas overall Frame counter: 28152
2020-08-27 17:04:01,111 [INFO] from com.jpro.meta.stream.Util$ in JavaFX Application Thread - Canvas overall bytes: 77257755
2020-08-27 17:04:01,111 [INFO] from com.jpro.meta.stream.Util$ in JavaFX Application Thread - Canvas Frame counter: 564
2020-08-27 17:04:01,111 [INFO] from com.jpro.meta.stream.Util$ in JavaFX Application Thread - Canvas Frame byts: 5877
2020-08-27 17:04:01,111 [INFO] from com.jpro.meta.stream.Util$ in JavaFX Application Thread - Canvas Frame objs: 18
2020-08-27 17:04:01,111 [INFO] from com.jpro.meta.stream.Util$ in JavaFX Application Thread - Canvas Frame count: 1
2020-08-27 17:04:01,111 [INFO] from com.jpro.meta.stream.Util$ in JavaFX Application Thread - 
2020-08-27 17:04:01,111 [INFO] from com.jpro.meta.stream.Util$ in JavaFX Application Thread - Canvas, id: row-canvas classes: row-canvas
2020-08-27 17:04:01,111 [INFO] from com.jpro.meta.stream.Util$ in JavaFX Application Thread - Canvas overall Frame counter: 28153
2020-08-27 17:04:01,111 [INFO] from com.jpro.meta.stream.Util$ in JavaFX Application Thread - Canvas overall bytes: 77263360
2020-08-27 17:04:01,111 [INFO] from com.jpro.meta.stream.Util$ in JavaFX Application Thread - Canvas Frame counter: 533
2020-08-27 17:04:01,111 [INFO] from com.jpro.meta.stream.Util$ in JavaFX Application Thread - Canvas Frame byts: 5605
2020-08-27 17:04:01,111 [INFO] from com.jpro.meta.stream.Util$ in JavaFX Application Thread - Canvas Frame objs: 18
2020-08-27 17:04:01,111 [INFO] from com.jpro.meta.stream.Util$ in JavaFX Application Thread - Canvas Frame count: 1
2020-08-27 17:04:01,111 [INFO] from com.jpro.meta.stream.Util$ in JavaFX Application Thread - 
2020-08-27 17:04:01,111 [INFO] from com.jpro.meta.stream.Util$ in JavaFX Application Thread - Canvas, id: row-canvas classes: row-canvas
2020-08-27 17:04:01,111 [INFO] from com.jpro.meta.stream.Util$ in JavaFX Application Thread - Canvas overall Frame counter: 28154
2020-08-27 17:04:01,111 [INFO] from com.jpro.meta.stream.Util$ in JavaFX Application Thread - Canvas overall bytes: 77270257
2020-08-27 17:04:01,111 [INFO] from com.jpro.meta.stream.Util$ in JavaFX Application Thread - Canvas Frame counter: 726
2020-08-27 17:04:01,111 [INFO] from com.jpro.meta.stream.Util$ in JavaFX Application Thread - Canvas Frame byts: 6897
2020-08-27 17:04:01,111 [INFO] from com.jpro.meta.stream.Util$ in JavaFX Application Thread - Canvas Frame objs: 18
2020-08-27 17:04:01,111 [INFO] from com.jpro.meta.stream.Util$ in JavaFX Application Thread - Canvas Frame count: 1
2020-08-27 17:04:01,128 [INFO] from com.jpro.meta.stream.Util$ in JavaFX Application Thread - 
2020-08-27 17:04:01,128 [INFO] from com.jpro.meta.stream.Util$ in JavaFX Application Thread - Canvas, id: row-canvas classes: row-canvas
2020-08-27 17:04:01,128 [INFO] from com.jpro.meta.stream.Util$ in JavaFX Application Thread - Canvas overall Frame counter: 28155
2020-08-27 17:04:01,128 [INFO] from com.jpro.meta.stream.Util$ in JavaFX Application Thread - Canvas overall bytes: 77276134
2020-08-27 17:04:01,128 [INFO] from com.jpro.meta.stream.Util$ in JavaFX Application Thread - Canvas Frame counter: 852
2020-08-27 17:04:01,128 [INFO] from com.jpro.meta.stream.Util$ in JavaFX Application Thread - Canvas Frame byts: 5877
2020-08-27 17:04:01,128 [INFO] from com.jpro.meta.stream.Util$ in JavaFX Application Thread - Canvas Frame objs: 18
2020-08-27 17:04:01,128 [INFO] from com.jpro.meta.stream.Util$ in JavaFX Application Thread - Canvas Frame count: 1
2020-08-27 17:04:01,128 [INFO] from com.jpro.meta.stream.Util$ in JavaFX Application Thread - 
2020-08-27 17:04:01,128 [INFO] from com.jpro.meta.stream.Util$ in JavaFX Application Thread - Canvas, id: row-canvas classes: row-canvas
2020-08-27 17:04:01,128 [INFO] from com.jpro.meta.stream.Util$ in JavaFX Application Thread - Canvas overall Frame counter: 28156
2020-08-27 17:04:01,128 [INFO] from com.jpro.meta.stream.Util$ in JavaFX Application Thread - Canvas overall bytes: 77282827
2020-08-27 17:04:01,128 [INFO] from com.jpro.meta.stream.Util$ in JavaFX Application Thread - Canvas Frame counter: 784
2020-08-27 17:04:01,128 [INFO] from com.jpro.meta.stream.Util$ in JavaFX Application Thread - Canvas Frame byts: 6693
2020-08-27 17:04:01,128 [INFO] from com.jpro.meta.stream.Util$ in JavaFX Application Thread - Canvas Frame objs: 18
2020-08-27 17:04:01,128 [INFO] from com.jpro.meta.stream.Util$ in JavaFX Application Thread - Canvas Frame count: 1
2020-08-27 17:04:01,128 [INFO] from com.jpro.meta.stream.Util$ in JavaFX Application Thread - 
2020-08-27 17:04:01,128 [INFO] from com.jpro.meta.stream.Util$ in JavaFX Application Thread - Canvas, id: row-canvas classes: row-canvas
2020-08-27 17:04:01,128 [INFO] from com.jpro.meta.stream.Util$ in JavaFX Application Thread - Canvas overall Frame counter: 28157
2020-08-27 17:04:01,128 [INFO] from com.jpro.meta.stream.Util$ in JavaFX Application Thread - Canvas overall bytes: 77288874
2020-08-27 17:04:01,128 [INFO] from com.jpro.meta.stream.Util$ in JavaFX Application Thread - Canvas Frame counter: 802
2020-08-27 17:04:01,128 [INFO] from com.jpro.meta.stream.Util$ in JavaFX Application Thread - Canvas Frame byts: 6047
2020-08-27 17:04:01,128 [INFO] from com.jpro.meta.stream.Util$ in JavaFX Application Thread - Canvas Frame objs: 18
2020-08-27 17:04:01,128 [INFO] from com.jpro.meta.stream.Util$ in JavaFX Application Thread - Canvas Frame count: 1
2020-08-27 17:04:01,128 [INFO] from com.jpro.meta.stream.Util$ in JavaFX Application Thread - 
2020-08-27 17:04:01,128 [INFO] from com.jpro.meta.stream.Util$ in JavaFX Application Thread - Canvas, id: row-canvas classes: row-canvas
2020-08-27 17:04:01,128 [INFO] from com.jpro.meta.stream.Util$ in JavaFX Application Thread - Canvas overall Frame counter: 28158
2020-08-27 17:04:01,128 [INFO] from com.jpro.meta.stream.Util$ in JavaFX Application Thread - Canvas overall bytes: 77294717
2020-08-27 17:04:01,128 [INFO] from com.jpro.meta.stream.Util$ in JavaFX Application Thread - Canvas Frame counter: 806
2020-08-27 17:04:01,128 [INFO] from com.jpro.meta.stream.Util$ in JavaFX Application Thread - Canvas Frame byts: 5843
2020-08-27 17:04:01,128 [INFO] from com.jpro.meta.stream.Util$ in JavaFX Application Thread - Canvas Frame objs: 18
2020-08-27 17:04:01,128 [INFO] from com.jpro.meta.stream.Util$ in JavaFX Application Thread - Canvas Frame count: 1
2020-08-27 17:04:01,128 [INFO] from com.jpro.meta.stream.Util$ in JavaFX Application Thread - 
2020-08-27 17:04:01,128 [INFO] from com.jpro.meta.stream.Util$ in JavaFX Application Thread - Canvas, id: row-canvas classes: row-canvas
2020-08-27 17:04:01,128 [INFO] from com.jpro.meta.stream.Util$ in JavaFX Application Thread - Canvas overall Frame counter: 28159
2020-08-27 17:04:01,128 [INFO] from com.jpro.meta.stream.Util$ in JavaFX Application Thread - Canvas overall bytes: 77300492
2020-08-27 17:04:01,128 [INFO] from com.jpro.meta.stream.Util$ in JavaFX Application Thread - Canvas Frame counter: 799
2020-08-27 17:04:01,128 [INFO] from com.jpro.meta.stream.Util$ in JavaFX Application Thread - Canvas Frame byts: 5775
2020-08-27 17:04:01,128 [INFO] from com.jpro.meta.stream.Util$ in JavaFX Application Thread - Canvas Frame objs: 18
2020-08-27 17:04:01,128 [INFO] from com.jpro.meta.stream.Util$ in JavaFX Application Thread - Canvas Frame count: 1
2020-08-27 17:04:01,128 [INFO] from com.jpro.meta.stream.Util$ in JavaFX Application Thread - 
2020-08-27 17:04:01,128 [INFO] from com.jpro.meta.stream.Util$ in JavaFX Application Thread - Canvas, id: row-canvas classes: row-canvas
2020-08-27 17:04:01,128 [INFO] from com.jpro.meta.stream.Util$ in JavaFX Application Thread - Canvas overall Frame counter: 28160
2020-08-27 17:04:01,128 [INFO] from com.jpro.meta.stream.Util$ in JavaFX Application Thread - Canvas overall bytes: 77306641
2020-08-27 17:04:01,128 [INFO] from com.jpro.meta.stream.Util$ in JavaFX Application Thread - Canvas Frame counter: 2222
2020-08-27 17:04:01,128 [INFO] from com.jpro.meta.stream.Util$ in JavaFX Application Thread - Canvas Frame byts: 6149
2020-08-27 17:04:01,128 [INFO] from com.jpro.meta.stream.Util$ in JavaFX Application Thread - Canvas Frame objs: 18
2020-08-27 17:04:01,128 [INFO] from com.jpro.meta.stream.Util$ in JavaFX Application Thread - Canvas Frame count: 1
2020-08-27 17:04:01,128 [INFO] from com.jpro.meta.stream.Util$ in JavaFX Application Thread - 
2020-08-27 17:04:01,128 [INFO] from com.jpro.meta.stream.Util$ in JavaFX Application Thread - Canvas, id: row-canvas classes: row-canvas
2020-08-27 17:04:01,128 [INFO] from com.jpro.meta.stream.Util$ in JavaFX Application Thread - Canvas overall Frame counter: 28161
2020-08-27 17:04:01,128 [INFO] from com.jpro.meta.stream.Util$ in JavaFX Application Thread - Canvas overall bytes: 77312858
2020-08-27 17:04:01,128 [INFO] from com.jpro.meta.stream.Util$ in JavaFX Application Thread - Canvas Frame counter: 2167
2020-08-27 17:04:01,128 [INFO] from com.jpro.meta.stream.Util$ in JavaFX Application Thread - Canvas Frame byts: 6217
2020-08-27 17:04:01,128 [INFO] from com.jpro.meta.stream.Util$ in JavaFX Application Thread - Canvas Frame objs: 18
2020-08-27 17:04:01,128 [INFO] from com.jpro.meta.stream.Util$ in JavaFX Application Thread - Canvas Frame count: 1
2020-08-27 17:04:01,128 [INFO] from com.jpro.meta.stream.Util$ in JavaFX Application Thread - 
2020-08-27 17:04:01,128 [INFO] from com.jpro.meta.stream.Util$ in JavaFX Application Thread - Canvas, id: row-canvas classes: row-canvas
2020-08-27 17:04:01,128 [INFO] from com.jpro.meta.stream.Util$ in JavaFX Application Thread - Canvas overall Frame counter: 28162
2020-08-27 17:04:01,128 [INFO] from com.jpro.meta.stream.Util$ in JavaFX Application Thread - Canvas overall bytes: 77319551
2020-08-27 17:04:01,128 [INFO] from com.jpro.meta.stream.Util$ in JavaFX Application Thread - Canvas Frame counter: 2158
2020-08-27 17:04:01,128 [INFO] from com.jpro.meta.stream.Util$ in JavaFX Application Thread - Canvas Frame byts: 6693
2020-08-27 17:04:01,128 [INFO] from com.jpro.meta.stream.Util$ in JavaFX Application Thread - Canvas Frame objs: 18
2020-08-27 17:04:01,128 [INFO] from com.jpro.meta.stream.Util$ in JavaFX Application Thread - Canvas Frame count: 1
2020-08-27 17:04:01,128 [INFO] from com.jpro.meta.stream.Util$ in JavaFX Application Thread - 
2020-08-27 17:04:01,128 [INFO] from com.jpro.meta.stream.Util$ in JavaFX Application Thread - Canvas, id: row-canvas classes: row-canvas
2020-08-27 17:04:01,128 [INFO] from com.jpro.meta.stream.Util$ in JavaFX Application Thread - Canvas overall Frame counter: 28163
2020-08-27 17:04:01,128 [INFO] from com.jpro.meta.stream.Util$ in JavaFX Application Thread - Canvas overall bytes: 77325666
2020-08-27 17:04:01,128 [INFO] from com.jpro.meta.stream.Util$ in JavaFX Application Thread - Canvas Frame counter: 2031
2020-08-27 17:04:01,128 [INFO] from com.jpro.meta.stream.Util$ in JavaFX Application Thread - Canvas Frame byts: 6115
2020-08-27 17:04:01,128 [INFO] from com.jpro.meta.stream.Util$ in JavaFX Application Thread - Canvas Frame objs: 18
2020-08-27 17:04:01,128 [INFO] from com.jpro.meta.stream.Util$ in JavaFX Application Thread - Canvas Frame count: 1
2020-08-27 17:04:01,128 [INFO] from com.jpro.meta.stream.Util$ in JavaFX Application Thread - 
2020-08-27 17:04:01,128 [INFO] from com.jpro.meta.stream.Util$ in JavaFX Application Thread - Canvas, id: row-canvas classes: row-canvas
2020-08-27 17:04:01,128 [INFO] from com.jpro.meta.stream.Util$ in JavaFX Application Thread - Canvas overall Frame counter: 28164
2020-08-27 17:04:01,128 [INFO] from com.jpro.meta.stream.Util$ in JavaFX Application Thread - Canvas overall bytes: 77332359
2020-08-27 17:04:01,128 [INFO] from com.jpro.meta.stream.Util$ in JavaFX Application Thread - Canvas Frame counter: 2213
2020-08-27 17:04:01,128 [INFO] from com.jpro.meta.stream.Util$ in JavaFX Application Thread - Canvas Frame byts: 6693
2020-08-27 17:04:01,128 [INFO] from com.jpro.meta.stream.Util$ in JavaFX Application Thread - Canvas Frame objs: 18
2020-08-27 17:04:01,128 [INFO] from com.jpro.meta.stream.Util$ in JavaFX Application Thread - Canvas Frame count: 1
2020-08-27 17:04:01,128 [INFO] from com.jpro.meta.stream.Util$ in JavaFX Application Thread - 
2020-08-27 17:04:01,128 [INFO] from com.jpro.meta.stream.Util$ in JavaFX Application Thread - Canvas, id: row-canvas classes: row-canvas
2020-08-27 17:04:01,128 [INFO] from com.jpro.meta.stream.Util$ in JavaFX Application Thread - Canvas overall Frame counter: 28165
2020-08-27 17:04:01,128 [INFO] from com.jpro.meta.stream.Util$ in JavaFX Application Thread - Canvas overall bytes: 77339052
2020-08-27 17:04:01,128 [INFO] from com.jpro.meta.stream.Util$ in JavaFX Application Thread - Canvas Frame counter: 2296
2020-08-27 17:04:01,128 [INFO] from com.jpro.meta.stream.Util$ in JavaFX Application Thread - Canvas Frame byts: 6693
2020-08-27 17:04:01,128 [INFO] from com.jpro.meta.stream.Util$ in JavaFX Application Thread - Canvas Frame objs: 18
2020-08-27 17:04:01,128 [INFO] from com.jpro.meta.stream.Util$ in JavaFX Application Thread - Canvas Frame count: 1
2020-08-27 17:04:01,128 [INFO] from com.jpro.meta.stream.Util$ in JavaFX Application Thread - 
2020-08-27 17:04:01,128 [INFO] from com.jpro.meta.stream.Util$ in JavaFX Application Thread - Canvas, id: row-canvas classes: row-canvas
2020-08-27 17:04:01,128 [INFO] from com.jpro.meta.stream.Util$ in JavaFX Application Thread - Canvas overall Frame counter: 28166
2020-08-27 17:04:01,128 [INFO] from com.jpro.meta.stream.Util$ in JavaFX Application Thread - Canvas overall bytes: 77344487
2020-08-27 17:04:01,128 [INFO] from com.jpro.meta.stream.Util$ in JavaFX Application Thread - Canvas Frame counter: 2169
2020-08-27 17:04:01,128 [INFO] from com.jpro.meta.stream.Util$ in JavaFX Application Thread - Canvas Frame byts: 5435
2020-08-27 17:04:01,128 [INFO] from com.jpro.meta.stream.Util$ in JavaFX Application Thread - Canvas Frame objs: 18
2020-08-27 17:04:01,128 [INFO] from com.jpro.meta.stream.Util$ in JavaFX Application Thread - Canvas Frame count: 1
2020-08-27 17:04:01,128 [INFO] from com.jpro.meta.stream.Util$ in JavaFX Application Thread - 
2020-08-27 17:04:01,128 [INFO] from com.jpro.meta.stream.Util$ in JavaFX Application Thread - Canvas, id: row-canvas classes: row-canvas
2020-08-27 17:04:01,128 [INFO] from com.jpro.meta.stream.Util$ in JavaFX Application Thread - Canvas overall Frame counter: 28167
2020-08-27 17:04:01,128 [INFO] from com.jpro.meta.stream.Util$ in JavaFX Application Thread - Canvas overall bytes: 77351180
2020-08-27 17:04:01,128 [INFO] from com.jpro.meta.stream.Util$ in JavaFX Application Thread - Canvas Frame counter: 840
2020-08-27 17:04:01,128 [INFO] from com.jpro.meta.stream.Util$ in JavaFX Application Thread - Canvas Frame byts: 6693
2020-08-27 17:04:01,128 [INFO] from com.jpro.meta.stream.Util$ in JavaFX Application Thread - Canvas Frame objs: 18
2020-08-27 17:04:01,128 [INFO] from com.jpro.meta.stream.Util$ in JavaFX Application Thread - Canvas Frame count: 1
2020-08-27 17:04:01,128 [INFO] from com.jpro.meta.stream.Util$ in JavaFX Application Thread - 
2020-08-27 17:04:01,128 [INFO] from com.jpro.meta.stream.Util$ in JavaFX Application Thread - Canvas, id: row-canvas classes: row-canvas
2020-08-27 17:04:01,128 [INFO] from com.jpro.meta.stream.Util$ in JavaFX Application Thread - Canvas overall Frame counter: 28168
2020-08-27 17:04:01,128 [INFO] from com.jpro.meta.stream.Util$ in JavaFX Application Thread - Canvas overall bytes: 77357873
2020-08-27 17:04:01,128 [INFO] from com.jpro.meta.stream.Util$ in JavaFX Application Thread - Canvas Frame counter: 845
2020-08-27 17:04:01,128 [INFO] from com.jpro.meta.stream.Util$ in JavaFX Application Thread - Canvas Frame byts: 6693
2020-08-27 17:04:01,128 [INFO] from com.jpro.meta.stream.Util$ in JavaFX Application Thread - Canvas Frame objs: 18
2020-08-27 17:04:01,128 [INFO] from com.jpro.meta.stream.Util$ in JavaFX Application Thread - Canvas Frame count: 1
2020-08-27 17:04:01,128 [INFO] from com.jpro.meta.stream.Util$ in JavaFX Application Thread - 
2020-08-27 17:04:01,128 [INFO] from com.jpro.meta.stream.Util$ in JavaFX Application Thread - Canvas, id: row-canvas classes: row-canvas
2020-08-27 17:04:01,128 [INFO] from com.jpro.meta.stream.Util$ in JavaFX Application Thread - Canvas overall Frame counter: 28169
2020-08-27 17:04:01,128 [INFO] from com.jpro.meta.stream.Util$ in JavaFX Application Thread - Canvas overall bytes: 77364192
2020-08-27 17:04:01,128 [INFO] from com.jpro.meta.stream.Util$ in JavaFX Application Thread - Canvas Frame counter: 809
2020-08-27 17:04:01,128 [INFO] from com.jpro.meta.stream.Util$ in JavaFX Application Thread - Canvas Frame byts: 6319
2020-08-27 17:04:01,128 [INFO] from com.jpro.meta.stream.Util$ in JavaFX Application Thread - Canvas Frame objs: 18
2020-08-27 17:04:01,128 [INFO] from com.jpro.meta.stream.Util$ in JavaFX Application Thread - Canvas Frame count: 1
2020-08-27 17:04:01,128 [INFO] from com.jpro.meta.stream.Util$ in JavaFX Application Thread - 
2020-08-27 17:04:01,128 [INFO] from com.jpro.meta.stream.Util$ in JavaFX Application Thread - Canvas, id: row-canvas classes: row-canvas
2020-08-27 17:04:01,128 [INFO] from com.jpro.meta.stream.Util$ in JavaFX Application Thread - Canvas overall Frame counter: 28170
2020-08-27 17:04:01,128 [INFO] from com.jpro.meta.stream.Util$ in JavaFX Application Thread - Canvas overall bytes: 77370205
2020-08-27 17:04:01,128 [INFO] from com.jpro.meta.stream.Util$ in JavaFX Application Thread - Canvas Frame counter: 563
2020-08-27 17:04:01,128 [INFO] from com.jpro.meta.stream.Util$ in JavaFX Application Thread - Canvas Frame byts: 6013
2020-08-27 17:04:01,128 [INFO] from com.jpro.meta.stream.Util$ in JavaFX Application Thread - Canvas Frame objs: 18
2020-08-27 17:04:01,128 [INFO] from com.jpro.meta.stream.Util$ in JavaFX Application Thread - Canvas Frame count: 1
2020-08-27 17:04:01,128 [INFO] from com.jpro.meta.stream.Util$ in JavaFX Application Thread - 
2020-08-27 17:04:01,128 [INFO] from com.jpro.meta.stream.Util$ in JavaFX Application Thread - Canvas, id: row-canvas classes: row-canvas
2020-08-27 17:04:01,128 [INFO] from com.jpro.meta.stream.Util$ in JavaFX Application Thread - Canvas overall Frame counter: 28171
2020-08-27 17:04:01,128 [INFO] from com.jpro.meta.stream.Util$ in JavaFX Application Thread - Canvas overall bytes: 77376456
2020-08-27 17:04:01,128 [INFO] from com.jpro.meta.stream.Util$ in JavaFX Application Thread - Canvas Frame counter: 522
2020-08-27 17:04:01,128 [INFO] from com.jpro.meta.stream.Util$ in JavaFX Application Thread - Canvas Frame byts: 6251
2020-08-27 17:04:01,128 [INFO] from com.jpro.meta.stream.Util$ in JavaFX Application Thread - Canvas Frame objs: 18
2020-08-27 17:04:01,128 [INFO] from com.jpro.meta.stream.Util$ in JavaFX Application Thread - Canvas Frame count: 1
2020-08-27 17:04:01,128 [INFO] from com.jpro.meta.stream.Util$ in JavaFX Application Thread - 
2020-08-27 17:04:01,128 [INFO] from com.jpro.meta.stream.Util$ in JavaFX Application Thread - Canvas, id: row-canvas classes: row-canvas
2020-08-27 17:04:01,128 [INFO] from com.jpro.meta.stream.Util$ in JavaFX Application Thread - Canvas overall Frame counter: 28172
2020-08-27 17:04:01,128 [INFO] from com.jpro.meta.stream.Util$ in JavaFX Application Thread - Canvas overall bytes: 77382333
2020-08-27 17:04:01,128 [INFO] from com.jpro.meta.stream.Util$ in JavaFX Application Thread - Canvas Frame counter: 565
2020-08-27 17:04:01,128 [INFO] from com.jpro.meta.stream.Util$ in JavaFX Application Thread - Canvas Frame byts: 5877
2020-08-27 17:04:01,128 [INFO] from com.jpro.meta.stream.Util$ in JavaFX Application Thread - Canvas Frame objs: 18
2020-08-27 17:04:01,129 [INFO] from com.jpro.meta.stream.Util$ in JavaFX Application Thread - Canvas Frame count: 1
2020-08-27 17:04:01,129 [INFO] from com.jpro.meta.stream.Util$ in JavaFX Application Thread - 
2020-08-27 17:04:01,129 [INFO] from com.jpro.meta.stream.Util$ in JavaFX Application Thread - Canvas, id: row-canvas classes: row-canvas
2020-08-27 17:04:01,129 [INFO] from com.jpro.meta.stream.Util$ in JavaFX Application Thread - Canvas overall Frame counter: 28173
2020-08-27 17:04:01,129 [INFO] from com.jpro.meta.stream.Util$ in JavaFX Application Thread - Canvas overall bytes: 77387938
2020-08-27 17:04:01,129 [INFO] from com.jpro.meta.stream.Util$ in JavaFX Application Thread - Canvas Frame counter: 534
2020-08-27 17:04:01,129 [INFO] from com.jpro.meta.stream.Util$ in JavaFX Application Thread - Canvas Frame byts: 5605
2020-08-27 17:04:01,129 [INFO] from com.jpro.meta.stream.Util$ in JavaFX Application Thread - Canvas Frame objs: 18
2020-08-27 17:04:01,129 [INFO] from com.jpro.meta.stream.Util$ in JavaFX Application Thread - Canvas Frame count: 1
2020-08-27 17:04:01,129 [INFO] from com.jpro.meta.stream.Util$ in JavaFX Application Thread - 
2020-08-27 17:04:01,129 [INFO] from com.jpro.meta.stream.Util$ in JavaFX Application Thread - Canvas, id: row-canvas classes: row-canvas
2020-08-27 17:04:01,129 [INFO] from com.jpro.meta.stream.Util$ in JavaFX Application Thread - Canvas overall Frame counter: 28174
2020-08-27 17:04:01,129 [INFO] from com.jpro.meta.stream.Util$ in JavaFX Application Thread - Canvas overall bytes: 77394631
2020-08-27 17:04:01,129 [INFO] from com.jpro.meta.stream.Util$ in JavaFX Application Thread - Canvas Frame counter: 727
2020-08-27 17:04:01,129 [INFO] from com.jpro.meta.stream.Util$ in JavaFX Application Thread - Canvas Frame byts: 6693
2020-08-27 17:04:01,129 [INFO] from com.jpro.meta.stream.Util$ in JavaFX Application Thread - Canvas Frame objs: 18
2020-08-27 17:04:01,129 [INFO] from com.jpro.meta.stream.Util$ in JavaFX Application Thread - Canvas Frame count: 1
2020-08-27 17:04:01,160 [INFO] from com.jpro.meta.stream.Util$ in JavaFX Application Thread - 
2020-08-27 17:04:01,160 [INFO] from com.jpro.meta.stream.Util$ in JavaFX Application Thread - Canvas, id: row-canvas classes: row-canvas
2020-08-27 17:04:01,160 [INFO] from com.jpro.meta.stream.Util$ in JavaFX Application Thread - Canvas overall Frame counter: 28175
2020-08-27 17:04:01,160 [INFO] from com.jpro.meta.stream.Util$ in JavaFX Application Thread - Canvas overall bytes: 77400508
2020-08-27 17:04:01,160 [INFO] from com.jpro.meta.stream.Util$ in JavaFX Application Thread - Canvas Frame counter: 853
2020-08-27 17:04:01,160 [INFO] from com.jpro.meta.stream.Util$ in JavaFX Application Thread - Canvas Frame byts: 5877
2020-08-27 17:04:01,160 [INFO] from com.jpro.meta.stream.Util$ in JavaFX Application Thread - Canvas Frame objs: 18
2020-08-27 17:04:01,160 [INFO] from com.jpro.meta.stream.Util$ in JavaFX Application Thread - Canvas Frame count: 1
2020-08-27 17:04:01,160 [INFO] from com.jpro.meta.stream.Util$ in JavaFX Application Thread - 
2020-08-27 17:04:01,160 [INFO] from com.jpro.meta.stream.Util$ in JavaFX Application Thread - Canvas, id: row-canvas classes: row-canvas
2020-08-27 17:04:01,160 [INFO] from com.jpro.meta.stream.Util$ in JavaFX Application Thread - Canvas overall Frame counter: 28176
2020-08-27 17:04:01,160 [INFO] from com.jpro.meta.stream.Util$ in JavaFX Application Thread - Canvas overall bytes: 77407099
2020-08-27 17:04:01,160 [INFO] from com.jpro.meta.stream.Util$ in JavaFX Application Thread - Canvas Frame counter: 785
2020-08-27 17:04:01,160 [INFO] from com.jpro.meta.stream.Util$ in JavaFX Application Thread - Canvas Frame byts: 6591
2020-08-27 17:04:01,160 [INFO] from com.jpro.meta.stream.Util$ in JavaFX Application Thread - Canvas Frame objs: 18
2020-08-27 17:04:01,160 [INFO] from com.jpro.meta.stream.Util$ in JavaFX Application Thread - Canvas Frame count: 1
2020-08-27 17:04:01,160 [INFO] from com.jpro.meta.stream.Util$ in JavaFX Application Thread - 
2020-08-27 17:04:01,160 [INFO] from com.jpro.meta.stream.Util$ in JavaFX Application Thread - Canvas, id: row-canvas classes: row-canvas
2020-08-27 17:04:01,160 [INFO] from com.jpro.meta.stream.Util$ in JavaFX Application Thread - Canvas overall Frame counter: 28177
2020-08-27 17:04:01,160 [INFO] from com.jpro.meta.stream.Util$ in JavaFX Application Thread - Canvas overall bytes: 77413146
2020-08-27 17:04:01,160 [INFO] from com.jpro.meta.stream.Util$ in JavaFX Application Thread - Canvas Frame counter: 803
2020-08-27 17:04:01,160 [INFO] from com.jpro.meta.stream.Util$ in JavaFX Application Thread - Canvas Frame byts: 6047
2020-08-27 17:04:01,160 [INFO] from com.jpro.meta.stream.Util$ in JavaFX Application Thread - Canvas Frame objs: 18
2020-08-27 17:04:01,160 [INFO] from com.jpro.meta.stream.Util$ in JavaFX Application Thread - Canvas Frame count: 1
2020-08-27 17:04:01,160 [INFO] from com.jpro.meta.stream.Util$ in JavaFX Application Thread - 
2020-08-27 17:04:01,160 [INFO] from com.jpro.meta.stream.Util$ in JavaFX Application Thread - Canvas, id: row-canvas classes: row-canvas
2020-08-27 17:04:01,160 [INFO] from com.jpro.meta.stream.Util$ in JavaFX Application Thread - Canvas overall Frame counter: 28178
2020-08-27 17:04:01,160 [INFO] from com.jpro.meta.stream.Util$ in JavaFX Application Thread - Canvas overall bytes: 77418989
2020-08-27 17:04:01,160 [INFO] from com.jpro.meta.stream.Util$ in JavaFX Application Thread - Canvas Frame counter: 807
2020-08-27 17:04:01,160 [INFO] from com.jpro.meta.stream.Util$ in JavaFX Application Thread - Canvas Frame byts: 5843
2020-08-27 17:04:01,160 [INFO] from com.jpro.meta.stream.Util$ in JavaFX Application Thread - Canvas Frame objs: 18
2020-08-27 17:04:01,160 [INFO] from com.jpro.meta.stream.Util$ in JavaFX Application Thread - Canvas Frame count: 1
2020-08-27 17:04:01,160 [INFO] from com.jpro.meta.stream.Util$ in JavaFX Application Thread - 
2020-08-27 17:04:01,160 [INFO] from com.jpro.meta.stream.Util$ in JavaFX Application Thread - Canvas, id: row-canvas classes: row-canvas
2020-08-27 17:04:01,160 [INFO] from com.jpro.meta.stream.Util$ in JavaFX Application Thread - Canvas overall Frame counter: 28179
2020-08-27 17:04:01,160 [INFO] from com.jpro.meta.stream.Util$ in JavaFX Application Thread - Canvas overall bytes: 77424764
2020-08-27 17:04:01,160 [INFO] from com.jpro.meta.stream.Util$ in JavaFX Application Thread - Canvas Frame counter: 800
2020-08-27 17:04:01,160 [INFO] from com.jpro.meta.stream.Util$ in JavaFX Application Thread - Canvas Frame byts: 5775
2020-08-27 17:04:01,160 [INFO] from com.jpro.meta.stream.Util$ in JavaFX Application Thread - Canvas Frame objs: 18
2020-08-27 17:04:01,160 [INFO] from com.jpro.meta.stream.Util$ in JavaFX Application Thread - Canvas Frame count: 1
2020-08-27 17:04:01,160 [INFO] from com.jpro.meta.stream.Util$ in JavaFX Application Thread - 
2020-08-27 17:04:01,160 [INFO] from com.jpro.meta.stream.Util$ in JavaFX Application Thread - Canvas, id: row-canvas classes: row-canvas
2020-08-27 17:04:01,160 [INFO] from com.jpro.meta.stream.Util$ in JavaFX Application Thread - Canvas overall Frame counter: 28180
2020-08-27 17:04:01,160 [INFO] from com.jpro.meta.stream.Util$ in JavaFX Application Thread - Canvas overall bytes: 77430913
2020-08-27 17:04:01,160 [INFO] from com.jpro.meta.stream.Util$ in JavaFX Application Thread - Canvas Frame counter: 2223
2020-08-27 17:04:01,160 [INFO] from com.jpro.meta.stream.Util$ in JavaFX Application Thread - Canvas Frame byts: 6149
2020-08-27 17:04:01,160 [INFO] from com.jpro.meta.stream.Util$ in JavaFX Application Thread - Canvas Frame objs: 18
2020-08-27 17:04:01,160 [INFO] from com.jpro.meta.stream.Util$ in JavaFX Application Thread - Canvas Frame count: 1
2020-08-27 17:04:01,160 [INFO] from com.jpro.meta.stream.Util$ in JavaFX Application Thread - 
2020-08-27 17:04:01,160 [INFO] from com.jpro.meta.stream.Util$ in JavaFX Application Thread - Canvas, id: row-canvas classes: row-canvas
2020-08-27 17:04:01,160 [INFO] from com.jpro.meta.stream.Util$ in JavaFX Application Thread - Canvas overall Frame counter: 28181
2020-08-27 17:04:01,160 [INFO] from com.jpro.meta.stream.Util$ in JavaFX Application Thread - Canvas overall bytes: 77437130
2020-08-27 17:04:01,160 [INFO] from com.jpro.meta.stream.Util$ in JavaFX Application Thread - Canvas Frame counter: 2168
2020-08-27 17:04:01,160 [INFO] from com.jpro.meta.stream.Util$ in JavaFX Application Thread - Canvas Frame byts: 6217
2020-08-27 17:04:01,160 [INFO] from com.jpro.meta.stream.Util$ in JavaFX Application Thread - Canvas Frame objs: 18
2020-08-27 17:04:01,160 [INFO] from com.jpro.meta.stream.Util$ in JavaFX Application Thread - Canvas Frame count: 1
2020-08-27 17:04:01,160 [INFO] from com.jpro.meta.stream.Util$ in JavaFX Application Thread - 
2020-08-27 17:04:01,160 [INFO] from com.jpro.meta.stream.Util$ in JavaFX Application Thread - Canvas, id: row-canvas classes: row-canvas
2020-08-27 17:04:01,160 [INFO] from com.jpro.meta.stream.Util$ in JavaFX Application Thread - Canvas overall Frame counter: 28182
2020-08-27 17:04:01,160 [INFO] from com.jpro.meta.stream.Util$ in JavaFX Application Thread - Canvas overall bytes: 77443721
2020-08-27 17:04:01,160 [INFO] from com.jpro.meta.stream.Util$ in JavaFX Application Thread - Canvas Frame counter: 2159
2020-08-27 17:04:01,160 [INFO] from com.jpro.meta.stream.Util$ in JavaFX Application Thread - Canvas Frame byts: 6591
2020-08-27 17:04:01,160 [INFO] from com.jpro.meta.stream.Util$ in JavaFX Application Thread - Canvas Frame objs: 18
2020-08-27 17:04:01,160 [INFO] from com.jpro.meta.stream.Util$ in JavaFX Application Thread - Canvas Frame count: 1
2020-08-27 17:04:01,160 [INFO] from com.jpro.meta.stream.Util$ in JavaFX Application Thread - 
2020-08-27 17:04:01,160 [INFO] from com.jpro.meta.stream.Util$ in JavaFX Application Thread - Canvas, id: row-canvas classes: row-canvas
2020-08-27 17:04:01,160 [INFO] from com.jpro.meta.stream.Util$ in JavaFX Application Thread - Canvas overall Frame counter: 28183
2020-08-27 17:04:01,160 [INFO] from com.jpro.meta.stream.Util$ in JavaFX Application Thread - Canvas overall bytes: 77449836
2020-08-27 17:04:01,160 [INFO] from com.jpro.meta.stream.Util$ in JavaFX Application Thread - Canvas Frame counter: 2032
2020-08-27 17:04:01,160 [INFO] from com.jpro.meta.stream.Util$ in JavaFX Application Thread - Canvas Frame byts: 6115
2020-08-27 17:04:01,160 [INFO] from com.jpro.meta.stream.Util$ in JavaFX Application Thread - Canvas Frame objs: 18
2020-08-27 17:04:01,160 [INFO] from com.jpro.meta.stream.Util$ in JavaFX Application Thread - Canvas Frame count: 1
2020-08-27 17:04:01,160 [INFO] from com.jpro.meta.stream.Util$ in JavaFX Application Thread - 
2020-08-27 17:04:01,160 [INFO] from com.jpro.meta.stream.Util$ in JavaFX Application Thread - Canvas, id: row-canvas classes: row-canvas
2020-08-27 17:04:01,160 [INFO] from com.jpro.meta.stream.Util$ in JavaFX Application Thread - Canvas overall Frame counter: 28184
2020-08-27 17:04:01,160 [INFO] from com.jpro.meta.stream.Util$ in JavaFX Application Thread - Canvas overall bytes: 77456427
2020-08-27 17:04:01,160 [INFO] from com.jpro.meta.stream.Util$ in JavaFX Application Thread - Canvas Frame counter: 2214
2020-08-27 17:04:01,160 [INFO] from com.jpro.meta.stream.Util$ in JavaFX Application Thread - Canvas Frame byts: 6591
2020-08-27 17:04:01,160 [INFO] from com.jpro.meta.stream.Util$ in JavaFX Application Thread - Canvas Frame objs: 18
2020-08-27 17:04:01,160 [INFO] from com.jpro.meta.stream.Util$ in JavaFX Application Thread - Canvas Frame count: 1
2020-08-27 17:04:01,160 [INFO] from com.jpro.meta.stream.Util$ in JavaFX Application Thread - 
2020-08-27 17:04:01,160 [INFO] from com.jpro.meta.stream.Util$ in JavaFX Application Thread - Canvas, id: row-canvas classes: row-canvas
2020-08-27 17:04:01,160 [INFO] from com.jpro.meta.stream.Util$ in JavaFX Application Thread - Canvas overall Frame counter: 28185
2020-08-27 17:04:01,160 [INFO] from com.jpro.meta.stream.Util$ in JavaFX Application Thread - Canvas overall bytes: 77463018
2020-08-27 17:04:01,160 [INFO] from com.jpro.meta.stream.Util$ in JavaFX Application Thread - Canvas Frame counter: 2297
2020-08-27 17:04:01,160 [INFO] from com.jpro.meta.stream.Util$ in JavaFX Application Thread - Canvas Frame byts: 6591
2020-08-27 17:04:01,160 [INFO] from com.jpro.meta.stream.Util$ in JavaFX Application Thread - Canvas Frame objs: 18
2020-08-27 17:04:01,160 [INFO] from com.jpro.meta.stream.Util$ in JavaFX Application Thread - Canvas Frame count: 1
2020-08-27 17:04:01,160 [INFO] from com.jpro.meta.stream.Util$ in JavaFX Application Thread - 
2020-08-27 17:04:01,160 [INFO] from com.jpro.meta.stream.Util$ in JavaFX Application Thread - Canvas, id: row-canvas classes: row-canvas
2020-08-27 17:04:01,160 [INFO] from com.jpro.meta.stream.Util$ in JavaFX Application Thread - Canvas overall Frame counter: 28186
2020-08-27 17:04:01,160 [INFO] from com.jpro.meta.stream.Util$ in JavaFX Application Thread - Canvas overall bytes: 77468453
2020-08-27 17:04:01,160 [INFO] from com.jpro.meta.stream.Util$ in JavaFX Application Thread - Canvas Frame counter: 2170
2020-08-27 17:04:01,160 [INFO] from com.jpro.meta.stream.Util$ in JavaFX Application Thread - Canvas Frame byts: 5435
2020-08-27 17:04:01,160 [INFO] from com.jpro.meta.stream.Util$ in JavaFX Application Thread - Canvas Frame objs: 18
2020-08-27 17:04:01,160 [INFO] from com.jpro.meta.stream.Util$ in JavaFX Application Thread - Canvas Frame count: 1
2020-08-27 17:04:01,160 [INFO] from com.jpro.meta.stream.Util$ in JavaFX Application Thread - 
2020-08-27 17:04:01,160 [INFO] from com.jpro.meta.stream.Util$ in JavaFX Application Thread - Canvas, id: row-canvas classes: row-canvas
2020-08-27 17:04:01,160 [INFO] from com.jpro.meta.stream.Util$ in JavaFX Application Thread - Canvas overall Frame counter: 28187
2020-08-27 17:04:01,160 [INFO] from com.jpro.meta.stream.Util$ in JavaFX Application Thread - Canvas overall bytes: 77475044
2020-08-27 17:04:01,160 [INFO] from com.jpro.meta.stream.Util$ in JavaFX Application Thread - Canvas Frame counter: 841
2020-08-27 17:04:01,160 [INFO] from com.jpro.meta.stream.Util$ in JavaFX Application Thread - Canvas Frame byts: 6591
2020-08-27 17:04:01,160 [INFO] from com.jpro.meta.stream.Util$ in JavaFX Application Thread - Canvas Frame objs: 18
2020-08-27 17:04:01,161 [INFO] from com.jpro.meta.stream.Util$ in JavaFX Application Thread - Canvas Frame count: 1
2020-08-27 17:04:01,161 [INFO] from com.jpro.meta.stream.Util$ in JavaFX Application Thread - 
2020-08-27 17:04:01,161 [INFO] from com.jpro.meta.stream.Util$ in JavaFX Application Thread - Canvas, id: row-canvas classes: row-canvas
2020-08-27 17:04:01,161 [INFO] from com.jpro.meta.stream.Util$ in JavaFX Application Thread - Canvas overall Frame counter: 28188
2020-08-27 17:04:01,161 [INFO] from com.jpro.meta.stream.Util$ in JavaFX Application Thread - Canvas overall bytes: 77481635
2020-08-27 17:04:01,161 [INFO] from com.jpro.meta.stream.Util$ in JavaFX Application Thread - Canvas Frame counter: 846
2020-08-27 17:04:01,161 [INFO] from com.jpro.meta.stream.Util$ in JavaFX Application Thread - Canvas Frame byts: 6591
2020-08-27 17:04:01,161 [INFO] from com.jpro.meta.stream.Util$ in JavaFX Application Thread - Canvas Frame objs: 18
2020-08-27 17:04:01,161 [INFO] from com.jpro.meta.stream.Util$ in JavaFX Application Thread - Canvas Frame count: 1
2020-08-27 17:04:01,161 [INFO] from com.jpro.meta.stream.Util$ in JavaFX Application Thread - 
2020-08-27 17:04:01,161 [INFO] from com.jpro.meta.stream.Util$ in JavaFX Application Thread - Canvas, id: row-canvas classes: row-canvas
2020-08-27 17:04:01,161 [INFO] from com.jpro.meta.stream.Util$ in JavaFX Application Thread - Canvas overall Frame counter: 28189
2020-08-27 17:04:01,161 [INFO] from com.jpro.meta.stream.Util$ in JavaFX Application Thread - Canvas overall bytes: 77487954
2020-08-27 17:04:01,161 [INFO] from com.jpro.meta.stream.Util$ in JavaFX Application Thread - Canvas Frame counter: 810
2020-08-27 17:04:01,161 [INFO] from com.jpro.meta.stream.Util$ in JavaFX Application Thread - Canvas Frame byts: 6319
2020-08-27 17:04:01,161 [INFO] from com.jpro.meta.stream.Util$ in JavaFX Application Thread - Canvas Frame objs: 18
2020-08-27 17:04:01,161 [INFO] from com.jpro.meta.stream.Util$ in JavaFX Application Thread - Canvas Frame count: 1
2020-08-27 17:04:01,161 [INFO] from com.jpro.meta.stream.Util$ in JavaFX Application Thread - 
2020-08-27 17:04:01,161 [INFO] from com.jpro.meta.stream.Util$ in JavaFX Application Thread - Canvas, id: row-canvas classes: row-canvas
2020-08-27 17:04:01,161 [INFO] from com.jpro.meta.stream.Util$ in JavaFX Application Thread - Canvas overall Frame counter: 28190
2020-08-27 17:04:01,161 [INFO] from com.jpro.meta.stream.Util$ in JavaFX Application Thread - Canvas overall bytes: 77493967
2020-08-27 17:04:01,161 [INFO] from com.jpro.meta.stream.Util$ in JavaFX Application Thread - Canvas Frame counter: 564
2020-08-27 17:04:01,161 [INFO] from com.jpro.meta.stream.Util$ in JavaFX Application Thread - Canvas Frame byts: 6013
2020-08-27 17:04:01,161 [INFO] from com.jpro.meta.stream.Util$ in JavaFX Application Thread - Canvas Frame objs: 18
2020-08-27 17:04:01,161 [INFO] from com.jpro.meta.stream.Util$ in JavaFX Application Thread - Canvas Frame count: 1
2020-08-27 17:04:01,161 [INFO] from com.jpro.meta.stream.Util$ in JavaFX Application Thread - 
2020-08-27 17:04:01,161 [INFO] from com.jpro.meta.stream.Util$ in JavaFX Application Thread - Canvas, id: row-canvas classes: row-canvas
2020-08-27 17:04:01,161 [INFO] from com.jpro.meta.stream.Util$ in JavaFX Application Thread - Canvas overall Frame counter: 28191
2020-08-27 17:04:01,161 [INFO] from com.jpro.meta.stream.Util$ in JavaFX Application Thread - Canvas overall bytes: 77500218
2020-08-27 17:04:01,161 [INFO] from com.jpro.meta.stream.Util$ in JavaFX Application Thread - Canvas Frame counter: 523
2020-08-27 17:04:01,161 [INFO] from com.jpro.meta.stream.Util$ in JavaFX Application Thread - Canvas Frame byts: 6251
2020-08-27 17:04:01,161 [INFO] from com.jpro.meta.stream.Util$ in JavaFX Application Thread - Canvas Frame objs: 18
2020-08-27 17:04:01,161 [INFO] from com.jpro.meta.stream.Util$ in JavaFX Application Thread - Canvas Frame count: 1
2020-08-27 17:04:01,161 [INFO] from com.jpro.meta.stream.Util$ in JavaFX Application Thread - 
2020-08-27 17:04:01,161 [INFO] from com.jpro.meta.stream.Util$ in JavaFX Application Thread - Canvas, id: row-canvas classes: row-canvas
2020-08-27 17:04:01,161 [INFO] from com.jpro.meta.stream.Util$ in JavaFX Application Thread - Canvas overall Frame counter: 28192
2020-08-27 17:04:01,161 [INFO] from com.jpro.meta.stream.Util$ in JavaFX Application Thread - Canvas overall bytes: 77506095
2020-08-27 17:04:01,161 [INFO] from com.jpro.meta.stream.Util$ in JavaFX Application Thread - Canvas Frame counter: 566
2020-08-27 17:04:01,161 [INFO] from com.jpro.meta.stream.Util$ in JavaFX Application Thread - Canvas Frame byts: 5877
2020-08-27 17:04:01,161 [INFO] from com.jpro.meta.stream.Util$ in JavaFX Application Thread - Canvas Frame objs: 18
2020-08-27 17:04:01,161 [INFO] from com.jpro.meta.stream.Util$ in JavaFX Application Thread - Canvas Frame count: 1
2020-08-27 17:04:01,161 [INFO] from com.jpro.meta.stream.Util$ in JavaFX Application Thread - 
2020-08-27 17:04:01,161 [INFO] from com.jpro.meta.stream.Util$ in JavaFX Application Thread - Canvas, id: row-canvas classes: row-canvas
2020-08-27 17:04:01,161 [INFO] from com.jpro.meta.stream.Util$ in JavaFX Application Thread - Canvas overall Frame counter: 28193
2020-08-27 17:04:01,161 [INFO] from com.jpro.meta.stream.Util$ in JavaFX Application Thread - Canvas overall bytes: 77511700
2020-08-27 17:04:01,161 [INFO] from com.jpro.meta.stream.Util$ in JavaFX Application Thread - Canvas Frame counter: 535
2020-08-27 17:04:01,161 [INFO] from com.jpro.meta.stream.Util$ in JavaFX Application Thread - Canvas Frame byts: 5605
2020-08-27 17:04:01,161 [INFO] from com.jpro.meta.stream.Util$ in JavaFX Application Thread - Canvas Frame objs: 18
2020-08-27 17:04:01,161 [INFO] from com.jpro.meta.stream.Util$ in JavaFX Application Thread - Canvas Frame count: 1
2020-08-27 17:04:01,161 [INFO] from com.jpro.meta.stream.Util$ in JavaFX Application Thread - 
2020-08-27 17:04:01,161 [INFO] from com.jpro.meta.stream.Util$ in JavaFX Application Thread - Canvas, id: row-canvas classes: row-canvas
2020-08-27 17:04:01,161 [INFO] from com.jpro.meta.stream.Util$ in JavaFX Application Thread - Canvas overall Frame counter: 28194
2020-08-27 17:04:01,161 [INFO] from com.jpro.meta.stream.Util$ in JavaFX Application Thread - Canvas overall bytes: 77518291
2020-08-27 17:04:01,161 [INFO] from com.jpro.meta.stream.Util$ in JavaFX Application Thread - Canvas Frame counter: 728
2020-08-27 17:04:01,161 [INFO] from com.jpro.meta.stream.Util$ in JavaFX Application Thread - Canvas Frame byts: 6591
2020-08-27 17:04:01,161 [INFO] from com.jpro.meta.stream.Util$ in JavaFX Application Thread - Canvas Frame objs: 18
2020-08-27 17:04:01,161 [INFO] from com.jpro.meta.stream.Util$ in JavaFX Application Thread - Canvas Frame count: 1
2020-08-27 17:04:01,178 [INFO] from com.jpro.meta.stream.Util$ in JavaFX Application Thread - 
2020-08-27 17:04:01,178 [INFO] from com.jpro.meta.stream.Util$ in JavaFX Application Thread - Canvas, id: row-canvas classes: row-canvas
2020-08-27 17:04:01,178 [INFO] from com.jpro.meta.stream.Util$ in JavaFX Application Thread - Canvas overall Frame counter: 28195
2020-08-27 17:04:01,178 [INFO] from com.jpro.meta.stream.Util$ in JavaFX Application Thread - Canvas overall bytes: 77524151
2020-08-27 17:04:01,178 [INFO] from com.jpro.meta.stream.Util$ in JavaFX Application Thread - Canvas Frame counter: 854
2020-08-27 17:04:01,178 [INFO] from com.jpro.meta.stream.Util$ in JavaFX Application Thread - Canvas Frame byts: 5860
2020-08-27 17:04:01,178 [INFO] from com.jpro.meta.stream.Util$ in JavaFX Application Thread - Canvas Frame objs: 18
2020-08-27 17:04:01,178 [INFO] from com.jpro.meta.stream.Util$ in JavaFX Application Thread - Canvas Frame count: 1
2020-08-27 17:04:01,178 [INFO] from com.jpro.meta.stream.Util$ in JavaFX Application Thread - 
2020-08-27 17:04:01,178 [INFO] from com.jpro.meta.stream.Util$ in JavaFX Application Thread - Canvas, id: row-canvas classes: row-canvas
2020-08-27 17:04:01,178 [INFO] from com.jpro.meta.stream.Util$ in JavaFX Application Thread - Canvas overall Frame counter: 28196
2020-08-27 17:04:01,178 [INFO] from com.jpro.meta.stream.Util$ in JavaFX Application Thread - Canvas overall bytes: 77530487
2020-08-27 17:04:01,178 [INFO] from com.jpro.meta.stream.Util$ in JavaFX Application Thread - Canvas Frame counter: 786
2020-08-27 17:04:01,178 [INFO] from com.jpro.meta.stream.Util$ in JavaFX Application Thread - Canvas Frame byts: 6336
2020-08-27 17:04:01,178 [INFO] from com.jpro.meta.stream.Util$ in JavaFX Application Thread - Canvas Frame objs: 18
2020-08-27 17:04:01,178 [INFO] from com.jpro.meta.stream.Util$ in JavaFX Application Thread - Canvas Frame count: 1
2020-08-27 17:04:01,178 [INFO] from com.jpro.meta.stream.Util$ in JavaFX Application Thread - 
2020-08-27 17:04:01,178 [INFO] from com.jpro.meta.stream.Util$ in JavaFX Application Thread - Canvas, id: row-canvas classes: row-canvas
2020-08-27 17:04:01,178 [INFO] from com.jpro.meta.stream.Util$ in JavaFX Application Thread - Canvas overall Frame counter: 28197
2020-08-27 17:04:01,178 [INFO] from com.jpro.meta.stream.Util$ in JavaFX Application Thread - Canvas overall bytes: 77536517
2020-08-27 17:04:01,178 [INFO] from com.jpro.meta.stream.Util$ in JavaFX Application Thread - Canvas Frame counter: 804
2020-08-27 17:04:01,178 [INFO] from com.jpro.meta.stream.Util$ in JavaFX Application Thread - Canvas Frame byts: 6030
2020-08-27 17:04:01,178 [INFO] from com.jpro.meta.stream.Util$ in JavaFX Application Thread - Canvas Frame objs: 18
2020-08-27 17:04:01,178 [INFO] from com.jpro.meta.stream.Util$ in JavaFX Application Thread - Canvas Frame count: 1
2020-08-27 17:04:01,178 [INFO] from com.jpro.meta.stream.Util$ in JavaFX Application Thread - 
2020-08-27 17:04:01,178 [INFO] from com.jpro.meta.stream.Util$ in JavaFX Application Thread - Canvas, id: row-canvas classes: row-canvas
2020-08-27 17:04:01,178 [INFO] from com.jpro.meta.stream.Util$ in JavaFX Application Thread - Canvas overall Frame counter: 28198
2020-08-27 17:04:01,178 [INFO] from com.jpro.meta.stream.Util$ in JavaFX Application Thread - Canvas overall bytes: 77542343
2020-08-27 17:04:01,178 [INFO] from com.jpro.meta.stream.Util$ in JavaFX Application Thread - Canvas Frame counter: 808
2020-08-27 17:04:01,178 [INFO] from com.jpro.meta.stream.Util$ in JavaFX Application Thread - Canvas Frame byts: 5826
2020-08-27 17:04:01,178 [INFO] from com.jpro.meta.stream.Util$ in JavaFX Application Thread - Canvas Frame objs: 18
2020-08-27 17:04:01,178 [INFO] from com.jpro.meta.stream.Util$ in JavaFX Application Thread - Canvas Frame count: 1
2020-08-27 17:04:01,178 [INFO] from com.jpro.meta.stream.Util$ in JavaFX Application Thread - 
2020-08-27 17:04:01,178 [INFO] from com.jpro.meta.stream.Util$ in JavaFX Application Thread - Canvas, id: row-canvas classes: row-canvas
2020-08-27 17:04:01,178 [INFO] from com.jpro.meta.stream.Util$ in JavaFX Application Thread - Canvas overall Frame counter: 28199
2020-08-27 17:04:01,178 [INFO] from com.jpro.meta.stream.Util$ in JavaFX Application Thread - Canvas overall bytes: 77548101
2020-08-27 17:04:01,178 [INFO] from com.jpro.meta.stream.Util$ in JavaFX Application Thread - Canvas Frame counter: 801
2020-08-27 17:04:01,178 [INFO] from com.jpro.meta.stream.Util$ in JavaFX Application Thread - Canvas Frame byts: 5758
2020-08-27 17:04:01,178 [INFO] from com.jpro.meta.stream.Util$ in JavaFX Application Thread - Canvas Frame objs: 18
2020-08-27 17:04:01,178 [INFO] from com.jpro.meta.stream.Util$ in JavaFX Application Thread - Canvas Frame count: 1
2020-08-27 17:04:01,178 [INFO] from com.jpro.meta.stream.Util$ in JavaFX Application Thread - 
2020-08-27 17:04:01,178 [INFO] from com.jpro.meta.stream.Util$ in JavaFX Application Thread - Canvas, id: row-canvas classes: row-canvas
2020-08-27 17:04:01,178 [INFO] from com.jpro.meta.stream.Util$ in JavaFX Application Thread - Canvas overall Frame counter: 28200
2020-08-27 17:04:01,178 [INFO] from com.jpro.meta.stream.Util$ in JavaFX Application Thread - Canvas overall bytes: 77554233
2020-08-27 17:04:01,178 [INFO] from com.jpro.meta.stream.Util$ in JavaFX Application Thread - Canvas Frame counter: 2224
2020-08-27 17:04:01,178 [INFO] from com.jpro.meta.stream.Util$ in JavaFX Application Thread - Canvas Frame byts: 6132
2020-08-27 17:04:01,178 [INFO] from com.jpro.meta.stream.Util$ in JavaFX Application Thread - Canvas Frame objs: 18
2020-08-27 17:04:01,178 [INFO] from com.jpro.meta.stream.Util$ in JavaFX Application Thread - Canvas Frame count: 1
2020-08-27 17:04:01,178 [INFO] from com.jpro.meta.stream.Util$ in JavaFX Application Thread - 
2020-08-27 17:04:01,178 [INFO] from com.jpro.meta.stream.Util$ in JavaFX Application Thread - Canvas, id: row-canvas classes: row-canvas
2020-08-27 17:04:01,178 [INFO] from com.jpro.meta.stream.Util$ in JavaFX Application Thread - Canvas overall Frame counter: 28201
2020-08-27 17:04:01,178 [INFO] from com.jpro.meta.stream.Util$ in JavaFX Application Thread - Canvas overall bytes: 77560433
2020-08-27 17:04:01,178 [INFO] from com.jpro.meta.stream.Util$ in JavaFX Application Thread - Canvas Frame counter: 2169
2020-08-27 17:04:01,178 [INFO] from com.jpro.meta.stream.Util$ in JavaFX Application Thread - Canvas Frame byts: 6200
2020-08-27 17:04:01,178 [INFO] from com.jpro.meta.stream.Util$ in JavaFX Application Thread - Canvas Frame objs: 18
2020-08-27 17:04:01,178 [INFO] from com.jpro.meta.stream.Util$ in JavaFX Application Thread - Canvas Frame count: 1
2020-08-27 17:04:01,178 [INFO] from com.jpro.meta.stream.Util$ in JavaFX Application Thread - 
2020-08-27 17:04:01,178 [INFO] from com.jpro.meta.stream.Util$ in JavaFX Application Thread - Canvas, id: row-canvas classes: row-canvas
2020-08-27 17:04:01,178 [INFO] from com.jpro.meta.stream.Util$ in JavaFX Application Thread - Canvas overall Frame counter: 28202
2020-08-27 17:04:01,178 [INFO] from com.jpro.meta.stream.Util$ in JavaFX Application Thread - Canvas overall bytes: 77566769
2020-08-27 17:04:01,178 [INFO] from com.jpro.meta.stream.Util$ in JavaFX Application Thread - Canvas Frame counter: 2160
2020-08-27 17:04:01,178 [INFO] from com.jpro.meta.stream.Util$ in JavaFX Application Thread - Canvas Frame byts: 6336
2020-08-27 17:04:01,178 [INFO] from com.jpro.meta.stream.Util$ in JavaFX Application Thread - Canvas Frame objs: 18
2020-08-27 17:04:01,178 [INFO] from com.jpro.meta.stream.Util$ in JavaFX Application Thread - Canvas Frame count: 1
2020-08-27 17:04:01,178 [INFO] from com.jpro.meta.stream.Util$ in JavaFX Application Thread - 
2020-08-27 17:04:01,178 [INFO] from com.jpro.meta.stream.Util$ in JavaFX Application Thread - Canvas, id: row-canvas classes: row-canvas
2020-08-27 17:04:01,178 [INFO] from com.jpro.meta.stream.Util$ in JavaFX Application Thread - Canvas overall Frame counter: 28203
2020-08-27 17:04:01,178 [INFO] from com.jpro.meta.stream.Util$ in JavaFX Application Thread - Canvas overall bytes: 77572867
2020-08-27 17:04:01,178 [INFO] from com.jpro.meta.stream.Util$ in JavaFX Application Thread - Canvas Frame counter: 2033
2020-08-27 17:04:01,178 [INFO] from com.jpro.meta.stream.Util$ in JavaFX Application Thread - Canvas Frame byts: 6098
2020-08-27 17:04:01,178 [INFO] from com.jpro.meta.stream.Util$ in JavaFX Application Thread - Canvas Frame objs: 18
2020-08-27 17:04:01,178 [INFO] from com.jpro.meta.stream.Util$ in JavaFX Application Thread - Canvas Frame count: 1
2020-08-27 17:04:01,178 [INFO] from com.jpro.meta.stream.Util$ in JavaFX Application Thread - 
2020-08-27 17:04:01,178 [INFO] from com.jpro.meta.stream.Util$ in JavaFX Application Thread - Canvas, id: row-canvas classes: row-canvas
2020-08-27 17:04:01,178 [INFO] from com.jpro.meta.stream.Util$ in JavaFX Application Thread - Canvas overall Frame counter: 28204
2020-08-27 17:04:01,178 [INFO] from com.jpro.meta.stream.Util$ in JavaFX Application Thread - Canvas overall bytes: 77579203
2020-08-27 17:04:01,178 [INFO] from com.jpro.meta.stream.Util$ in JavaFX Application Thread - Canvas Frame counter: 2215
2020-08-27 17:04:01,178 [INFO] from com.jpro.meta.stream.Util$ in JavaFX Application Thread - Canvas Frame byts: 6336
2020-08-27 17:04:01,178 [INFO] from com.jpro.meta.stream.Util$ in JavaFX Application Thread - Canvas Frame objs: 18
2020-08-27 17:04:01,178 [INFO] from com.jpro.meta.stream.Util$ in JavaFX Application Thread - Canvas Frame count: 1
2020-08-27 17:04:01,178 [INFO] from com.jpro.meta.stream.Util$ in JavaFX Application Thread - 
2020-08-27 17:04:01,178 [INFO] from com.jpro.meta.stream.Util$ in JavaFX Application Thread - Canvas, id: row-canvas classes: row-canvas
2020-08-27 17:04:01,178 [INFO] from com.jpro.meta.stream.Util$ in JavaFX Application Thread - Canvas overall Frame counter: 28205
2020-08-27 17:04:01,178 [INFO] from com.jpro.meta.stream.Util$ in JavaFX Application Thread - Canvas overall bytes: 77585539
2020-08-27 17:04:01,178 [INFO] from com.jpro.meta.stream.Util$ in JavaFX Application Thread - Canvas Frame counter: 2298
2020-08-27 17:04:01,178 [INFO] from com.jpro.meta.stream.Util$ in JavaFX Application Thread - Canvas Frame byts: 6336
2020-08-27 17:04:01,178 [INFO] from com.jpro.meta.stream.Util$ in JavaFX Application Thread - Canvas Frame objs: 18
2020-08-27 17:04:01,178 [INFO] from com.jpro.meta.stream.Util$ in JavaFX Application Thread - Canvas Frame count: 1
2020-08-27 17:04:01,178 [INFO] from com.jpro.meta.stream.Util$ in JavaFX Application Thread - 
2020-08-27 17:04:01,178 [INFO] from com.jpro.meta.stream.Util$ in JavaFX Application Thread - Canvas, id: row-canvas classes: row-canvas
2020-08-27 17:04:01,178 [INFO] from com.jpro.meta.stream.Util$ in JavaFX Application Thread - Canvas overall Frame counter: 28206
2020-08-27 17:04:01,178 [INFO] from com.jpro.meta.stream.Util$ in JavaFX Application Thread - Canvas overall bytes: 77590957
2020-08-27 17:04:01,178 [INFO] from com.jpro.meta.stream.Util$ in JavaFX Application Thread - Canvas Frame counter: 2171
2020-08-27 17:04:01,178 [INFO] from com.jpro.meta.stream.Util$ in JavaFX Application Thread - Canvas Frame byts: 5418
2020-08-27 17:04:01,178 [INFO] from com.jpro.meta.stream.Util$ in JavaFX Application Thread - Canvas Frame objs: 18
2020-08-27 17:04:01,178 [INFO] from com.jpro.meta.stream.Util$ in JavaFX Application Thread - Canvas Frame count: 1
2020-08-27 17:04:01,178 [INFO] from com.jpro.meta.stream.Util$ in JavaFX Application Thread - 
2020-08-27 17:04:01,178 [INFO] from com.jpro.meta.stream.Util$ in JavaFX Application Thread - Canvas, id: row-canvas classes: row-canvas
2020-08-27 17:04:01,178 [INFO] from com.jpro.meta.stream.Util$ in JavaFX Application Thread - Canvas overall Frame counter: 28207
2020-08-27 17:04:01,178 [INFO] from com.jpro.meta.stream.Util$ in JavaFX Application Thread - Canvas overall bytes: 77597293
2020-08-27 17:04:01,178 [INFO] from com.jpro.meta.stream.Util$ in JavaFX Application Thread - Canvas Frame counter: 842
2020-08-27 17:04:01,178 [INFO] from com.jpro.meta.stream.Util$ in JavaFX Application Thread - Canvas Frame byts: 6336
2020-08-27 17:04:01,178 [INFO] from com.jpro.meta.stream.Util$ in JavaFX Application Thread - Canvas Frame objs: 18
2020-08-27 17:04:01,178 [INFO] from com.jpro.meta.stream.Util$ in JavaFX Application Thread - Canvas Frame count: 1
2020-08-27 17:04:01,178 [INFO] from com.jpro.meta.stream.Util$ in JavaFX Application Thread - 
2020-08-27 17:04:01,178 [INFO] from com.jpro.meta.stream.Util$ in JavaFX Application Thread - Canvas, id: row-canvas classes: row-canvas
2020-08-27 17:04:01,178 [INFO] from com.jpro.meta.stream.Util$ in JavaFX Application Thread - Canvas overall Frame counter: 28208
2020-08-27 17:04:01,178 [INFO] from com.jpro.meta.stream.Util$ in JavaFX Application Thread - Canvas overall bytes: 77603629
2020-08-27 17:04:01,178 [INFO] from com.jpro.meta.stream.Util$ in JavaFX Application Thread - Canvas Frame counter: 847
2020-08-27 17:04:01,178 [INFO] from com.jpro.meta.stream.Util$ in JavaFX Application Thread - Canvas Frame byts: 6336
2020-08-27 17:04:01,178 [INFO] from com.jpro.meta.stream.Util$ in JavaFX Application Thread - Canvas Frame objs: 18
2020-08-27 17:04:01,178 [INFO] from com.jpro.meta.stream.Util$ in JavaFX Application Thread - Canvas Frame count: 1
2020-08-27 17:04:01,178 [INFO] from com.jpro.meta.stream.Util$ in JavaFX Application Thread - 
2020-08-27 17:04:01,178 [INFO] from com.jpro.meta.stream.Util$ in JavaFX Application Thread - Canvas, id: row-canvas classes: row-canvas
2020-08-27 17:04:01,178 [INFO] from com.jpro.meta.stream.Util$ in JavaFX Application Thread - Canvas overall Frame counter: 28209
2020-08-27 17:04:01,178 [INFO] from com.jpro.meta.stream.Util$ in JavaFX Application Thread - Canvas overall bytes: 77609931
2020-08-27 17:04:01,178 [INFO] from com.jpro.meta.stream.Util$ in JavaFX Application Thread - Canvas Frame counter: 811
2020-08-27 17:04:01,178 [INFO] from com.jpro.meta.stream.Util$ in JavaFX Application Thread - Canvas Frame byts: 6302
2020-08-27 17:04:01,178 [INFO] from com.jpro.meta.stream.Util$ in JavaFX Application Thread - Canvas Frame objs: 18
2020-08-27 17:04:01,178 [INFO] from com.jpro.meta.stream.Util$ in JavaFX Application Thread - Canvas Frame count: 1
2020-08-27 17:04:01,178 [INFO] from com.jpro.meta.stream.Util$ in JavaFX Application Thread - 
2020-08-27 17:04:01,178 [INFO] from com.jpro.meta.stream.Util$ in JavaFX Application Thread - Canvas, id: row-canvas classes: row-canvas
2020-08-27 17:04:01,178 [INFO] from com.jpro.meta.stream.Util$ in JavaFX Application Thread - Canvas overall Frame counter: 28210
2020-08-27 17:04:01,178 [INFO] from com.jpro.meta.stream.Util$ in JavaFX Application Thread - Canvas overall bytes: 77615927
2020-08-27 17:04:01,178 [INFO] from com.jpro.meta.stream.Util$ in JavaFX Application Thread - Canvas Frame counter: 565
2020-08-27 17:04:01,178 [INFO] from com.jpro.meta.stream.Util$ in JavaFX Application Thread - Canvas Frame byts: 5996
2020-08-27 17:04:01,178 [INFO] from com.jpro.meta.stream.Util$ in JavaFX Application Thread - Canvas Frame objs: 18
2020-08-27 17:04:01,178 [INFO] from com.jpro.meta.stream.Util$ in JavaFX Application Thread - Canvas Frame count: 1
2020-08-27 17:04:01,179 [INFO] from com.jpro.meta.stream.Util$ in JavaFX Application Thread - 
2020-08-27 17:04:01,179 [INFO] from com.jpro.meta.stream.Util$ in JavaFX Application Thread - Canvas, id: row-canvas classes: row-canvas
2020-08-27 17:04:01,179 [INFO] from com.jpro.meta.stream.Util$ in JavaFX Application Thread - Canvas overall Frame counter: 28211
2020-08-27 17:04:01,179 [INFO] from com.jpro.meta.stream.Util$ in JavaFX Application Thread - Canvas overall bytes: 77622127
2020-08-27 17:04:01,179 [INFO] from com.jpro.meta.stream.Util$ in JavaFX Application Thread - Canvas Frame counter: 524
2020-08-27 17:04:01,179 [INFO] from com.jpro.meta.stream.Util$ in JavaFX Application Thread - Canvas Frame byts: 6200
2020-08-27 17:04:01,179 [INFO] from com.jpro.meta.stream.Util$ in JavaFX Application Thread - Canvas Frame objs: 18
2020-08-27 17:04:01,179 [INFO] from com.jpro.meta.stream.Util$ in JavaFX Application Thread - Canvas Frame count: 1
2020-08-27 17:04:01,179 [INFO] from com.jpro.meta.stream.Util$ in JavaFX Application Thread - 
2020-08-27 17:04:01,179 [INFO] from com.jpro.meta.stream.Util$ in JavaFX Application Thread - Canvas, id: row-canvas classes: row-canvas
2020-08-27 17:04:01,179 [INFO] from com.jpro.meta.stream.Util$ in JavaFX Application Thread - Canvas overall Frame counter: 28212
2020-08-27 17:04:01,179 [INFO] from com.jpro.meta.stream.Util$ in JavaFX Application Thread - Canvas overall bytes: 77627987
2020-08-27 17:04:01,179 [INFO] from com.jpro.meta.stream.Util$ in JavaFX Application Thread - Canvas Frame counter: 567
2020-08-27 17:04:01,179 [INFO] from com.jpro.meta.stream.Util$ in JavaFX Application Thread - Canvas Frame byts: 5860
2020-08-27 17:04:01,179 [INFO] from com.jpro.meta.stream.Util$ in JavaFX Application Thread - Canvas Frame objs: 18
2020-08-27 17:04:01,179 [INFO] from com.jpro.meta.stream.Util$ in JavaFX Application Thread - Canvas Frame count: 1
2020-08-27 17:04:01,179 [INFO] from com.jpro.meta.stream.Util$ in JavaFX Application Thread - 
2020-08-27 17:04:01,179 [INFO] from com.jpro.meta.stream.Util$ in JavaFX Application Thread - Canvas, id: row-canvas classes: row-canvas
2020-08-27 17:04:01,179 [INFO] from com.jpro.meta.stream.Util$ in JavaFX Application Thread - Canvas overall Frame counter: 28213
2020-08-27 17:04:01,179 [INFO] from com.jpro.meta.stream.Util$ in JavaFX Application Thread - Canvas overall bytes: 77633575
2020-08-27 17:04:01,179 [INFO] from com.jpro.meta.stream.Util$ in JavaFX Application Thread - Canvas Frame counter: 536
2020-08-27 17:04:01,179 [INFO] from com.jpro.meta.stream.Util$ in JavaFX Application Thread - Canvas Frame byts: 5588
2020-08-27 17:04:01,179 [INFO] from com.jpro.meta.stream.Util$ in JavaFX Application Thread - Canvas Frame objs: 18
2020-08-27 17:04:01,179 [INFO] from com.jpro.meta.stream.Util$ in JavaFX Application Thread - Canvas Frame count: 1
2020-08-27 17:04:01,179 [INFO] from com.jpro.meta.stream.Util$ in JavaFX Application Thread - 
2020-08-27 17:04:01,179 [INFO] from com.jpro.meta.stream.Util$ in JavaFX Application Thread - Canvas, id: row-canvas classes: row-canvas
2020-08-27 17:04:01,179 [INFO] from com.jpro.meta.stream.Util$ in JavaFX Application Thread - Canvas overall Frame counter: 28214
2020-08-27 17:04:01,179 [INFO] from com.jpro.meta.stream.Util$ in JavaFX Application Thread - Canvas overall bytes: 77639911
2020-08-27 17:04:01,179 [INFO] from com.jpro.meta.stream.Util$ in JavaFX Application Thread - Canvas Frame counter: 729
2020-08-27 17:04:01,179 [INFO] from com.jpro.meta.stream.Util$ in JavaFX Application Thread - Canvas Frame byts: 6336
2020-08-27 17:04:01,179 [INFO] from com.jpro.meta.stream.Util$ in JavaFX Application Thread - Canvas Frame objs: 18
2020-08-27 17:04:01,179 [INFO] from com.jpro.meta.stream.Util$ in JavaFX Application Thread - Canvas Frame count: 1
2020-08-27 17:04:01,196 [INFO] from com.jpro.meta.stream.Util$ in JavaFX Application Thread - 
2020-08-27 17:04:01,196 [INFO] from com.jpro.meta.stream.Util$ in JavaFX Application Thread - Canvas, id: row-canvas classes: row-canvas
2020-08-27 17:04:01,196 [INFO] from com.jpro.meta.stream.Util$ in JavaFX Application Thread - Canvas overall Frame counter: 28215
2020-08-27 17:04:01,196 [INFO] from com.jpro.meta.stream.Util$ in JavaFX Application Thread - Canvas overall bytes: 77645771
2020-08-27 17:04:01,196 [INFO] from com.jpro.meta.stream.Util$ in JavaFX Application Thread - Canvas Frame counter: 855
2020-08-27 17:04:01,196 [INFO] from com.jpro.meta.stream.Util$ in JavaFX Application Thread - Canvas Frame byts: 5860
2020-08-27 17:04:01,196 [INFO] from com.jpro.meta.stream.Util$ in JavaFX Application Thread - Canvas Frame objs: 18
2020-08-27 17:04:01,196 [INFO] from com.jpro.meta.stream.Util$ in JavaFX Application Thread - Canvas Frame count: 1
2020-08-27 17:04:01,196 [INFO] from com.jpro.meta.stream.Util$ in JavaFX Application Thread - 
2020-08-27 17:04:01,196 [INFO] from com.jpro.meta.stream.Util$ in JavaFX Application Thread - Canvas, id: row-canvas classes: row-canvas
2020-08-27 17:04:01,196 [INFO] from com.jpro.meta.stream.Util$ in JavaFX Application Thread - Canvas overall Frame counter: 28216
2020-08-27 17:04:01,196 [INFO] from com.jpro.meta.stream.Util$ in JavaFX Application Thread - Canvas overall bytes: 77651971
2020-08-27 17:04:01,196 [INFO] from com.jpro.meta.stream.Util$ in JavaFX Application Thread - Canvas Frame counter: 787
2020-08-27 17:04:01,196 [INFO] from com.jpro.meta.stream.Util$ in JavaFX Application Thread - Canvas Frame byts: 6200
2020-08-27 17:04:01,196 [INFO] from com.jpro.meta.stream.Util$ in JavaFX Application Thread - Canvas Frame objs: 18
2020-08-27 17:04:01,196 [INFO] from com.jpro.meta.stream.Util$ in JavaFX Application Thread - Canvas Frame count: 1
2020-08-27 17:04:01,196 [INFO] from com.jpro.meta.stream.Util$ in JavaFX Application Thread - 
2020-08-27 17:04:01,196 [INFO] from com.jpro.meta.stream.Util$ in JavaFX Application Thread - Canvas, id: row-canvas classes: row-canvas
2020-08-27 17:04:01,196 [INFO] from com.jpro.meta.stream.Util$ in JavaFX Application Thread - Canvas overall Frame counter: 28217
2020-08-27 17:04:01,196 [INFO] from com.jpro.meta.stream.Util$ in JavaFX Application Thread - Canvas overall bytes: 77658001
2020-08-27 17:04:01,196 [INFO] from com.jpro.meta.stream.Util$ in JavaFX Application Thread - Canvas Frame counter: 805
2020-08-27 17:04:01,196 [INFO] from com.jpro.meta.stream.Util$ in JavaFX Application Thread - Canvas Frame byts: 6030
2020-08-27 17:04:01,196 [INFO] from com.jpro.meta.stream.Util$ in JavaFX Application Thread - Canvas Frame objs: 18
2020-08-27 17:04:01,196 [INFO] from com.jpro.meta.stream.Util$ in JavaFX Application Thread - Canvas Frame count: 1
2020-08-27 17:04:01,196 [INFO] from com.jpro.meta.stream.Util$ in JavaFX Application Thread - 
2020-08-27 17:04:01,196 [INFO] from com.jpro.meta.stream.Util$ in JavaFX Application Thread - Canvas, id: row-canvas classes: row-canvas
2020-08-27 17:04:01,196 [INFO] from com.jpro.meta.stream.Util$ in JavaFX Application Thread - Canvas overall Frame counter: 28218
2020-08-27 17:04:01,196 [INFO] from com.jpro.meta.stream.Util$ in JavaFX Application Thread - Canvas overall bytes: 77663827
2020-08-27 17:04:01,196 [INFO] from com.jpro.meta.stream.Util$ in JavaFX Application Thread - Canvas Frame counter: 809
2020-08-27 17:04:01,196 [INFO] from com.jpro.meta.stream.Util$ in JavaFX Application Thread - Canvas Frame byts: 5826
2020-08-27 17:04:01,196 [INFO] from com.jpro.meta.stream.Util$ in JavaFX Application Thread - Canvas Frame objs: 18
2020-08-27 17:04:01,196 [INFO] from com.jpro.meta.stream.Util$ in JavaFX Application Thread - Canvas Frame count: 1
2020-08-27 17:04:01,196 [INFO] from com.jpro.meta.stream.Util$ in JavaFX Application Thread - 
2020-08-27 17:04:01,196 [INFO] from com.jpro.meta.stream.Util$ in JavaFX Application Thread - Canvas, id: row-canvas classes: row-canvas
2020-08-27 17:04:01,196 [INFO] from com.jpro.meta.stream.Util$ in JavaFX Application Thread - Canvas overall Frame counter: 28219
2020-08-27 17:04:01,196 [INFO] from com.jpro.meta.stream.Util$ in JavaFX Application Thread - Canvas overall bytes: 77669585
2020-08-27 17:04:01,196 [INFO] from com.jpro.meta.stream.Util$ in JavaFX Application Thread - Canvas Frame counter: 802
2020-08-27 17:04:01,196 [INFO] from com.jpro.meta.stream.Util$ in JavaFX Application Thread - Canvas Frame byts: 5758
2020-08-27 17:04:01,196 [INFO] from com.jpro.meta.stream.Util$ in JavaFX Application Thread - Canvas Frame objs: 18
2020-08-27 17:04:01,196 [INFO] from com.jpro.meta.stream.Util$ in JavaFX Application Thread - Canvas Frame count: 1
2020-08-27 17:04:01,197 [INFO] from com.jpro.meta.stream.Util$ in JavaFX Application Thread - 
2020-08-27 17:04:01,197 [INFO] from com.jpro.meta.stream.Util$ in JavaFX Application Thread - Canvas, id: row-canvas classes: row-canvas
2020-08-27 17:04:01,197 [INFO] from com.jpro.meta.stream.Util$ in JavaFX Application Thread - Canvas overall Frame counter: 28220
2020-08-27 17:04:01,197 [INFO] from com.jpro.meta.stream.Util$ in JavaFX Application Thread - Canvas overall bytes: 77675683
2020-08-27 17:04:01,197 [INFO] from com.jpro.meta.stream.Util$ in JavaFX Application Thread - Canvas Frame counter: 2225
2020-08-27 17:04:01,197 [INFO] from com.jpro.meta.stream.Util$ in JavaFX Application Thread - Canvas Frame byts: 6098
2020-08-27 17:04:01,197 [INFO] from com.jpro.meta.stream.Util$ in JavaFX Application Thread - Canvas Frame objs: 18
2020-08-27 17:04:01,197 [INFO] from com.jpro.meta.stream.Util$ in JavaFX Application Thread - Canvas Frame count: 1
2020-08-27 17:04:01,197 [INFO] from com.jpro.meta.stream.Util$ in JavaFX Application Thread - 
2020-08-27 17:04:01,197 [INFO] from com.jpro.meta.stream.Util$ in JavaFX Application Thread - Canvas, id: row-canvas classes: row-canvas
2020-08-27 17:04:01,197 [INFO] from com.jpro.meta.stream.Util$ in JavaFX Application Thread - Canvas overall Frame counter: 28221
2020-08-27 17:04:01,197 [INFO] from com.jpro.meta.stream.Util$ in JavaFX Application Thread - Canvas overall bytes: 77681883
2020-08-27 17:04:01,197 [INFO] from com.jpro.meta.stream.Util$ in JavaFX Application Thread - Canvas Frame counter: 2170
2020-08-27 17:04:01,197 [INFO] from com.jpro.meta.stream.Util$ in JavaFX Application Thread - Canvas Frame byts: 6200
2020-08-27 17:04:01,197 [INFO] from com.jpro.meta.stream.Util$ in JavaFX Application Thread - Canvas Frame objs: 18
2020-08-27 17:04:01,197 [INFO] from com.jpro.meta.stream.Util$ in JavaFX Application Thread - Canvas Frame count: 1
2020-08-27 17:04:01,197 [INFO] from com.jpro.meta.stream.Util$ in JavaFX Application Thread - 
2020-08-27 17:04:01,197 [INFO] from com.jpro.meta.stream.Util$ in JavaFX Application Thread - Canvas, id: row-canvas classes: row-canvas
2020-08-27 17:04:01,197 [INFO] from com.jpro.meta.stream.Util$ in JavaFX Application Thread - Canvas overall Frame counter: 28222
2020-08-27 17:04:01,197 [INFO] from com.jpro.meta.stream.Util$ in JavaFX Application Thread - Canvas overall bytes: 77688083
2020-08-27 17:04:01,197 [INFO] from com.jpro.meta.stream.Util$ in JavaFX Application Thread - Canvas Frame counter: 2161
2020-08-27 17:04:01,197 [INFO] from com.jpro.meta.stream.Util$ in JavaFX Application Thread - Canvas Frame byts: 6200
2020-08-27 17:04:01,197 [INFO] from com.jpro.meta.stream.Util$ in JavaFX Application Thread - Canvas Frame objs: 18
2020-08-27 17:04:01,197 [INFO] from com.jpro.meta.stream.Util$ in JavaFX Application Thread - Canvas Frame count: 1
2020-08-27 17:04:01,197 [INFO] from com.jpro.meta.stream.Util$ in JavaFX Application Thread - 
2020-08-27 17:04:01,197 [INFO] from com.jpro.meta.stream.Util$ in JavaFX Application Thread - Canvas, id: row-canvas classes: row-canvas
2020-08-27 17:04:01,197 [INFO] from com.jpro.meta.stream.Util$ in JavaFX Application Thread - Canvas overall Frame counter: 28223
2020-08-27 17:04:01,197 [INFO] from com.jpro.meta.stream.Util$ in JavaFX Application Thread - Canvas overall bytes: 77694181
2020-08-27 17:04:01,197 [INFO] from com.jpro.meta.stream.Util$ in JavaFX Application Thread - Canvas Frame counter: 2034
2020-08-27 17:04:01,197 [INFO] from com.jpro.meta.stream.Util$ in JavaFX Application Thread - Canvas Frame byts: 6098
2020-08-27 17:04:01,197 [INFO] from com.jpro.meta.stream.Util$ in JavaFX Application Thread - Canvas Frame objs: 18
2020-08-27 17:04:01,197 [INFO] from com.jpro.meta.stream.Util$ in JavaFX Application Thread - Canvas Frame count: 1
2020-08-27 17:04:01,197 [INFO] from com.jpro.meta.stream.Util$ in JavaFX Application Thread - 
2020-08-27 17:04:01,197 [INFO] from com.jpro.meta.stream.Util$ in JavaFX Application Thread - Canvas, id: row-canvas classes: row-canvas
2020-08-27 17:04:01,197 [INFO] from com.jpro.meta.stream.Util$ in JavaFX Application Thread - Canvas overall Frame counter: 28224
2020-08-27 17:04:01,197 [INFO] from com.jpro.meta.stream.Util$ in JavaFX Application Thread - Canvas overall bytes: 77700381
2020-08-27 17:04:01,197 [INFO] from com.jpro.meta.stream.Util$ in JavaFX Application Thread - Canvas Frame counter: 2216
2020-08-27 17:04:01,197 [INFO] from com.jpro.meta.stream.Util$ in JavaFX Application Thread - Canvas Frame byts: 6200
2020-08-27 17:04:01,197 [INFO] from com.jpro.meta.stream.Util$ in JavaFX Application Thread - Canvas Frame objs: 18
2020-08-27 17:04:01,197 [INFO] from com.jpro.meta.stream.Util$ in JavaFX Application Thread - Canvas Frame count: 1
2020-08-27 17:04:01,197 [INFO] from com.jpro.meta.stream.Util$ in JavaFX Application Thread - 
2020-08-27 17:04:01,197 [INFO] from com.jpro.meta.stream.Util$ in JavaFX Application Thread - Canvas, id: row-canvas classes: row-canvas
2020-08-27 17:04:01,197 [INFO] from com.jpro.meta.stream.Util$ in JavaFX Application Thread - Canvas overall Frame counter: 28225
2020-08-27 17:04:01,197 [INFO] from com.jpro.meta.stream.Util$ in JavaFX Application Thread - Canvas overall bytes: 77706581
2020-08-27 17:04:01,197 [INFO] from com.jpro.meta.stream.Util$ in JavaFX Application Thread - Canvas Frame counter: 2299
2020-08-27 17:04:01,197 [INFO] from com.jpro.meta.stream.Util$ in JavaFX Application Thread - Canvas Frame byts: 6200
2020-08-27 17:04:01,197 [INFO] from com.jpro.meta.stream.Util$ in JavaFX Application Thread - Canvas Frame objs: 18
2020-08-27 17:04:01,197 [INFO] from com.jpro.meta.stream.Util$ in JavaFX Application Thread - Canvas Frame count: 1
2020-08-27 17:04:01,197 [INFO] from com.jpro.meta.stream.Util$ in JavaFX Application Thread - 
2020-08-27 17:04:01,197 [INFO] from com.jpro.meta.stream.Util$ in JavaFX Application Thread - Canvas, id: row-canvas classes: row-canvas
2020-08-27 17:04:01,197 [INFO] from com.jpro.meta.stream.Util$ in JavaFX Application Thread - Canvas overall Frame counter: 28226
2020-08-27 17:04:01,197 [INFO] from com.jpro.meta.stream.Util$ in JavaFX Application Thread - Canvas overall bytes: 77711999
2020-08-27 17:04:01,197 [INFO] from com.jpro.meta.stream.Util$ in JavaFX Application Thread - Canvas Frame counter: 2172
2020-08-27 17:04:01,197 [INFO] from com.jpro.meta.stream.Util$ in JavaFX Application Thread - Canvas Frame byts: 5418
2020-08-27 17:04:01,197 [INFO] from com.jpro.meta.stream.Util$ in JavaFX Application Thread - Canvas Frame objs: 18
2020-08-27 17:04:01,197 [INFO] from com.jpro.meta.stream.Util$ in JavaFX Application Thread - Canvas Frame count: 1
2020-08-27 17:04:01,197 [INFO] from com.jpro.meta.stream.Util$ in JavaFX Application Thread - 
2020-08-27 17:04:01,197 [INFO] from com.jpro.meta.stream.Util$ in JavaFX Application Thread - Canvas, id: row-canvas classes: row-canvas
2020-08-27 17:04:01,197 [INFO] from com.jpro.meta.stream.Util$ in JavaFX Application Thread - Canvas overall Frame counter: 28227
2020-08-27 17:04:01,197 [INFO] from com.jpro.meta.stream.Util$ in JavaFX Application Thread - Canvas overall bytes: 77718199
2020-08-27 17:04:01,197 [INFO] from com.jpro.meta.stream.Util$ in JavaFX Application Thread - Canvas Frame counter: 843
2020-08-27 17:04:01,197 [INFO] from com.jpro.meta.stream.Util$ in JavaFX Application Thread - Canvas Frame byts: 6200
2020-08-27 17:04:01,197 [INFO] from com.jpro.meta.stream.Util$ in JavaFX Application Thread - Canvas Frame objs: 18
2020-08-27 17:04:01,197 [INFO] from com.jpro.meta.stream.Util$ in JavaFX Application Thread - Canvas Frame count: 1
2020-08-27 17:04:01,197 [INFO] from com.jpro.meta.stream.Util$ in JavaFX Application Thread - 
2020-08-27 17:04:01,197 [INFO] from com.jpro.meta.stream.Util$ in JavaFX Application Thread - Canvas, id: row-canvas classes: row-canvas
2020-08-27 17:04:01,197 [INFO] from com.jpro.meta.stream.Util$ in JavaFX Application Thread - Canvas overall Frame counter: 28228
2020-08-27 17:04:01,197 [INFO] from com.jpro.meta.stream.Util$ in JavaFX Application Thread - Canvas overall bytes: 77724399
2020-08-27 17:04:01,197 [INFO] from com.jpro.meta.stream.Util$ in JavaFX Application Thread - Canvas Frame counter: 848
2020-08-27 17:04:01,197 [INFO] from com.jpro.meta.stream.Util$ in JavaFX Application Thread - Canvas Frame byts: 6200
2020-08-27 17:04:01,197 [INFO] from com.jpro.meta.stream.Util$ in JavaFX Application Thread - Canvas Frame objs: 18
2020-08-27 17:04:01,197 [INFO] from com.jpro.meta.stream.Util$ in JavaFX Application Thread - Canvas Frame count: 1
2020-08-27 17:04:01,197 [INFO] from com.jpro.meta.stream.Util$ in JavaFX Application Thread - 
2020-08-27 17:04:01,197 [INFO] from com.jpro.meta.stream.Util$ in JavaFX Application Thread - Canvas, id: row-canvas classes: row-canvas
2020-08-27 17:04:01,197 [INFO] from com.jpro.meta.stream.Util$ in JavaFX Application Thread - Canvas overall Frame counter: 28229
2020-08-27 17:04:01,197 [INFO] from com.jpro.meta.stream.Util$ in JavaFX Application Thread - Canvas overall bytes: 77730599
2020-08-27 17:04:01,197 [INFO] from com.jpro.meta.stream.Util$ in JavaFX Application Thread - Canvas Frame counter: 812
2020-08-27 17:04:01,197 [INFO] from com.jpro.meta.stream.Util$ in JavaFX Application Thread - Canvas Frame byts: 6200
2020-08-27 17:04:01,197 [INFO] from com.jpro.meta.stream.Util$ in JavaFX Application Thread - Canvas Frame objs: 18
2020-08-27 17:04:01,197 [INFO] from com.jpro.meta.stream.Util$ in JavaFX Application Thread - Canvas Frame count: 1
2020-08-27 17:04:01,197 [INFO] from com.jpro.meta.stream.Util$ in JavaFX Application Thread - 
2020-08-27 17:04:01,197 [INFO] from com.jpro.meta.stream.Util$ in JavaFX Application Thread - Canvas, id: row-canvas classes: row-canvas
2020-08-27 17:04:01,197 [INFO] from com.jpro.meta.stream.Util$ in JavaFX Application Thread - Canvas overall Frame counter: 28230
2020-08-27 17:04:01,197 [INFO] from com.jpro.meta.stream.Util$ in JavaFX Application Thread - Canvas overall bytes: 77736595
2020-08-27 17:04:01,197 [INFO] from com.jpro.meta.stream.Util$ in JavaFX Application Thread - Canvas Frame counter: 566
2020-08-27 17:04:01,197 [INFO] from com.jpro.meta.stream.Util$ in JavaFX Application Thread - Canvas Frame byts: 5996
2020-08-27 17:04:01,197 [INFO] from com.jpro.meta.stream.Util$ in JavaFX Application Thread - Canvas Frame objs: 18
2020-08-27 17:04:01,197 [INFO] from com.jpro.meta.stream.Util$ in JavaFX Application Thread - Canvas Frame count: 1
2020-08-27 17:04:01,197 [INFO] from com.jpro.meta.stream.Util$ in JavaFX Application Thread - 
2020-08-27 17:04:01,197 [INFO] from com.jpro.meta.stream.Util$ in JavaFX Application Thread - Canvas, id: row-canvas classes: row-canvas
2020-08-27 17:04:01,197 [INFO] from com.jpro.meta.stream.Util$ in JavaFX Application Thread - Canvas overall Frame counter: 28231
2020-08-27 17:04:01,197 [INFO] from com.jpro.meta.stream.Util$ in JavaFX Application Thread - Canvas overall bytes: 77742795
2020-08-27 17:04:01,197 [INFO] from com.jpro.meta.stream.Util$ in JavaFX Application Thread - Canvas Frame counter: 525
2020-08-27 17:04:01,197 [INFO] from com.jpro.meta.stream.Util$ in JavaFX Application Thread - Canvas Frame byts: 6200
2020-08-27 17:04:01,197 [INFO] from com.jpro.meta.stream.Util$ in JavaFX Application Thread - Canvas Frame objs: 18
2020-08-27 17:04:01,197 [INFO] from com.jpro.meta.stream.Util$ in JavaFX Application Thread - Canvas Frame count: 1
2020-08-27 17:04:01,197 [INFO] from com.jpro.meta.stream.Util$ in JavaFX Application Thread - 
2020-08-27 17:04:01,197 [INFO] from com.jpro.meta.stream.Util$ in JavaFX Application Thread - Canvas, id: row-canvas classes: row-canvas
2020-08-27 17:04:01,197 [INFO] from com.jpro.meta.stream.Util$ in JavaFX Application Thread - Canvas overall Frame counter: 28232
2020-08-27 17:04:01,197 [INFO] from com.jpro.meta.stream.Util$ in JavaFX Application Thread - Canvas overall bytes: 77748655
2020-08-27 17:04:01,197 [INFO] from com.jpro.meta.stream.Util$ in JavaFX Application Thread - Canvas Frame counter: 568
2020-08-27 17:04:01,197 [INFO] from com.jpro.meta.stream.Util$ in JavaFX Application Thread - Canvas Frame byts: 5860
2020-08-27 17:04:01,197 [INFO] from com.jpro.meta.stream.Util$ in JavaFX Application Thread - Canvas Frame objs: 18
2020-08-27 17:04:01,197 [INFO] from com.jpro.meta.stream.Util$ in JavaFX Application Thread - Canvas Frame count: 1
2020-08-27 17:04:01,197 [INFO] from com.jpro.meta.stream.Util$ in JavaFX Application Thread - 
2020-08-27 17:04:01,197 [INFO] from com.jpro.meta.stream.Util$ in JavaFX Application Thread - Canvas, id: row-canvas classes: row-canvas
2020-08-27 17:04:01,197 [INFO] from com.jpro.meta.stream.Util$ in JavaFX Application Thread - Canvas overall Frame counter: 28233
2020-08-27 17:04:01,197 [INFO] from com.jpro.meta.stream.Util$ in JavaFX Application Thread - Canvas overall bytes: 77754243
2020-08-27 17:04:01,197 [INFO] from com.jpro.meta.stream.Util$ in JavaFX Application Thread - Canvas Frame counter: 537
2020-08-27 17:04:01,197 [INFO] from com.jpro.meta.stream.Util$ in JavaFX Application Thread - Canvas Frame byts: 5588
2020-08-27 17:04:01,197 [INFO] from com.jpro.meta.stream.Util$ in JavaFX Application Thread - Canvas Frame objs: 18
2020-08-27 17:04:01,197 [INFO] from com.jpro.meta.stream.Util$ in JavaFX Application Thread - Canvas Frame count: 1
2020-08-27 17:04:01,197 [INFO] from com.jpro.meta.stream.Util$ in JavaFX Application Thread - 
2020-08-27 17:04:01,197 [INFO] from com.jpro.meta.stream.Util$ in JavaFX Application Thread - Canvas, id: row-canvas classes: row-canvas
2020-08-27 17:04:01,197 [INFO] from com.jpro.meta.stream.Util$ in JavaFX Application Thread - Canvas overall Frame counter: 28234
2020-08-27 17:04:01,197 [INFO] from com.jpro.meta.stream.Util$ in JavaFX Application Thread - Canvas overall bytes: 77760443
2020-08-27 17:04:01,197 [INFO] from com.jpro.meta.stream.Util$ in JavaFX Application Thread - Canvas Frame counter: 730
2020-08-27 17:04:01,197 [INFO] from com.jpro.meta.stream.Util$ in JavaFX Application Thread - Canvas Frame byts: 6200
2020-08-27 17:04:01,197 [INFO] from com.jpro.meta.stream.Util$ in JavaFX Application Thread - Canvas Frame objs: 18
2020-08-27 17:04:01,197 [INFO] from com.jpro.meta.stream.Util$ in JavaFX Application Thread - Canvas Frame count: 1
2020-08-27 17:04:01,214 [INFO] from com.jpro.meta.stream.Util$ in JavaFX Application Thread - 
2020-08-27 17:04:01,215 [INFO] from com.jpro.meta.stream.Util$ in JavaFX Application Thread - Canvas, id: row-canvas classes: row-canvas
2020-08-27 17:04:01,215 [INFO] from com.jpro.meta.stream.Util$ in JavaFX Application Thread - Canvas overall Frame counter: 28235
2020-08-27 17:04:01,215 [INFO] from com.jpro.meta.stream.Util$ in JavaFX Application Thread - Canvas overall bytes: 77766303
2020-08-27 17:04:01,215 [INFO] from com.jpro.meta.stream.Util$ in JavaFX Application Thread - Canvas Frame counter: 856
2020-08-27 17:04:01,215 [INFO] from com.jpro.meta.stream.Util$ in JavaFX Application Thread - Canvas Frame byts: 5860
2020-08-27 17:04:01,215 [INFO] from com.jpro.meta.stream.Util$ in JavaFX Application Thread - Canvas Frame objs: 18
2020-08-27 17:04:01,215 [INFO] from com.jpro.meta.stream.Util$ in JavaFX Application Thread - Canvas Frame count: 1
2020-08-27 17:04:01,215 [INFO] from com.jpro.meta.stream.Util$ in JavaFX Application Thread - 
2020-08-27 17:04:01,215 [INFO] from com.jpro.meta.stream.Util$ in JavaFX Application Thread - Canvas, id: row-canvas classes: row-canvas
2020-08-27 17:04:01,215 [INFO] from com.jpro.meta.stream.Util$ in JavaFX Application Thread - Canvas overall Frame counter: 28236
2020-08-27 17:04:01,215 [INFO] from com.jpro.meta.stream.Util$ in JavaFX Application Thread - Canvas overall bytes: 77772401
2020-08-27 17:04:01,215 [INFO] from com.jpro.meta.stream.Util$ in JavaFX Application Thread - Canvas Frame counter: 788
2020-08-27 17:04:01,215 [INFO] from com.jpro.meta.stream.Util$ in JavaFX Application Thread - Canvas Frame byts: 6098
2020-08-27 17:04:01,215 [INFO] from com.jpro.meta.stream.Util$ in JavaFX Application Thread - Canvas Frame objs: 18
2020-08-27 17:04:01,215 [INFO] from com.jpro.meta.stream.Util$ in JavaFX Application Thread - Canvas Frame count: 1
2020-08-27 17:04:01,215 [INFO] from com.jpro.meta.stream.Util$ in JavaFX Application Thread - 
2020-08-27 17:04:01,215 [INFO] from com.jpro.meta.stream.Util$ in JavaFX Application Thread - Canvas, id: row-canvas classes: row-canvas
2020-08-27 17:04:01,215 [INFO] from com.jpro.meta.stream.Util$ in JavaFX Application Thread - Canvas overall Frame counter: 28237
2020-08-27 17:04:01,215 [INFO] from com.jpro.meta.stream.Util$ in JavaFX Application Thread - Canvas overall bytes: 77778431
2020-08-27 17:04:01,215 [INFO] from com.jpro.meta.stream.Util$ in JavaFX Application Thread - Canvas Frame counter: 806
2020-08-27 17:04:01,215 [INFO] from com.jpro.meta.stream.Util$ in JavaFX Application Thread - Canvas Frame byts: 6030
2020-08-27 17:04:01,215 [INFO] from com.jpro.meta.stream.Util$ in JavaFX Application Thread - Canvas Frame objs: 18
2020-08-27 17:04:01,215 [INFO] from com.jpro.meta.stream.Util$ in JavaFX Application Thread - Canvas Frame count: 1
2020-08-27 17:04:01,215 [INFO] from com.jpro.meta.stream.Util$ in JavaFX Application Thread - 
2020-08-27 17:04:01,215 [INFO] from com.jpro.meta.stream.Util$ in JavaFX Application Thread - Canvas, id: row-canvas classes: row-canvas
2020-08-27 17:04:01,215 [INFO] from com.jpro.meta.stream.Util$ in JavaFX Application Thread - Canvas overall Frame counter: 28238
2020-08-27 17:04:01,215 [INFO] from com.jpro.meta.stream.Util$ in JavaFX Application Thread - Canvas overall bytes: 77784257
2020-08-27 17:04:01,215 [INFO] from com.jpro.meta.stream.Util$ in JavaFX Application Thread - Canvas Frame counter: 810
2020-08-27 17:04:01,215 [INFO] from com.jpro.meta.stream.Util$ in JavaFX Application Thread - Canvas Frame byts: 5826
2020-08-27 17:04:01,215 [INFO] from com.jpro.meta.stream.Util$ in JavaFX Application Thread - Canvas Frame objs: 18
2020-08-27 17:04:01,215 [INFO] from com.jpro.meta.stream.Util$ in JavaFX Application Thread - Canvas Frame count: 1
2020-08-27 17:04:01,215 [INFO] from com.jpro.meta.stream.Util$ in JavaFX Application Thread - 
2020-08-27 17:04:01,215 [INFO] from com.jpro.meta.stream.Util$ in JavaFX Application Thread - Canvas, id: row-canvas classes: row-canvas
2020-08-27 17:04:01,215 [INFO] from com.jpro.meta.stream.Util$ in JavaFX Application Thread - Canvas overall Frame counter: 28239
2020-08-27 17:04:01,215 [INFO] from com.jpro.meta.stream.Util$ in JavaFX Application Thread - Canvas overall bytes: 77790015
2020-08-27 17:04:01,215 [INFO] from com.jpro.meta.stream.Util$ in JavaFX Application Thread - Canvas Frame counter: 803
2020-08-27 17:04:01,215 [INFO] from com.jpro.meta.stream.Util$ in JavaFX Application Thread - Canvas Frame byts: 5758
2020-08-27 17:04:01,215 [INFO] from com.jpro.meta.stream.Util$ in JavaFX Application Thread - Canvas Frame objs: 18
2020-08-27 17:04:01,215 [INFO] from com.jpro.meta.stream.Util$ in JavaFX Application Thread - Canvas Frame count: 1
2020-08-27 17:04:01,215 [INFO] from com.jpro.meta.stream.Util$ in JavaFX Application Thread - 
2020-08-27 17:04:01,215 [INFO] from com.jpro.meta.stream.Util$ in JavaFX Application Thread - Canvas, id: row-canvas classes: row-canvas
2020-08-27 17:04:01,215 [INFO] from com.jpro.meta.stream.Util$ in JavaFX Application Thread - Canvas overall Frame counter: 28240
2020-08-27 17:04:01,215 [INFO] from com.jpro.meta.stream.Util$ in JavaFX Application Thread - Canvas overall bytes: 77796113
2020-08-27 17:04:01,215 [INFO] from com.jpro.meta.stream.Util$ in JavaFX Application Thread - Canvas Frame counter: 2226
2020-08-27 17:04:01,215 [INFO] from com.jpro.meta.stream.Util$ in JavaFX Application Thread - Canvas Frame byts: 6098
2020-08-27 17:04:01,215 [INFO] from com.jpro.meta.stream.Util$ in JavaFX Application Thread - Canvas Frame objs: 18
2020-08-27 17:04:01,215 [INFO] from com.jpro.meta.stream.Util$ in JavaFX Application Thread - Canvas Frame count: 1
2020-08-27 17:04:01,215 [INFO] from com.jpro.meta.stream.Util$ in JavaFX Application Thread - 
2020-08-27 17:04:01,215 [INFO] from com.jpro.meta.stream.Util$ in JavaFX Application Thread - Canvas, id: row-canvas classes: row-canvas
2020-08-27 17:04:01,215 [INFO] from com.jpro.meta.stream.Util$ in JavaFX Application Thread - Canvas overall Frame counter: 28241
2020-08-27 17:04:01,215 [INFO] from com.jpro.meta.stream.Util$ in JavaFX Application Thread - Canvas overall bytes: 77802211
2020-08-27 17:04:01,215 [INFO] from com.jpro.meta.stream.Util$ in JavaFX Application Thread - Canvas Frame counter: 2171
2020-08-27 17:04:01,215 [INFO] from com.jpro.meta.stream.Util$ in JavaFX Application Thread - Canvas Frame byts: 6098
2020-08-27 17:04:01,215 [INFO] from com.jpro.meta.stream.Util$ in JavaFX Application Thread - Canvas Frame objs: 18
2020-08-27 17:04:01,215 [INFO] from com.jpro.meta.stream.Util$ in JavaFX Application Thread - Canvas Frame count: 1
2020-08-27 17:04:01,215 [INFO] from com.jpro.meta.stream.Util$ in JavaFX Application Thread - 
2020-08-27 17:04:01,215 [INFO] from com.jpro.meta.stream.Util$ in JavaFX Application Thread - Canvas, id: row-canvas classes: row-canvas
2020-08-27 17:04:01,215 [INFO] from com.jpro.meta.stream.Util$ in JavaFX Application Thread - Canvas overall Frame counter: 28242
2020-08-27 17:04:01,215 [INFO] from com.jpro.meta.stream.Util$ in JavaFX Application Thread - Canvas overall bytes: 77808309
2020-08-27 17:04:01,215 [INFO] from com.jpro.meta.stream.Util$ in JavaFX Application Thread - Canvas Frame counter: 2162
2020-08-27 17:04:01,215 [INFO] from com.jpro.meta.stream.Util$ in JavaFX Application Thread - Canvas Frame byts: 6098
2020-08-27 17:04:01,215 [INFO] from com.jpro.meta.stream.Util$ in JavaFX Application Thread - Canvas Frame objs: 18
2020-08-27 17:04:01,215 [INFO] from com.jpro.meta.stream.Util$ in JavaFX Application Thread - Canvas Frame count: 1
2020-08-27 17:04:01,215 [INFO] from com.jpro.meta.stream.Util$ in JavaFX Application Thread - 
2020-08-27 17:04:01,215 [INFO] from com.jpro.meta.stream.Util$ in JavaFX Application Thread - Canvas, id: row-canvas classes: row-canvas
2020-08-27 17:04:01,215 [INFO] from com.jpro.meta.stream.Util$ in JavaFX Application Thread - Canvas overall Frame counter: 28243
2020-08-27 17:04:01,215 [INFO] from com.jpro.meta.stream.Util$ in JavaFX Application Thread - Canvas overall bytes: 77814407
2020-08-27 17:04:01,215 [INFO] from com.jpro.meta.stream.Util$ in JavaFX Application Thread - Canvas Frame counter: 2035
2020-08-27 17:04:01,215 [INFO] from com.jpro.meta.stream.Util$ in JavaFX Application Thread - Canvas Frame byts: 6098
2020-08-27 17:04:01,215 [INFO] from com.jpro.meta.stream.Util$ in JavaFX Application Thread - Canvas Frame objs: 18
2020-08-27 17:04:01,215 [INFO] from com.jpro.meta.stream.Util$ in JavaFX Application Thread - Canvas Frame count: 1
2020-08-27 17:04:01,215 [INFO] from com.jpro.meta.stream.Util$ in JavaFX Application Thread - 
2020-08-27 17:04:01,215 [INFO] from com.jpro.meta.stream.Util$ in JavaFX Application Thread - Canvas, id: row-canvas classes: row-canvas
2020-08-27 17:04:01,215 [INFO] from com.jpro.meta.stream.Util$ in JavaFX Application Thread - Canvas overall Frame counter: 28244
2020-08-27 17:04:01,215 [INFO] from com.jpro.meta.stream.Util$ in JavaFX Application Thread - Canvas overall bytes: 77820505
2020-08-27 17:04:01,215 [INFO] from com.jpro.meta.stream.Util$ in JavaFX Application Thread - Canvas Frame counter: 2217
2020-08-27 17:04:01,215 [INFO] from com.jpro.meta.stream.Util$ in JavaFX Application Thread - Canvas Frame byts: 6098
2020-08-27 17:04:01,215 [INFO] from com.jpro.meta.stream.Util$ in JavaFX Application Thread - Canvas Frame objs: 18
2020-08-27 17:04:01,215 [INFO] from com.jpro.meta.stream.Util$ in JavaFX Application Thread - Canvas Frame count: 1
2020-08-27 17:04:01,215 [INFO] from com.jpro.meta.stream.Util$ in JavaFX Application Thread - 
2020-08-27 17:04:01,215 [INFO] from com.jpro.meta.stream.Util$ in JavaFX Application Thread - Canvas, id: row-canvas classes: row-canvas
2020-08-27 17:04:01,215 [INFO] from com.jpro.meta.stream.Util$ in JavaFX Application Thread - Canvas overall Frame counter: 28245
2020-08-27 17:04:01,215 [INFO] from com.jpro.meta.stream.Util$ in JavaFX Application Thread - Canvas overall bytes: 77826603
2020-08-27 17:04:01,215 [INFO] from com.jpro.meta.stream.Util$ in JavaFX Application Thread - Canvas Frame counter: 2300
2020-08-27 17:04:01,215 [INFO] from com.jpro.meta.stream.Util$ in JavaFX Application Thread - Canvas Frame byts: 6098
2020-08-27 17:04:01,215 [INFO] from com.jpro.meta.stream.Util$ in JavaFX Application Thread - Canvas Frame objs: 18
2020-08-27 17:04:01,215 [INFO] from com.jpro.meta.stream.Util$ in JavaFX Application Thread - Canvas Frame count: 1
2020-08-27 17:04:01,215 [INFO] from com.jpro.meta.stream.Util$ in JavaFX Application Thread - 
2020-08-27 17:04:01,215 [INFO] from com.jpro.meta.stream.Util$ in JavaFX Application Thread - Canvas, id: row-canvas classes: row-canvas
2020-08-27 17:04:01,215 [INFO] from com.jpro.meta.stream.Util$ in JavaFX Application Thread - Canvas overall Frame counter: 28246
2020-08-27 17:04:01,215 [INFO] from com.jpro.meta.stream.Util$ in JavaFX Application Thread - Canvas overall bytes: 77832021
2020-08-27 17:04:01,215 [INFO] from com.jpro.meta.stream.Util$ in JavaFX Application Thread - Canvas Frame counter: 2173
2020-08-27 17:04:01,215 [INFO] from com.jpro.meta.stream.Util$ in JavaFX Application Thread - Canvas Frame byts: 5418
2020-08-27 17:04:01,215 [INFO] from com.jpro.meta.stream.Util$ in JavaFX Application Thread - Canvas Frame objs: 18
2020-08-27 17:04:01,215 [INFO] from com.jpro.meta.stream.Util$ in JavaFX Application Thread - Canvas Frame count: 1
2020-08-27 17:04:01,215 [INFO] from com.jpro.meta.stream.Util$ in JavaFX Application Thread - 
2020-08-27 17:04:01,215 [INFO] from com.jpro.meta.stream.Util$ in JavaFX Application Thread - Canvas, id: row-canvas classes: row-canvas
2020-08-27 17:04:01,215 [INFO] from com.jpro.meta.stream.Util$ in JavaFX Application Thread - Canvas overall Frame counter: 28247
2020-08-27 17:04:01,215 [INFO] from com.jpro.meta.stream.Util$ in JavaFX Application Thread - Canvas overall bytes: 77838119
2020-08-27 17:04:01,215 [INFO] from com.jpro.meta.stream.Util$ in JavaFX Application Thread - Canvas Frame counter: 844
2020-08-27 17:04:01,215 [INFO] from com.jpro.meta.stream.Util$ in JavaFX Application Thread - Canvas Frame byts: 6098
2020-08-27 17:04:01,215 [INFO] from com.jpro.meta.stream.Util$ in JavaFX Application Thread - Canvas Frame objs: 18
2020-08-27 17:04:01,215 [INFO] from com.jpro.meta.stream.Util$ in JavaFX Application Thread - Canvas Frame count: 1
2020-08-27 17:04:01,215 [INFO] from com.jpro.meta.stream.Util$ in JavaFX Application Thread - 
2020-08-27 17:04:01,215 [INFO] from com.jpro.meta.stream.Util$ in JavaFX Application Thread - Canvas, id: row-canvas classes: row-canvas
2020-08-27 17:04:01,215 [INFO] from com.jpro.meta.stream.Util$ in JavaFX Application Thread - Canvas overall Frame counter: 28248
2020-08-27 17:04:01,215 [INFO] from com.jpro.meta.stream.Util$ in JavaFX Application Thread - Canvas overall bytes: 77844217
2020-08-27 17:04:01,215 [INFO] from com.jpro.meta.stream.Util$ in JavaFX Application Thread - Canvas Frame counter: 849
2020-08-27 17:04:01,215 [INFO] from com.jpro.meta.stream.Util$ in JavaFX Application Thread - Canvas Frame byts: 6098
2020-08-27 17:04:01,215 [INFO] from com.jpro.meta.stream.Util$ in JavaFX Application Thread - Canvas Frame objs: 18
2020-08-27 17:04:01,215 [INFO] from com.jpro.meta.stream.Util$ in JavaFX Application Thread - Canvas Frame count: 1
2020-08-27 17:04:01,215 [INFO] from com.jpro.meta.stream.Util$ in JavaFX Application Thread - 
2020-08-27 17:04:01,215 [INFO] from com.jpro.meta.stream.Util$ in JavaFX Application Thread - Canvas, id: row-canvas classes: row-canvas
2020-08-27 17:04:01,215 [INFO] from com.jpro.meta.stream.Util$ in JavaFX Application Thread - Canvas overall Frame counter: 28249
2020-08-27 17:04:01,215 [INFO] from com.jpro.meta.stream.Util$ in JavaFX Application Thread - Canvas overall bytes: 77850315
2020-08-27 17:04:01,215 [INFO] from com.jpro.meta.stream.Util$ in JavaFX Application Thread - Canvas Frame counter: 813
2020-08-27 17:04:01,215 [INFO] from com.jpro.meta.stream.Util$ in JavaFX Application Thread - Canvas Frame byts: 6098
2020-08-27 17:04:01,215 [INFO] from com.jpro.meta.stream.Util$ in JavaFX Application Thread - Canvas Frame objs: 18
2020-08-27 17:04:01,215 [INFO] from com.jpro.meta.stream.Util$ in JavaFX Application Thread - Canvas Frame count: 1
2020-08-27 17:04:01,215 [INFO] from com.jpro.meta.stream.Util$ in JavaFX Application Thread - 
2020-08-27 17:04:01,215 [INFO] from com.jpro.meta.stream.Util$ in JavaFX Application Thread - Canvas, id: row-canvas classes: row-canvas
2020-08-27 17:04:01,215 [INFO] from com.jpro.meta.stream.Util$ in JavaFX Application Thread - Canvas overall Frame counter: 28250
2020-08-27 17:04:01,215 [INFO] from com.jpro.meta.stream.Util$ in JavaFX Application Thread - Canvas overall bytes: 77856311
2020-08-27 17:04:01,215 [INFO] from com.jpro.meta.stream.Util$ in JavaFX Application Thread - Canvas Frame counter: 567
2020-08-27 17:04:01,215 [INFO] from com.jpro.meta.stream.Util$ in JavaFX Application Thread - Canvas Frame byts: 5996
2020-08-27 17:04:01,215 [INFO] from com.jpro.meta.stream.Util$ in JavaFX Application Thread - Canvas Frame objs: 18
2020-08-27 17:04:01,215 [INFO] from com.jpro.meta.stream.Util$ in JavaFX Application Thread - Canvas Frame count: 1
2020-08-27 17:04:01,216 [INFO] from com.jpro.meta.stream.Util$ in JavaFX Application Thread - 
2020-08-27 17:04:01,216 [INFO] from com.jpro.meta.stream.Util$ in JavaFX Application Thread - Canvas, id: row-canvas classes: row-canvas
2020-08-27 17:04:01,216 [INFO] from com.jpro.meta.stream.Util$ in JavaFX Application Thread - Canvas overall Frame counter: 28251
2020-08-27 17:04:01,216 [INFO] from com.jpro.meta.stream.Util$ in JavaFX Application Thread - Canvas overall bytes: 77862409
2020-08-27 17:04:01,216 [INFO] from com.jpro.meta.stream.Util$ in JavaFX Application Thread - Canvas Frame counter: 526
2020-08-27 17:04:01,216 [INFO] from com.jpro.meta.stream.Util$ in JavaFX Application Thread - Canvas Frame byts: 6098
2020-08-27 17:04:01,216 [INFO] from com.jpro.meta.stream.Util$ in JavaFX Application Thread - Canvas Frame objs: 18
2020-08-27 17:04:01,216 [INFO] from com.jpro.meta.stream.Util$ in JavaFX Application Thread - Canvas Frame count: 1
2020-08-27 17:04:01,216 [INFO] from com.jpro.meta.stream.Util$ in JavaFX Application Thread - 
2020-08-27 17:04:01,216 [INFO] from com.jpro.meta.stream.Util$ in JavaFX Application Thread - Canvas, id: row-canvas classes: row-canvas
2020-08-27 17:04:01,216 [INFO] from com.jpro.meta.stream.Util$ in JavaFX Application Thread - Canvas overall Frame counter: 28252
2020-08-27 17:04:01,216 [INFO] from com.jpro.meta.stream.Util$ in JavaFX Application Thread - Canvas overall bytes: 77868269
2020-08-27 17:04:01,216 [INFO] from com.jpro.meta.stream.Util$ in JavaFX Application Thread - Canvas Frame counter: 569
2020-08-27 17:04:01,216 [INFO] from com.jpro.meta.stream.Util$ in JavaFX Application Thread - Canvas Frame byts: 5860
2020-08-27 17:04:01,216 [INFO] from com.jpro.meta.stream.Util$ in JavaFX Application Thread - Canvas Frame objs: 18
2020-08-27 17:04:01,216 [INFO] from com.jpro.meta.stream.Util$ in JavaFX Application Thread - Canvas Frame count: 1
2020-08-27 17:04:01,216 [INFO] from com.jpro.meta.stream.Util$ in JavaFX Application Thread - 
2020-08-27 17:04:01,216 [INFO] from com.jpro.meta.stream.Util$ in JavaFX Application Thread - Canvas, id: row-canvas classes: row-canvas
2020-08-27 17:04:01,216 [INFO] from com.jpro.meta.stream.Util$ in JavaFX Application Thread - Canvas overall Frame counter: 28253
2020-08-27 17:04:01,216 [INFO] from com.jpro.meta.stream.Util$ in JavaFX Application Thread - Canvas overall bytes: 77873857
2020-08-27 17:04:01,216 [INFO] from com.jpro.meta.stream.Util$ in JavaFX Application Thread - Canvas Frame counter: 538
2020-08-27 17:04:01,216 [INFO] from com.jpro.meta.stream.Util$ in JavaFX Application Thread - Canvas Frame byts: 5588
2020-08-27 17:04:01,216 [INFO] from com.jpro.meta.stream.Util$ in JavaFX Application Thread - Canvas Frame objs: 18
2020-08-27 17:04:01,216 [INFO] from com.jpro.meta.stream.Util$ in JavaFX Application Thread - Canvas Frame count: 1
2020-08-27 17:04:01,216 [INFO] from com.jpro.meta.stream.Util$ in JavaFX Application Thread - 
2020-08-27 17:04:01,216 [INFO] from com.jpro.meta.stream.Util$ in JavaFX Application Thread - Canvas, id: row-canvas classes: row-canvas
2020-08-27 17:04:01,216 [INFO] from com.jpro.meta.stream.Util$ in JavaFX Application Thread - Canvas overall Frame counter: 28254
2020-08-27 17:04:01,216 [INFO] from com.jpro.meta.stream.Util$ in JavaFX Application Thread - Canvas overall bytes: 77879955
2020-08-27 17:04:01,216 [INFO] from com.jpro.meta.stream.Util$ in JavaFX Application Thread - Canvas Frame counter: 731
2020-08-27 17:04:01,216 [INFO] from com.jpro.meta.stream.Util$ in JavaFX Application Thread - Canvas Frame byts: 6098
2020-08-27 17:04:01,216 [INFO] from com.jpro.meta.stream.Util$ in JavaFX Application Thread - Canvas Frame objs: 18
2020-08-27 17:04:01,216 [INFO] from com.jpro.meta.stream.Util$ in JavaFX Application Thread - Canvas Frame count: 1
2020-08-27 17:04:01,232 [INFO] from com.jpro.meta.stream.Util$ in JavaFX Application Thread - 
2020-08-27 17:04:01,232 [INFO] from com.jpro.meta.stream.Util$ in JavaFX Application Thread - Canvas, id: row-canvas classes: row-canvas
2020-08-27 17:04:01,232 [INFO] from com.jpro.meta.stream.Util$ in JavaFX Application Thread - Canvas overall Frame counter: 28255
2020-08-27 17:04:01,232 [INFO] from com.jpro.meta.stream.Util$ in JavaFX Application Thread - Canvas overall bytes: 77885832
2020-08-27 17:04:01,232 [INFO] from com.jpro.meta.stream.Util$ in JavaFX Application Thread - Canvas Frame counter: 857
2020-08-27 17:04:01,232 [INFO] from com.jpro.meta.stream.Util$ in JavaFX Application Thread - Canvas Frame byts: 5877
2020-08-27 17:04:01,232 [INFO] from com.jpro.meta.stream.Util$ in JavaFX Application Thread - Canvas Frame objs: 18
2020-08-27 17:04:01,232 [INFO] from com.jpro.meta.stream.Util$ in JavaFX Application Thread - Canvas Frame count: 1
2020-08-27 17:04:01,232 [INFO] from com.jpro.meta.stream.Util$ in JavaFX Application Thread - 
2020-08-27 17:04:01,232 [INFO] from com.jpro.meta.stream.Util$ in JavaFX Application Thread - Canvas, id: row-canvas classes: row-canvas
2020-08-27 17:04:01,232 [INFO] from com.jpro.meta.stream.Util$ in JavaFX Application Thread - Canvas overall Frame counter: 28256
2020-08-27 17:04:01,232 [INFO] from com.jpro.meta.stream.Util$ in JavaFX Application Thread - Canvas overall bytes: 77891879
2020-08-27 17:04:01,232 [INFO] from com.jpro.meta.stream.Util$ in JavaFX Application Thread - Canvas Frame counter: 789
2020-08-27 17:04:01,232 [INFO] from com.jpro.meta.stream.Util$ in JavaFX Application Thread - Canvas Frame byts: 6047
2020-08-27 17:04:01,232 [INFO] from com.jpro.meta.stream.Util$ in JavaFX Application Thread - Canvas Frame objs: 18
2020-08-27 17:04:01,232 [INFO] from com.jpro.meta.stream.Util$ in JavaFX Application Thread - Canvas Frame count: 1
2020-08-27 17:04:01,232 [INFO] from com.jpro.meta.stream.Util$ in JavaFX Application Thread - 
2020-08-27 17:04:01,232 [INFO] from com.jpro.meta.stream.Util$ in JavaFX Application Thread - Canvas, id: row-canvas classes: row-canvas
2020-08-27 17:04:01,232 [INFO] from com.jpro.meta.stream.Util$ in JavaFX Application Thread - Canvas overall Frame counter: 28257
2020-08-27 17:04:01,232 [INFO] from com.jpro.meta.stream.Util$ in JavaFX Application Thread - Canvas overall bytes: 77897926
2020-08-27 17:04:01,232 [INFO] from com.jpro.meta.stream.Util$ in JavaFX Application Thread - Canvas Frame counter: 807
2020-08-27 17:04:01,232 [INFO] from com.jpro.meta.stream.Util$ in JavaFX Application Thread - Canvas Frame byts: 6047
2020-08-27 17:04:01,232 [INFO] from com.jpro.meta.stream.Util$ in JavaFX Application Thread - Canvas Frame objs: 18
2020-08-27 17:04:01,232 [INFO] from com.jpro.meta.stream.Util$ in JavaFX Application Thread - Canvas Frame count: 1
2020-08-27 17:04:01,232 [INFO] from com.jpro.meta.stream.Util$ in JavaFX Application Thread - 
2020-08-27 17:04:01,232 [INFO] from com.jpro.meta.stream.Util$ in JavaFX Application Thread - Canvas, id: row-canvas classes: row-canvas
2020-08-27 17:04:01,232 [INFO] from com.jpro.meta.stream.Util$ in JavaFX Application Thread - Canvas overall Frame counter: 28258
2020-08-27 17:04:01,232 [INFO] from com.jpro.meta.stream.Util$ in JavaFX Application Thread - Canvas overall bytes: 77903769
2020-08-27 17:04:01,232 [INFO] from com.jpro.meta.stream.Util$ in JavaFX Application Thread - Canvas Frame counter: 811
2020-08-27 17:04:01,232 [INFO] from com.jpro.meta.stream.Util$ in JavaFX Application Thread - Canvas Frame byts: 5843
2020-08-27 17:04:01,232 [INFO] from com.jpro.meta.stream.Util$ in JavaFX Application Thread - Canvas Frame objs: 18
2020-08-27 17:04:01,232 [INFO] from com.jpro.meta.stream.Util$ in JavaFX Application Thread - Canvas Frame count: 1
2020-08-27 17:04:01,232 [INFO] from com.jpro.meta.stream.Util$ in JavaFX Application Thread - 
2020-08-27 17:04:01,232 [INFO] from com.jpro.meta.stream.Util$ in JavaFX Application Thread - Canvas, id: row-canvas classes: row-canvas
2020-08-27 17:04:01,232 [INFO] from com.jpro.meta.stream.Util$ in JavaFX Application Thread - Canvas overall Frame counter: 28259
2020-08-27 17:04:01,233 [INFO] from com.jpro.meta.stream.Util$ in JavaFX Application Thread - Canvas overall bytes: 77909544
2020-08-27 17:04:01,233 [INFO] from com.jpro.meta.stream.Util$ in JavaFX Application Thread - Canvas Frame counter: 804
2020-08-27 17:04:01,233 [INFO] from com.jpro.meta.stream.Util$ in JavaFX Application Thread - Canvas Frame byts: 5775
2020-08-27 17:04:01,233 [INFO] from com.jpro.meta.stream.Util$ in JavaFX Application Thread - Canvas Frame objs: 18
2020-08-27 17:04:01,233 [INFO] from com.jpro.meta.stream.Util$ in JavaFX Application Thread - Canvas Frame count: 1
2020-08-27 17:04:01,233 [INFO] from com.jpro.meta.stream.Util$ in JavaFX Application Thread - 
2020-08-27 17:04:01,233 [INFO] from com.jpro.meta.stream.Util$ in JavaFX Application Thread - Canvas, id: row-canvas classes: row-canvas
2020-08-27 17:04:01,233 [INFO] from com.jpro.meta.stream.Util$ in JavaFX Application Thread - Canvas overall Frame counter: 28260
2020-08-27 17:04:01,233 [INFO] from com.jpro.meta.stream.Util$ in JavaFX Application Thread - Canvas overall bytes: 77915591
2020-08-27 17:04:01,233 [INFO] from com.jpro.meta.stream.Util$ in JavaFX Application Thread - Canvas Frame counter: 2227
2020-08-27 17:04:01,233 [INFO] from com.jpro.meta.stream.Util$ in JavaFX Application Thread - Canvas Frame byts: 6047
2020-08-27 17:04:01,233 [INFO] from com.jpro.meta.stream.Util$ in JavaFX Application Thread - Canvas Frame objs: 18
2020-08-27 17:04:01,233 [INFO] from com.jpro.meta.stream.Util$ in JavaFX Application Thread - Canvas Frame count: 1
2020-08-27 17:04:01,233 [INFO] from com.jpro.meta.stream.Util$ in JavaFX Application Thread - 
2020-08-27 17:04:01,233 [INFO] from com.jpro.meta.stream.Util$ in JavaFX Application Thread - Canvas, id: row-canvas classes: row-canvas
2020-08-27 17:04:01,233 [INFO] from com.jpro.meta.stream.Util$ in JavaFX Application Thread - Canvas overall Frame counter: 28261
2020-08-27 17:04:01,233 [INFO] from com.jpro.meta.stream.Util$ in JavaFX Application Thread - Canvas overall bytes: 77921638
2020-08-27 17:04:01,233 [INFO] from com.jpro.meta.stream.Util$ in JavaFX Application Thread - Canvas Frame counter: 2172
2020-08-27 17:04:01,233 [INFO] from com.jpro.meta.stream.Util$ in JavaFX Application Thread - Canvas Frame byts: 6047
2020-08-27 17:04:01,233 [INFO] from com.jpro.meta.stream.Util$ in JavaFX Application Thread - Canvas Frame objs: 18
2020-08-27 17:04:01,233 [INFO] from com.jpro.meta.stream.Util$ in JavaFX Application Thread - Canvas Frame count: 1
2020-08-27 17:04:01,233 [INFO] from com.jpro.meta.stream.Util$ in JavaFX Application Thread - 
2020-08-27 17:04:01,233 [INFO] from com.jpro.meta.stream.Util$ in JavaFX Application Thread - Canvas, id: row-canvas classes: row-canvas
2020-08-27 17:04:01,233 [INFO] from com.jpro.meta.stream.Util$ in JavaFX Application Thread - Canvas overall Frame counter: 28262
2020-08-27 17:04:01,233 [INFO] from com.jpro.meta.stream.Util$ in JavaFX Application Thread - Canvas overall bytes: 77927685
2020-08-27 17:04:01,233 [INFO] from com.jpro.meta.stream.Util$ in JavaFX Application Thread - Canvas Frame counter: 2163
2020-08-27 17:04:01,233 [INFO] from com.jpro.meta.stream.Util$ in JavaFX Application Thread - Canvas Frame byts: 6047
2020-08-27 17:04:01,233 [INFO] from com.jpro.meta.stream.Util$ in JavaFX Application Thread - Canvas Frame objs: 18
2020-08-27 17:04:01,233 [INFO] from com.jpro.meta.stream.Util$ in JavaFX Application Thread - Canvas Frame count: 1
2020-08-27 17:04:01,233 [INFO] from com.jpro.meta.stream.Util$ in JavaFX Application Thread - 
2020-08-27 17:04:01,233 [INFO] from com.jpro.meta.stream.Util$ in JavaFX Application Thread - Canvas, id: row-canvas classes: row-canvas
2020-08-27 17:04:01,233 [INFO] from com.jpro.meta.stream.Util$ in JavaFX Application Thread - Canvas overall Frame counter: 28263
2020-08-27 17:04:01,233 [INFO] from com.jpro.meta.stream.Util$ in JavaFX Application Thread - Canvas overall bytes: 77933732
2020-08-27 17:04:01,233 [INFO] from com.jpro.meta.stream.Util$ in JavaFX Application Thread - Canvas Frame counter: 2036
2020-08-27 17:04:01,233 [INFO] from com.jpro.meta.stream.Util$ in JavaFX Application Thread - Canvas Frame byts: 6047
2020-08-27 17:04:01,233 [INFO] from com.jpro.meta.stream.Util$ in JavaFX Application Thread - Canvas Frame objs: 18
2020-08-27 17:04:01,233 [INFO] from com.jpro.meta.stream.Util$ in JavaFX Application Thread - Canvas Frame count: 1
2020-08-27 17:04:01,233 [INFO] from com.jpro.meta.stream.Util$ in JavaFX Application Thread - 
2020-08-27 17:04:01,233 [INFO] from com.jpro.meta.stream.Util$ in JavaFX Application Thread - Canvas, id: row-canvas classes: row-canvas
2020-08-27 17:04:01,233 [INFO] from com.jpro.meta.stream.Util$ in JavaFX Application Thread - Canvas overall Frame counter: 28264
2020-08-27 17:04:01,233 [INFO] from com.jpro.meta.stream.Util$ in JavaFX Application Thread - Canvas overall bytes: 77939779
2020-08-27 17:04:01,233 [INFO] from com.jpro.meta.stream.Util$ in JavaFX Application Thread - Canvas Frame counter: 2218
2020-08-27 17:04:01,233 [INFO] from com.jpro.meta.stream.Util$ in JavaFX Application Thread - Canvas Frame byts: 6047
2020-08-27 17:04:01,233 [INFO] from com.jpro.meta.stream.Util$ in JavaFX Application Thread - Canvas Frame objs: 18
2020-08-27 17:04:01,233 [INFO] from com.jpro.meta.stream.Util$ in JavaFX Application Thread - Canvas Frame count: 1
2020-08-27 17:04:01,233 [INFO] from com.jpro.meta.stream.Util$ in JavaFX Application Thread - 
2020-08-27 17:04:01,233 [INFO] from com.jpro.meta.stream.Util$ in JavaFX Application Thread - Canvas, id: row-canvas classes: row-canvas
2020-08-27 17:04:01,233 [INFO] from com.jpro.meta.stream.Util$ in JavaFX Application Thread - Canvas overall Frame counter: 28265
2020-08-27 17:04:01,233 [INFO] from com.jpro.meta.stream.Util$ in JavaFX Application Thread - Canvas overall bytes: 77945826
2020-08-27 17:04:01,233 [INFO] from com.jpro.meta.stream.Util$ in JavaFX Application Thread - Canvas Frame counter: 2301
2020-08-27 17:04:01,233 [INFO] from com.jpro.meta.stream.Util$ in JavaFX Application Thread - Canvas Frame byts: 6047
2020-08-27 17:04:01,233 [INFO] from com.jpro.meta.stream.Util$ in JavaFX Application Thread - Canvas Frame objs: 18
2020-08-27 17:04:01,233 [INFO] from com.jpro.meta.stream.Util$ in JavaFX Application Thread - Canvas Frame count: 1
2020-08-27 17:04:01,233 [INFO] from com.jpro.meta.stream.Util$ in JavaFX Application Thread - 
2020-08-27 17:04:01,233 [INFO] from com.jpro.meta.stream.Util$ in JavaFX Application Thread - Canvas, id: row-canvas classes: row-canvas
2020-08-27 17:04:01,233 [INFO] from com.jpro.meta.stream.Util$ in JavaFX Application Thread - Canvas overall Frame counter: 28266
2020-08-27 17:04:01,233 [INFO] from com.jpro.meta.stream.Util$ in JavaFX Application Thread - Canvas overall bytes: 77951261
2020-08-27 17:04:01,233 [INFO] from com.jpro.meta.stream.Util$ in JavaFX Application Thread - Canvas Frame counter: 2174
2020-08-27 17:04:01,233 [INFO] from com.jpro.meta.stream.Util$ in JavaFX Application Thread - Canvas Frame byts: 5435
2020-08-27 17:04:01,233 [INFO] from com.jpro.meta.stream.Util$ in JavaFX Application Thread - Canvas Frame objs: 18
2020-08-27 17:04:01,233 [INFO] from com.jpro.meta.stream.Util$ in JavaFX Application Thread - Canvas Frame count: 1
2020-08-27 17:04:01,233 [INFO] from com.jpro.meta.stream.Util$ in JavaFX Application Thread - 
2020-08-27 17:04:01,233 [INFO] from com.jpro.meta.stream.Util$ in JavaFX Application Thread - Canvas, id: row-canvas classes: row-canvas
2020-08-27 17:04:01,233 [INFO] from com.jpro.meta.stream.Util$ in JavaFX Application Thread - Canvas overall Frame counter: 28267
2020-08-27 17:04:01,233 [INFO] from com.jpro.meta.stream.Util$ in JavaFX Application Thread - Canvas overall bytes: 77957308
2020-08-27 17:04:01,233 [INFO] from com.jpro.meta.stream.Util$ in JavaFX Application Thread - Canvas Frame counter: 845
2020-08-27 17:04:01,233 [INFO] from com.jpro.meta.stream.Util$ in JavaFX Application Thread - Canvas Frame byts: 6047
2020-08-27 17:04:01,233 [INFO] from com.jpro.meta.stream.Util$ in JavaFX Application Thread - Canvas Frame objs: 18
2020-08-27 17:04:01,233 [INFO] from com.jpro.meta.stream.Util$ in JavaFX Application Thread - Canvas Frame count: 1
2020-08-27 17:04:01,233 [INFO] from com.jpro.meta.stream.Util$ in JavaFX Application Thread - 
2020-08-27 17:04:01,233 [INFO] from com.jpro.meta.stream.Util$ in JavaFX Application Thread - Canvas, id: row-canvas classes: row-canvas
2020-08-27 17:04:01,233 [INFO] from com.jpro.meta.stream.Util$ in JavaFX Application Thread - Canvas overall Frame counter: 28268
2020-08-27 17:04:01,233 [INFO] from com.jpro.meta.stream.Util$ in JavaFX Application Thread - Canvas overall bytes: 77963355
2020-08-27 17:04:01,233 [INFO] from com.jpro.meta.stream.Util$ in JavaFX Application Thread - Canvas Frame counter: 850
2020-08-27 17:04:01,233 [INFO] from com.jpro.meta.stream.Util$ in JavaFX Application Thread - Canvas Frame byts: 6047
2020-08-27 17:04:01,233 [INFO] from com.jpro.meta.stream.Util$ in JavaFX Application Thread - Canvas Frame objs: 18
2020-08-27 17:04:01,233 [INFO] from com.jpro.meta.stream.Util$ in JavaFX Application Thread - Canvas Frame count: 1
2020-08-27 17:04:01,233 [INFO] from com.jpro.meta.stream.Util$ in JavaFX Application Thread - 
2020-08-27 17:04:01,233 [INFO] from com.jpro.meta.stream.Util$ in JavaFX Application Thread - Canvas, id: row-canvas classes: row-canvas
2020-08-27 17:04:01,233 [INFO] from com.jpro.meta.stream.Util$ in JavaFX Application Thread - Canvas overall Frame counter: 28269
2020-08-27 17:04:01,233 [INFO] from com.jpro.meta.stream.Util$ in JavaFX Application Thread - Canvas overall bytes: 77969402
2020-08-27 17:04:01,233 [INFO] from com.jpro.meta.stream.Util$ in JavaFX Application Thread - Canvas Frame counter: 814
2020-08-27 17:04:01,233 [INFO] from com.jpro.meta.stream.Util$ in JavaFX Application Thread - Canvas Frame byts: 6047
2020-08-27 17:04:01,233 [INFO] from com.jpro.meta.stream.Util$ in JavaFX Application Thread - Canvas Frame objs: 18
2020-08-27 17:04:01,233 [INFO] from com.jpro.meta.stream.Util$ in JavaFX Application Thread - Canvas Frame count: 1
2020-08-27 17:04:01,233 [INFO] from com.jpro.meta.stream.Util$ in JavaFX Application Thread - 
2020-08-27 17:04:01,233 [INFO] from com.jpro.meta.stream.Util$ in JavaFX Application Thread - Canvas, id: row-canvas classes: row-canvas
2020-08-27 17:04:01,233 [INFO] from com.jpro.meta.stream.Util$ in JavaFX Application Thread - Canvas overall Frame counter: 28270
2020-08-27 17:04:01,233 [INFO] from com.jpro.meta.stream.Util$ in JavaFX Application Thread - Canvas overall bytes: 77975415
2020-08-27 17:04:01,233 [INFO] from com.jpro.meta.stream.Util$ in JavaFX Application Thread - Canvas Frame counter: 568
2020-08-27 17:04:01,233 [INFO] from com.jpro.meta.stream.Util$ in JavaFX Application Thread - Canvas Frame byts: 6013
2020-08-27 17:04:01,233 [INFO] from com.jpro.meta.stream.Util$ in JavaFX Application Thread - Canvas Frame objs: 18
2020-08-27 17:04:01,233 [INFO] from com.jpro.meta.stream.Util$ in JavaFX Application Thread - Canvas Frame count: 1
2020-08-27 17:04:01,233 [INFO] from com.jpro.meta.stream.Util$ in JavaFX Application Thread - 
2020-08-27 17:04:01,233 [INFO] from com.jpro.meta.stream.Util$ in JavaFX Application Thread - Canvas, id: row-canvas classes: row-canvas
2020-08-27 17:04:01,233 [INFO] from com.jpro.meta.stream.Util$ in JavaFX Application Thread - Canvas overall Frame counter: 28271
2020-08-27 17:04:01,233 [INFO] from com.jpro.meta.stream.Util$ in JavaFX Application Thread - Canvas overall bytes: 77981462
2020-08-27 17:04:01,233 [INFO] from com.jpro.meta.stream.Util$ in JavaFX Application Thread - Canvas Frame counter: 527
2020-08-27 17:04:01,233 [INFO] from com.jpro.meta.stream.Util$ in JavaFX Application Thread - Canvas Frame byts: 6047
2020-08-27 17:04:01,233 [INFO] from com.jpro.meta.stream.Util$ in JavaFX Application Thread - Canvas Frame objs: 18
2020-08-27 17:04:01,233 [INFO] from com.jpro.meta.stream.Util$ in JavaFX Application Thread - Canvas Frame count: 1
2020-08-27 17:04:01,233 [INFO] from com.jpro.meta.stream.Util$ in JavaFX Application Thread - 
2020-08-27 17:04:01,233 [INFO] from com.jpro.meta.stream.Util$ in JavaFX Application Thread - Canvas, id: row-canvas classes: row-canvas
2020-08-27 17:04:01,233 [INFO] from com.jpro.meta.stream.Util$ in JavaFX Application Thread - Canvas overall Frame counter: 28272
2020-08-27 17:04:01,233 [INFO] from com.jpro.meta.stream.Util$ in JavaFX Application Thread - Canvas overall bytes: 77987339
2020-08-27 17:04:01,233 [INFO] from com.jpro.meta.stream.Util$ in JavaFX Application Thread - Canvas Frame counter: 570
2020-08-27 17:04:01,233 [INFO] from com.jpro.meta.stream.Util$ in JavaFX Application Thread - Canvas Frame byts: 5877
2020-08-27 17:04:01,233 [INFO] from com.jpro.meta.stream.Util$ in JavaFX Application Thread - Canvas Frame objs: 18
2020-08-27 17:04:01,233 [INFO] from com.jpro.meta.stream.Util$ in JavaFX Application Thread - Canvas Frame count: 1
2020-08-27 17:04:01,233 [INFO] from com.jpro.meta.stream.Util$ in JavaFX Application Thread - 
2020-08-27 17:04:01,233 [INFO] from com.jpro.meta.stream.Util$ in JavaFX Application Thread - Canvas, id: row-canvas classes: row-canvas
2020-08-27 17:04:01,233 [INFO] from com.jpro.meta.stream.Util$ in JavaFX Application Thread - Canvas overall Frame counter: 28273
2020-08-27 17:04:01,233 [INFO] from com.jpro.meta.stream.Util$ in JavaFX Application Thread - Canvas overall bytes: 77992944
2020-08-27 17:04:01,233 [INFO] from com.jpro.meta.stream.Util$ in JavaFX Application Thread - Canvas Frame counter: 539
2020-08-27 17:04:01,233 [INFO] from com.jpro.meta.stream.Util$ in JavaFX Application Thread - Canvas Frame byts: 5605
2020-08-27 17:04:01,233 [INFO] from com.jpro.meta.stream.Util$ in JavaFX Application Thread - Canvas Frame objs: 18
2020-08-27 17:04:01,233 [INFO] from com.jpro.meta.stream.Util$ in JavaFX Application Thread - Canvas Frame count: 1
2020-08-27 17:04:01,233 [INFO] from com.jpro.meta.stream.Util$ in JavaFX Application Thread - 
2020-08-27 17:04:01,233 [INFO] from com.jpro.meta.stream.Util$ in JavaFX Application Thread - Canvas, id: row-canvas classes: row-canvas
2020-08-27 17:04:01,233 [INFO] from com.jpro.meta.stream.Util$ in JavaFX Application Thread - Canvas overall Frame counter: 28274
2020-08-27 17:04:01,233 [INFO] from com.jpro.meta.stream.Util$ in JavaFX Application Thread - Canvas overall bytes: 77998991
2020-08-27 17:04:01,233 [INFO] from com.jpro.meta.stream.Util$ in JavaFX Application Thread - Canvas Frame counter: 732
2020-08-27 17:04:01,233 [INFO] from com.jpro.meta.stream.Util$ in JavaFX Application Thread - Canvas Frame byts: 6047
2020-08-27 17:04:01,233 [INFO] from com.jpro.meta.stream.Util$ in JavaFX Application Thread - Canvas Frame objs: 18
2020-08-27 17:04:01,233 [INFO] from com.jpro.meta.stream.Util$ in JavaFX Application Thread - Canvas Frame count: 1
2020-08-27 17:04:01,253 [INFO] from com.jpro.meta.stream.Util$ in JavaFX Application Thread - 
2020-08-27 17:04:01,253 [INFO] from com.jpro.meta.stream.Util$ in JavaFX Application Thread - Canvas, id: row-canvas classes: row-canvas
2020-08-27 17:04:01,253 [INFO] from com.jpro.meta.stream.Util$ in JavaFX Application Thread - Canvas overall Frame counter: 28275
2020-08-27 17:04:01,253 [INFO] from com.jpro.meta.stream.Util$ in JavaFX Application Thread - Canvas overall bytes: 78004868
2020-08-27 17:04:01,253 [INFO] from com.jpro.meta.stream.Util$ in JavaFX Application Thread - Canvas Frame counter: 858
2020-08-27 17:04:01,253 [INFO] from com.jpro.meta.stream.Util$ in JavaFX Application Thread - Canvas Frame byts: 5877
2020-08-27 17:04:01,253 [INFO] from com.jpro.meta.stream.Util$ in JavaFX Application Thread - Canvas Frame objs: 18
2020-08-27 17:04:01,253 [INFO] from com.jpro.meta.stream.Util$ in JavaFX Application Thread - Canvas Frame count: 1
2020-08-27 17:04:01,253 [INFO] from com.jpro.meta.stream.Util$ in JavaFX Application Thread - 
2020-08-27 17:04:01,253 [INFO] from com.jpro.meta.stream.Util$ in JavaFX Application Thread - Canvas, id: row-canvas classes: row-canvas
2020-08-27 17:04:01,253 [INFO] from com.jpro.meta.stream.Util$ in JavaFX Application Thread - Canvas overall Frame counter: 28276
2020-08-27 17:04:01,253 [INFO] from com.jpro.meta.stream.Util$ in JavaFX Application Thread - Canvas overall bytes: 78010881
2020-08-27 17:04:01,253 [INFO] from com.jpro.meta.stream.Util$ in JavaFX Application Thread - Canvas Frame counter: 790
2020-08-27 17:04:01,253 [INFO] from com.jpro.meta.stream.Util$ in JavaFX Application Thread - Canvas Frame byts: 6013
2020-08-27 17:04:01,253 [INFO] from com.jpro.meta.stream.Util$ in JavaFX Application Thread - Canvas Frame objs: 18
2020-08-27 17:04:01,253 [INFO] from com.jpro.meta.stream.Util$ in JavaFX Application Thread - Canvas Frame count: 1
2020-08-27 17:04:01,253 [INFO] from com.jpro.meta.stream.Util$ in JavaFX Application Thread - 
2020-08-27 17:04:01,253 [INFO] from com.jpro.meta.stream.Util$ in JavaFX Application Thread - Canvas, id: row-canvas classes: row-canvas
2020-08-27 17:04:01,253 [INFO] from com.jpro.meta.stream.Util$ in JavaFX Application Thread - Canvas overall Frame counter: 28277
2020-08-27 17:04:01,253 [INFO] from com.jpro.meta.stream.Util$ in JavaFX Application Thread - Canvas overall bytes: 78016894
2020-08-27 17:04:01,253 [INFO] from com.jpro.meta.stream.Util$ in JavaFX Application Thread - Canvas Frame counter: 808
2020-08-27 17:04:01,253 [INFO] from com.jpro.meta.stream.Util$ in JavaFX Application Thread - Canvas Frame byts: 6013
2020-08-27 17:04:01,253 [INFO] from com.jpro.meta.stream.Util$ in JavaFX Application Thread - Canvas Frame objs: 18
2020-08-27 17:04:01,253 [INFO] from com.jpro.meta.stream.Util$ in JavaFX Application Thread - Canvas Frame count: 1
2020-08-27 17:04:01,253 [INFO] from com.jpro.meta.stream.Util$ in JavaFX Application Thread - 
2020-08-27 17:04:01,253 [INFO] from com.jpro.meta.stream.Util$ in JavaFX Application Thread - Canvas, id: row-canvas classes: row-canvas
2020-08-27 17:04:01,253 [INFO] from com.jpro.meta.stream.Util$ in JavaFX Application Thread - Canvas overall Frame counter: 28278
2020-08-27 17:04:01,253 [INFO] from com.jpro.meta.stream.Util$ in JavaFX Application Thread - Canvas overall bytes: 78022737
2020-08-27 17:04:01,253 [INFO] from com.jpro.meta.stream.Util$ in JavaFX Application Thread - Canvas Frame counter: 812
2020-08-27 17:04:01,253 [INFO] from com.jpro.meta.stream.Util$ in JavaFX Application Thread - Canvas Frame byts: 5843
2020-08-27 17:04:01,253 [INFO] from com.jpro.meta.stream.Util$ in JavaFX Application Thread - Canvas Frame objs: 18
2020-08-27 17:04:01,253 [INFO] from com.jpro.meta.stream.Util$ in JavaFX Application Thread - Canvas Frame count: 1
2020-08-27 17:04:01,253 [INFO] from com.jpro.meta.stream.Util$ in JavaFX Application Thread - 
2020-08-27 17:04:01,253 [INFO] from com.jpro.meta.stream.Util$ in JavaFX Application Thread - Canvas, id: row-canvas classes: row-canvas
2020-08-27 17:04:01,253 [INFO] from com.jpro.meta.stream.Util$ in JavaFX Application Thread - Canvas overall Frame counter: 28279
2020-08-27 17:04:01,253 [INFO] from com.jpro.meta.stream.Util$ in JavaFX Application Thread - Canvas overall bytes: 78028512
2020-08-27 17:04:01,253 [INFO] from com.jpro.meta.stream.Util$ in JavaFX Application Thread - Canvas Frame counter: 805
2020-08-27 17:04:01,253 [INFO] from com.jpro.meta.stream.Util$ in JavaFX Application Thread - Canvas Frame byts: 5775
2020-08-27 17:04:01,253 [INFO] from com.jpro.meta.stream.Util$ in JavaFX Application Thread - Canvas Frame objs: 18
2020-08-27 17:04:01,253 [INFO] from com.jpro.meta.stream.Util$ in JavaFX Application Thread - Canvas Frame count: 1
2020-08-27 17:04:01,253 [INFO] from com.jpro.meta.stream.Util$ in JavaFX Application Thread - 
2020-08-27 17:04:01,253 [INFO] from com.jpro.meta.stream.Util$ in JavaFX Application Thread - Canvas, id: row-canvas classes: row-canvas
2020-08-27 17:04:01,253 [INFO] from com.jpro.meta.stream.Util$ in JavaFX Application Thread - Canvas overall Frame counter: 28280
2020-08-27 17:04:01,253 [INFO] from com.jpro.meta.stream.Util$ in JavaFX Application Thread - Canvas overall bytes: 78034525
2020-08-27 17:04:01,253 [INFO] from com.jpro.meta.stream.Util$ in JavaFX Application Thread - Canvas Frame counter: 2228
2020-08-27 17:04:01,253 [INFO] from com.jpro.meta.stream.Util$ in JavaFX Application Thread - Canvas Frame byts: 6013
2020-08-27 17:04:01,253 [INFO] from com.jpro.meta.stream.Util$ in JavaFX Application Thread - Canvas Frame objs: 18
2020-08-27 17:04:01,253 [INFO] from com.jpro.meta.stream.Util$ in JavaFX Application Thread - Canvas Frame count: 1
2020-08-27 17:04:01,253 [INFO] from com.jpro.meta.stream.Util$ in JavaFX Application Thread - 
2020-08-27 17:04:01,253 [INFO] from com.jpro.meta.stream.Util$ in JavaFX Application Thread - Canvas, id: row-canvas classes: row-canvas
2020-08-27 17:04:01,253 [INFO] from com.jpro.meta.stream.Util$ in JavaFX Application Thread - Canvas overall Frame counter: 28281
2020-08-27 17:04:01,253 [INFO] from com.jpro.meta.stream.Util$ in JavaFX Application Thread - Canvas overall bytes: 78040538
2020-08-27 17:04:01,253 [INFO] from com.jpro.meta.stream.Util$ in JavaFX Application Thread - Canvas Frame counter: 2173
2020-08-27 17:04:01,253 [INFO] from com.jpro.meta.stream.Util$ in JavaFX Application Thread - Canvas Frame byts: 6013
2020-08-27 17:04:01,253 [INFO] from com.jpro.meta.stream.Util$ in JavaFX Application Thread - Canvas Frame objs: 18
2020-08-27 17:04:01,253 [INFO] from com.jpro.meta.stream.Util$ in JavaFX Application Thread - Canvas Frame count: 1
2020-08-27 17:04:01,253 [INFO] from com.jpro.meta.stream.Util$ in JavaFX Application Thread - 
2020-08-27 17:04:01,253 [INFO] from com.jpro.meta.stream.Util$ in JavaFX Application Thread - Canvas, id: row-canvas classes: row-canvas
2020-08-27 17:04:01,253 [INFO] from com.jpro.meta.stream.Util$ in JavaFX Application Thread - Canvas overall Frame counter: 28282
2020-08-27 17:04:01,253 [INFO] from com.jpro.meta.stream.Util$ in JavaFX Application Thread - Canvas overall bytes: 78046551
2020-08-27 17:04:01,253 [INFO] from com.jpro.meta.stream.Util$ in JavaFX Application Thread - Canvas Frame counter: 2164
2020-08-27 17:04:01,253 [INFO] from com.jpro.meta.stream.Util$ in JavaFX Application Thread - Canvas Frame byts: 6013
2020-08-27 17:04:01,253 [INFO] from com.jpro.meta.stream.Util$ in JavaFX Application Thread - Canvas Frame objs: 18
2020-08-27 17:04:01,253 [INFO] from com.jpro.meta.stream.Util$ in JavaFX Application Thread - Canvas Frame count: 1
2020-08-27 17:04:01,253 [INFO] from com.jpro.meta.stream.Util$ in JavaFX Application Thread - 
2020-08-27 17:04:01,253 [INFO] from com.jpro.meta.stream.Util$ in JavaFX Application Thread - Canvas, id: row-canvas classes: row-canvas
2020-08-27 17:04:01,253 [INFO] from com.jpro.meta.stream.Util$ in JavaFX Application Thread - Canvas overall Frame counter: 28283
2020-08-27 17:04:01,253 [INFO] from com.jpro.meta.stream.Util$ in JavaFX Application Thread - Canvas overall bytes: 78052564
2020-08-27 17:04:01,253 [INFO] from com.jpro.meta.stream.Util$ in JavaFX Application Thread - Canvas Frame counter: 2037
2020-08-27 17:04:01,253 [INFO] from com.jpro.meta.stream.Util$ in JavaFX Application Thread - Canvas Frame byts: 6013
2020-08-27 17:04:01,253 [INFO] from com.jpro.meta.stream.Util$ in JavaFX Application Thread - Canvas Frame objs: 18
2020-08-27 17:04:01,253 [INFO] from com.jpro.meta.stream.Util$ in JavaFX Application Thread - Canvas Frame count: 1
2020-08-27 17:04:01,253 [INFO] from com.jpro.meta.stream.Util$ in JavaFX Application Thread - 
2020-08-27 17:04:01,253 [INFO] from com.jpro.meta.stream.Util$ in JavaFX Application Thread - Canvas, id: row-canvas classes: row-canvas
2020-08-27 17:04:01,253 [INFO] from com.jpro.meta.stream.Util$ in JavaFX Application Thread - Canvas overall Frame counter: 28284
2020-08-27 17:04:01,253 [INFO] from com.jpro.meta.stream.Util$ in JavaFX Application Thread - Canvas overall bytes: 78058577
2020-08-27 17:04:01,253 [INFO] from com.jpro.meta.stream.Util$ in JavaFX Application Thread - Canvas Frame counter: 2219
2020-08-27 17:04:01,253 [INFO] from com.jpro.meta.stream.Util$ in JavaFX Application Thread - Canvas Frame byts: 6013
2020-08-27 17:04:01,253 [INFO] from com.jpro.meta.stream.Util$ in JavaFX Application Thread - Canvas Frame objs: 18
2020-08-27 17:04:01,253 [INFO] from com.jpro.meta.stream.Util$ in JavaFX Application Thread - Canvas Frame count: 1
2020-08-27 17:04:01,253 [INFO] from com.jpro.meta.stream.Util$ in JavaFX Application Thread - 
2020-08-27 17:04:01,253 [INFO] from com.jpro.meta.stream.Util$ in JavaFX Application Thread - Canvas, id: row-canvas classes: row-canvas
2020-08-27 17:04:01,253 [INFO] from com.jpro.meta.stream.Util$ in JavaFX Application Thread - Canvas overall Frame counter: 28285
2020-08-27 17:04:01,253 [INFO] from com.jpro.meta.stream.Util$ in JavaFX Application Thread - Canvas overall bytes: 78064590
2020-08-27 17:04:01,253 [INFO] from com.jpro.meta.stream.Util$ in JavaFX Application Thread - Canvas Frame counter: 2302
2020-08-27 17:04:01,253 [INFO] from com.jpro.meta.stream.Util$ in JavaFX Application Thread - Canvas Frame byts: 6013
2020-08-27 17:04:01,253 [INFO] from com.jpro.meta.stream.Util$ in JavaFX Application Thread - Canvas Frame objs: 18
2020-08-27 17:04:01,253 [INFO] from com.jpro.meta.stream.Util$ in JavaFX Application Thread - Canvas Frame count: 1
2020-08-27 17:04:01,253 [INFO] from com.jpro.meta.stream.Util$ in JavaFX Application Thread - 
2020-08-27 17:04:01,253 [INFO] from com.jpro.meta.stream.Util$ in JavaFX Application Thread - Canvas, id: row-canvas classes: row-canvas
2020-08-27 17:04:01,253 [INFO] from com.jpro.meta.stream.Util$ in JavaFX Application Thread - Canvas overall Frame counter: 28286
2020-08-27 17:04:01,253 [INFO] from com.jpro.meta.stream.Util$ in JavaFX Application Thread - Canvas overall bytes: 78070025
2020-08-27 17:04:01,253 [INFO] from com.jpro.meta.stream.Util$ in JavaFX Application Thread - Canvas Frame counter: 2175
2020-08-27 17:04:01,253 [INFO] from com.jpro.meta.stream.Util$ in JavaFX Application Thread - Canvas Frame byts: 5435
2020-08-27 17:04:01,253 [INFO] from com.jpro.meta.stream.Util$ in JavaFX Application Thread - Canvas Frame objs: 18
2020-08-27 17:04:01,253 [INFO] from com.jpro.meta.stream.Util$ in JavaFX Application Thread - Canvas Frame count: 1
2020-08-27 17:04:01,253 [INFO] from com.jpro.meta.stream.Util$ in JavaFX Application Thread - 
2020-08-27 17:04:01,253 [INFO] from com.jpro.meta.stream.Util$ in JavaFX Application Thread - Canvas, id: row-canvas classes: row-canvas
2020-08-27 17:04:01,253 [INFO] from com.jpro.meta.stream.Util$ in JavaFX Application Thread - Canvas overall Frame counter: 28287
2020-08-27 17:04:01,253 [INFO] from com.jpro.meta.stream.Util$ in JavaFX Application Thread - Canvas overall bytes: 78076038
2020-08-27 17:04:01,253 [INFO] from com.jpro.meta.stream.Util$ in JavaFX Application Thread - Canvas Frame counter: 846
2020-08-27 17:04:01,253 [INFO] from com.jpro.meta.stream.Util$ in JavaFX Application Thread - Canvas Frame byts: 6013
2020-08-27 17:04:01,253 [INFO] from com.jpro.meta.stream.Util$ in JavaFX Application Thread - Canvas Frame objs: 18
2020-08-27 17:04:01,253 [INFO] from com.jpro.meta.stream.Util$ in JavaFX Application Thread - Canvas Frame count: 1
2020-08-27 17:04:01,253 [INFO] from com.jpro.meta.stream.Util$ in JavaFX Application Thread - 
2020-08-27 17:04:01,254 [INFO] from com.jpro.meta.stream.Util$ in JavaFX Application Thread - Canvas, id: row-canvas classes: row-canvas
2020-08-27 17:04:01,254 [INFO] from com.jpro.meta.stream.Util$ in JavaFX Application Thread - Canvas overall Frame counter: 28288
2020-08-27 17:04:01,254 [INFO] from com.jpro.meta.stream.Util$ in JavaFX Application Thread - Canvas overall bytes: 78082051
2020-08-27 17:04:01,254 [INFO] from com.jpro.meta.stream.Util$ in JavaFX Application Thread - Canvas Frame counter: 851
2020-08-27 17:04:01,254 [INFO] from com.jpro.meta.stream.Util$ in JavaFX Application Thread - Canvas Frame byts: 6013
2020-08-27 17:04:01,254 [INFO] from com.jpro.meta.stream.Util$ in JavaFX Application Thread - Canvas Frame objs: 18
2020-08-27 17:04:01,254 [INFO] from com.jpro.meta.stream.Util$ in JavaFX Application Thread - Canvas Frame count: 1
2020-08-27 17:04:01,254 [INFO] from com.jpro.meta.stream.Util$ in JavaFX Application Thread - 
2020-08-27 17:04:01,254 [INFO] from com.jpro.meta.stream.Util$ in JavaFX Application Thread - Canvas, id: row-canvas classes: row-canvas
2020-08-27 17:04:01,254 [INFO] from com.jpro.meta.stream.Util$ in JavaFX Application Thread - Canvas overall Frame counter: 28289
2020-08-27 17:04:01,254 [INFO] from com.jpro.meta.stream.Util$ in JavaFX Application Thread - Canvas overall bytes: 78088064
2020-08-27 17:04:01,254 [INFO] from com.jpro.meta.stream.Util$ in JavaFX Application Thread - Canvas Frame counter: 815
2020-08-27 17:04:01,254 [INFO] from com.jpro.meta.stream.Util$ in JavaFX Application Thread - Canvas Frame byts: 6013
2020-08-27 17:04:01,254 [INFO] from com.jpro.meta.stream.Util$ in JavaFX Application Thread - Canvas Frame objs: 18
2020-08-27 17:04:01,254 [INFO] from com.jpro.meta.stream.Util$ in JavaFX Application Thread - Canvas Frame count: 1
2020-08-27 17:04:01,254 [INFO] from com.jpro.meta.stream.Util$ in JavaFX Application Thread - 
2020-08-27 17:04:01,254 [INFO] from com.jpro.meta.stream.Util$ in JavaFX Application Thread - Canvas, id: row-canvas classes: row-canvas
2020-08-27 17:04:01,254 [INFO] from com.jpro.meta.stream.Util$ in JavaFX Application Thread - Canvas overall Frame counter: 28290
2020-08-27 17:04:01,254 [INFO] from com.jpro.meta.stream.Util$ in JavaFX Application Thread - Canvas overall bytes: 78094077
2020-08-27 17:04:01,254 [INFO] from com.jpro.meta.stream.Util$ in JavaFX Application Thread - Canvas Frame counter: 569
2020-08-27 17:04:01,254 [INFO] from com.jpro.meta.stream.Util$ in JavaFX Application Thread - Canvas Frame byts: 6013
2020-08-27 17:04:01,254 [INFO] from com.jpro.meta.stream.Util$ in JavaFX Application Thread - Canvas Frame objs: 18
2020-08-27 17:04:01,254 [INFO] from com.jpro.meta.stream.Util$ in JavaFX Application Thread - Canvas Frame count: 1
2020-08-27 17:04:01,254 [INFO] from com.jpro.meta.stream.Util$ in JavaFX Application Thread - 
2020-08-27 17:04:01,254 [INFO] from com.jpro.meta.stream.Util$ in JavaFX Application Thread - Canvas, id: row-canvas classes: row-canvas
2020-08-27 17:04:01,254 [INFO] from com.jpro.meta.stream.Util$ in JavaFX Application Thread - Canvas overall Frame counter: 28291
2020-08-27 17:04:01,254 [INFO] from com.jpro.meta.stream.Util$ in JavaFX Application Thread - Canvas overall bytes: 78100090
2020-08-27 17:04:01,254 [INFO] from com.jpro.meta.stream.Util$ in JavaFX Application Thread - Canvas Frame counter: 528
2020-08-27 17:04:01,254 [INFO] from com.jpro.meta.stream.Util$ in JavaFX Application Thread - Canvas Frame byts: 6013
2020-08-27 17:04:01,254 [INFO] from com.jpro.meta.stream.Util$ in JavaFX Application Thread - Canvas Frame objs: 18
2020-08-27 17:04:01,254 [INFO] from com.jpro.meta.stream.Util$ in JavaFX Application Thread - Canvas Frame count: 1
2020-08-27 17:04:01,254 [INFO] from com.jpro.meta.stream.Util$ in JavaFX Application Thread - 
2020-08-27 17:04:01,254 [INFO] from com.jpro.meta.stream.Util$ in JavaFX Application Thread - Canvas, id: row-canvas classes: row-canvas
2020-08-27 17:04:01,254 [INFO] from com.jpro.meta.stream.Util$ in JavaFX Application Thread - Canvas overall Frame counter: 28292
2020-08-27 17:04:01,254 [INFO] from com.jpro.meta.stream.Util$ in JavaFX Application Thread - Canvas overall bytes: 78105967
2020-08-27 17:04:01,254 [INFO] from com.jpro.meta.stream.Util$ in JavaFX Application Thread - Canvas Frame counter: 571
2020-08-27 17:04:01,254 [INFO] from com.jpro.meta.stream.Util$ in JavaFX Application Thread - Canvas Frame byts: 5877
2020-08-27 17:04:01,254 [INFO] from com.jpro.meta.stream.Util$ in JavaFX Application Thread - Canvas Frame objs: 18
2020-08-27 17:04:01,254 [INFO] from com.jpro.meta.stream.Util$ in JavaFX Application Thread - Canvas Frame count: 1
2020-08-27 17:04:01,254 [INFO] from com.jpro.meta.stream.Util$ in JavaFX Application Thread - 
2020-08-27 17:04:01,254 [INFO] from com.jpro.meta.stream.Util$ in JavaFX Application Thread - Canvas, id: row-canvas classes: row-canvas
2020-08-27 17:04:01,254 [INFO] from com.jpro.meta.stream.Util$ in JavaFX Application Thread - Canvas overall Frame counter: 28293
2020-08-27 17:04:01,254 [INFO] from com.jpro.meta.stream.Util$ in JavaFX Application Thread - Canvas overall bytes: 78111572
2020-08-27 17:04:01,254 [INFO] from com.jpro.meta.stream.Util$ in JavaFX Application Thread - Canvas Frame counter: 540
2020-08-27 17:04:01,254 [INFO] from com.jpro.meta.stream.Util$ in JavaFX Application Thread - Canvas Frame byts: 5605
2020-08-27 17:04:01,254 [INFO] from com.jpro.meta.stream.Util$ in JavaFX Application Thread - Canvas Frame objs: 18
2020-08-27 17:04:01,254 [INFO] from com.jpro.meta.stream.Util$ in JavaFX Application Thread - Canvas Frame count: 1
2020-08-27 17:04:01,254 [INFO] from com.jpro.meta.stream.Util$ in JavaFX Application Thread - 
2020-08-27 17:04:01,254 [INFO] from com.jpro.meta.stream.Util$ in JavaFX Application Thread - Canvas, id: row-canvas classes: row-canvas
2020-08-27 17:04:01,254 [INFO] from com.jpro.meta.stream.Util$ in JavaFX Application Thread - Canvas overall Frame counter: 28294
2020-08-27 17:04:01,254 [INFO] from com.jpro.meta.stream.Util$ in JavaFX Application Thread - Canvas overall bytes: 78117585
2020-08-27 17:04:01,254 [INFO] from com.jpro.meta.stream.Util$ in JavaFX Application Thread - Canvas Frame counter: 733
2020-08-27 17:04:01,254 [INFO] from com.jpro.meta.stream.Util$ in JavaFX Application Thread - Canvas Frame byts: 6013
2020-08-27 17:04:01,254 [INFO] from com.jpro.meta.stream.Util$ in JavaFX Application Thread - Canvas Frame objs: 18
2020-08-27 17:04:01,254 [INFO] from com.jpro.meta.stream.Util$ in JavaFX Application Thread - Canvas Frame count: 1
2020-08-27 17:04:01,492 [INFO] from com.jpro.meta.stream.Util$ in JavaFX Application Thread - 
2020-08-27 17:04:01,492 [INFO] from com.jpro.meta.stream.Util$ in JavaFX Application Thread - Canvas, id: row-canvas classes: row-canvas
2020-08-27 17:04:01,492 [INFO] from com.jpro.meta.stream.Util$ in JavaFX Application Thread - Canvas overall Frame counter: 28295
2020-08-27 17:04:01,492 [INFO] from com.jpro.meta.stream.Util$ in JavaFX Application Thread - Canvas overall bytes: 78123598
2020-08-27 17:04:01,492 [INFO] from com.jpro.meta.stream.Util$ in JavaFX Application Thread - Canvas Frame counter: 2303
2020-08-27 17:04:01,492 [INFO] from com.jpro.meta.stream.Util$ in JavaFX Application Thread - Canvas Frame byts: 6013
2020-08-27 17:04:01,492 [INFO] from com.jpro.meta.stream.Util$ in JavaFX Application Thread - Canvas Frame objs: 18
2020-08-27 17:04:01,492 [INFO] from com.jpro.meta.stream.Util$ in JavaFX Application Thread - Canvas Frame count: 1
2020-08-27 17:04:02,342 [INFO] from com.jpro.meta.stream.Util$ in JavaFX Application Thread - 
2020-08-27 17:04:02,343 [INFO] from com.jpro.meta.stream.Util$ in JavaFX Application Thread - Canvas, id: row-canvas classes: row-canvas
2020-08-27 17:04:02,343 [INFO] from com.jpro.meta.stream.Util$ in JavaFX Application Thread - Canvas overall Frame counter: 28296
2020-08-27 17:04:02,343 [INFO] from com.jpro.meta.stream.Util$ in JavaFX Application Thread - Canvas overall bytes: 78129611
2020-08-27 17:04:02,343 [INFO] from com.jpro.meta.stream.Util$ in JavaFX Application Thread - Canvas Frame counter: 809
2020-08-27 17:04:02,343 [INFO] from com.jpro.meta.stream.Util$ in JavaFX Application Thread - Canvas Frame byts: 6013
2020-08-27 17:04:02,343 [INFO] from com.jpro.meta.stream.Util$ in JavaFX Application Thread - Canvas Frame objs: 18
2020-08-27 17:04:02,343 [INFO] from com.jpro.meta.stream.Util$ in JavaFX Application Thread - Canvas Frame count: 1
2020-08-27 17:04:02,343 [INFO] from com.jpro.meta.stream.Util$ in JavaFX Application Thread - 
2020-08-27 17:04:02,343 [INFO] from com.jpro.meta.stream.Util$ in JavaFX Application Thread - Canvas, id: row-canvas classes: row-canvas
2020-08-27 17:04:02,343 [INFO] from com.jpro.meta.stream.Util$ in JavaFX Application Thread - Canvas overall Frame counter: 28297
2020-08-27 17:04:02,343 [INFO] from com.jpro.meta.stream.Util$ in JavaFX Application Thread - Canvas overall bytes: 78135624
2020-08-27 17:04:02,343 [INFO] from com.jpro.meta.stream.Util$ in JavaFX Application Thread - Canvas Frame counter: 2304
2020-08-27 17:04:02,343 [INFO] from com.jpro.meta.stream.Util$ in JavaFX Application Thread - Canvas Frame byts: 6013
2020-08-27 17:04:02,343 [INFO] from com.jpro.meta.stream.Util$ in JavaFX Application Thread - Canvas Frame objs: 18
2020-08-27 17:04:02,343 [INFO] from com.jpro.meta.stream.Util$ in JavaFX Application Thread - Canvas Frame count: 1
2020-08-27 17:04:02,358 [INFO] from com.jpro.meta.stream.Util$ in JavaFX Application Thread - 
2020-08-27 17:04:02,358 [INFO] from com.jpro.meta.stream.Util$ in JavaFX Application Thread - Canvas, id: row-canvas classes: row-canvas
2020-08-27 17:04:02,358 [INFO] from com.jpro.meta.stream.Util$ in JavaFX Application Thread - Canvas overall Frame counter: 28298
2020-08-27 17:04:02,358 [INFO] from com.jpro.meta.stream.Util$ in JavaFX Application Thread - Canvas overall bytes: 78141641
2020-08-27 17:04:02,358 [INFO] from com.jpro.meta.stream.Util$ in JavaFX Application Thread - Canvas Frame counter: 810
2020-08-27 17:04:02,358 [INFO] from com.jpro.meta.stream.Util$ in JavaFX Application Thread - Canvas Frame byts: 6017
2020-08-27 17:04:02,358 [INFO] from com.jpro.meta.stream.Util$ in JavaFX Application Thread - Canvas Frame objs: 22
2020-08-27 17:04:02,358 [INFO] from com.jpro.meta.stream.Util$ in JavaFX Application Thread - Canvas Frame count: 1
2020-08-27 17:04:02,377 [INFO] from com.jpro.meta.stream.Util$ in JavaFX Application Thread - 
2020-08-27 17:04:02,377 [INFO] from com.jpro.meta.stream.Util$ in JavaFX Application Thread - Canvas, id: row-canvas classes: row-canvas
2020-08-27 17:04:02,377 [INFO] from com.jpro.meta.stream.Util$ in JavaFX Application Thread - Canvas overall Frame counter: 28299
2020-08-27 17:04:02,377 [INFO] from com.jpro.meta.stream.Util$ in JavaFX Application Thread - Canvas overall bytes: 78147654
2020-08-27 17:04:02,377 [INFO] from com.jpro.meta.stream.Util$ in JavaFX Application Thread - Canvas Frame counter: 811
2020-08-27 17:04:02,377 [INFO] from com.jpro.meta.stream.Util$ in JavaFX Application Thread - Canvas Frame byts: 6013
2020-08-27 17:04:02,377 [INFO] from com.jpro.meta.stream.Util$ in JavaFX Application Thread - Canvas Frame objs: 18
2020-08-27 17:04:02,377 [INFO] from com.jpro.meta.stream.Util$ in JavaFX Application Thread - Canvas Frame count: 1
2020-08-27 17:04:02,397 [INFO] from com.jpro.meta.stream.Util$ in JavaFX Application Thread - 
2020-08-27 17:04:02,397 [INFO] from com.jpro.meta.stream.Util$ in JavaFX Application Thread - Canvas, id: row-canvas classes: row-canvas
2020-08-27 17:04:02,397 [INFO] from com.jpro.meta.stream.Util$ in JavaFX Application Thread - Canvas overall Frame counter: 28300
2020-08-27 17:04:02,397 [INFO] from com.jpro.meta.stream.Util$ in JavaFX Application Thread - Canvas overall bytes: 78153667
2020-08-27 17:04:02,397 [INFO] from com.jpro.meta.stream.Util$ in JavaFX Application Thread - Canvas Frame counter: 812
2020-08-27 17:04:02,397 [INFO] from com.jpro.meta.stream.Util$ in JavaFX Application Thread - Canvas Frame byts: 6013
2020-08-27 17:04:02,397 [INFO] from com.jpro.meta.stream.Util$ in JavaFX Application Thread - Canvas Frame objs: 18
2020-08-27 17:04:02,397 [INFO] from com.jpro.meta.stream.Util$ in JavaFX Application Thread - Canvas Frame count: 1
2020-08-27 17:04:02,398 [INFO] from com.jpro.meta.stream.Util$ in JavaFX Application Thread - 
2020-08-27 17:04:02,398 [INFO] from com.jpro.meta.stream.Util$ in JavaFX Application Thread - Canvas, id: row-canvas classes: row-canvas
2020-08-27 17:04:02,398 [INFO] from com.jpro.meta.stream.Util$ in JavaFX Application Thread - Canvas overall Frame counter: 28301
2020-08-27 17:04:02,398 [INFO] from com.jpro.meta.stream.Util$ in JavaFX Application Thread - Canvas overall bytes: 78159680
2020-08-27 17:04:02,398 [INFO] from com.jpro.meta.stream.Util$ in JavaFX Application Thread - Canvas Frame counter: 816
2020-08-27 17:04:02,398 [INFO] from com.jpro.meta.stream.Util$ in JavaFX Application Thread - Canvas Frame byts: 6013
2020-08-27 17:04:02,398 [INFO] from com.jpro.meta.stream.Util$ in JavaFX Application Thread - Canvas Frame objs: 18
2020-08-27 17:04:02,398 [INFO] from com.jpro.meta.stream.Util$ in JavaFX Application Thread - Canvas Frame count: 1
2020-08-27 17:04:02,446 [INFO] from com.jpro.meta.stream.Util$ in JavaFX Application Thread - 
2020-08-27 17:04:02,446 [INFO] from com.jpro.meta.stream.Util$ in JavaFX Application Thread - Canvas, id: row-canvas classes: row-canvas
2020-08-27 17:04:02,446 [INFO] from com.jpro.meta.stream.Util$ in JavaFX Application Thread - Canvas overall Frame counter: 28302
2020-08-27 17:04:02,446 [INFO] from com.jpro.meta.stream.Util$ in JavaFX Application Thread - Canvas overall bytes: 78165693
2020-08-27 17:04:02,446 [INFO] from com.jpro.meta.stream.Util$ in JavaFX Application Thread - Canvas Frame counter: 817
2020-08-27 17:04:02,446 [INFO] from com.jpro.meta.stream.Util$ in JavaFX Application Thread - Canvas Frame byts: 6013
2020-08-27 17:04:02,446 [INFO] from com.jpro.meta.stream.Util$ in JavaFX Application Thread - Canvas Frame objs: 18
2020-08-27 17:04:02,446 [INFO] from com.jpro.meta.stream.Util$ in JavaFX Application Thread - Canvas Frame count: 1
2020-08-27 17:06:07,904 [INFO] from akka.event.slf4j.Slf4jLogger in application-akka.actor.default-dispatcher-4 - Slf4jLogger started
2020-08-27 17:06:08,536 [INFO] from play.api.Play in Thread-0 - Application started (Prod) (no global state)
2020-08-27 17:06:09,042 [INFO] from play.core.server.AkkaHttpServer in Thread-0 - Enabling HTTP/2 on Akka HTTP server...
2020-08-27 17:06:09,043 [INFO] from play.core.server.AkkaHttpServer in Thread-0 - Listening for HTTP on /[0:0:0:0:0:0:0:0]:8080
2020-08-27 17:06:09,218 [INFO] from com.jpro.activity in application-akka.actor.default-dispatcher-8 - Starting the server
2020-08-27 17:06:09,218 [INFO] from com.jpro.internal.server.Initializer$ in application-akka.actor.default-dispatcher-8 -  *** Starting JPro: https://www.jpro.one/ ***
2020-08-27 17:06:09,218 [INFO] from com.jpro.internal.server.Initializer$ in application-akka.actor.default-dispatcher-8 - OS: Mac OS X
2020-08-27 17:06:09,225 [INFO] from com.jpro.internal.server.Initializer$ in application-akka.actor.default-dispatcher-8 - JPro: 2020.1.0-SNAPSHOT
2020-08-27 17:06:09,225 [INFO] from com.jpro.internal.server.Initializer$ in application-akka.actor.default-dispatcher-8 - Java version: 14
2020-08-27 17:06:09,225 [INFO] from com.jpro.internal.server.Initializer$ in application-akka.actor.default-dispatcher-8 - JVM: 14 Oracle Corporation
2020-08-27 17:06:09,235 [INFO] from com.jpro.internal.server.Initializer$ in application-akka.actor.default-dispatcher-8 - redirected OUT / ERR
2020-08-27 17:06:09,236 [INFO] from com.jpro.internal.server.Initializer$ in application-akka.actor.default-dispatcher-8 - installed SLF4JBridge
2020-08-27 17:06:09,247 [INFO] from com.jpro.internal.server.MonocleInitializer$ in application-akka.actor.default-dispatcher-8 - screen: null
2020-08-27 17:06:09,635 [INFO] from com.jpro.internal.server.Initializer$ in application-akka.actor.default-dispatcher-8 - finished init!
2020-08-27 17:06:09,636 [INFO] from com.jpro.internal.server.Initializer$ in JavaFX Application Thread - JavaFX version: 11.0.3.5-jpro-SNAPSHOT+0-2020-08-27-152545
2020-08-27 17:06:09,788 [INFO] from com.jpro.internal.chart.model.ChartJSONImExporter in JavaFX Application Thread - Imported chart data Thu Aug 27 17:06:09 CEST 2020
2020-08-27 17:06:09,790 [INFO] from com.jpro.internal.chart.model.DynamicDataModel in JavaFX Application Thread - Started Monitoring chart data...
2020-08-27 17:06:10,428 [INFO] from controllers.jpro in application-akka.actor.default-dispatcher-4 - application requested: 654240327!default
2020-08-27 17:06:10,436 [INFO] from controllers.jpro in application-akka.actor.default-dispatcher-4 - Creating Application: 654240327!default
2020-08-27 17:06:10,439 [INFO] from controllers.jpro in application-akka.actor.default-dispatcher-4 - remoteAddress 0:0:0:0:0:0:0:1
2020-08-27 17:06:10,439 [INFO] from controllers.jpro in application-akka.actor.default-dispatcher-4 - host          localhost:8080
2020-08-27 17:06:10,439 [INFO] from controllers.jpro in application-akka.actor.default-dispatcher-4 - uri           /app/654240327!default
2020-08-27 17:06:10,617 [INFO] from controllers.jpro in application-akka.actor.default-dispatcher-9 - application requested: 0!default
2020-08-27 17:06:10,617 [INFO] from controllers.jpro in application-akka.actor.default-dispatcher-9 - Creating Application: 0!default
2020-08-27 17:06:10,617 [INFO] from controllers.jpro in application-akka.actor.default-dispatcher-9 - remoteAddress 0:0:0:0:0:0:0:1
2020-08-27 17:06:10,617 [INFO] from controllers.jpro in application-akka.actor.default-dispatcher-9 - host          localhost:8080
2020-08-27 17:06:10,617 [INFO] from controllers.jpro in application-akka.actor.default-dispatcher-9 - uri           /app/0!default
2020-08-27 17:06:10,840 [INFO] from com.jpro.internal.server.ViewSerializerActor in JavaFX Application Thread - appdef: AppByMain(default,com.flexganttfx.covid.CovidApp,None,NamedClassLoader(system),false) clientinfo: ClientInfo(http://localhost:8080/,http://localhost:8080/app/default,1549.0,1204.0,false,de,List(de),,Map(Host -> List(localhost:8080), Cookie -> List(Idea-45b73df=7adfedc7-bb08-4548-82f6-da962eaf6565; Idea-d7aa4878=79e8227e-d40e-428e-a769-81ea8b7e45b3; Idea-d7aa4877=df0a3985-8856-467c-aed2-9855f66d2a91; Idea-d7aa44b6=61b79cfb-775c-435f-b9f2-c30a257c8d0a; Idea-d7aa44b5=0304c245-e088-4881-b2b3-61ca9ae42b01; Idea-d7aa40f6=e11bfbe8-8c7d-4438-aeef-6c9fd65fca7a), Origin -> List(http://localhost:8080), Pragma -> List(no-cache), Upgrade -> List(websocket), Connection -> List(Upgrade), User-Agent -> List(Mozilla/5.0 (Macintosh; Intel Mac OS X 10_15_5) AppleWebKit/605.1.15 (KHTML, like Gecko) Version/13.1.1 Safari/605.1.15), Cache-Control -> List(no-cache), Remote-Address -> List(0:0:0:0:0:0:0:1:57054), Timeout-Access -> List(<function1>), Raw-Request-URI -> List(/app/0!default), Tls-Session-Info -> List(Session(1598540768790|SSL_NULL_WITH_NULL_NULL)), Sec-WebSocket-Key -> List(GZGdoEW8CmpOYybUx9uzgg==), UpgradeToWebSocket -> List(), Sec-WebSocket-Version -> List(13), Sec-WebSocket-Extensions -> List(x-webkit-deflate-frame)))out: Actor[akka://application/system/Materializers/StreamSupervisor-0/$$h-actorRefSource#2044720957]
2020-08-27 17:06:10,893 [INFO] from com.flexganttfx.config in JavaFX Application Thread - FlexGanttFX Version: 11.12.0
2020-08-27 17:06:12,401 [WARN] from com.jpro.JS in JavaFX Application Thread - received msg: Audio not supported on this client!
2020-08-27 17:06:13,509 [INFO] from com.jpro.JS in JavaFX Application Thread - received msg: new MainID: 8533 userid: 1482316269
